ISO-10303-21;
HEADER;
/* Generated by software containing ST-Developer
 * from STEP Tools, Inc. (www.steptools.com) 
 */
/* OPTION: using custom schema-name function */

FILE_DESCRIPTION(
/* description */ (''),
/* implementation_level */ '2;1');

FILE_NAME(
/* name */ '37203-62B3-003 PL step.stp',
/* time_stamp */ '2008-06-12T10:21:19-05:00',
/* author */ (''),
/* organization */ (''),
/* preprocessor_version */ 'ST-DEVELOPER v11',
/* originating_system */ 'UGS - NX 5.0',
/* authorisation */ '');

FILE_SCHEMA (('CONFIG_CONTROL_DESIGN'));
ENDSEC;

DATA;
#10=SHAPE_REPRESENTATION_RELATIONSHIP('None',
'relationship between 37203-62B3-003 PL_3Dnon-parm-None and 37203-62B3-
003 PL_3Dnon-parm-None',#94,#11);
#11=ADVANCED_BREP_SHAPE_REPRESENTATION(
'37203-62B3-003 PL_3Dnon-parm-None',(#95),#12697);
#12=CC_DESIGN_APPROVAL(#24,(#82));
#13=CC_DESIGN_APPROVAL(#25,(#84));
#14=CC_DESIGN_APPROVAL(#26,(#31));
#15=APPROVAL_PERSON_ORGANIZATION(#69,#24,#18);
#16=APPROVAL_PERSON_ORGANIZATION(#70,#25,#19);
#17=APPROVAL_PERSON_ORGANIZATION(#71,#26,#20);
#18=APPROVAL_ROLE('approver');
#19=APPROVAL_ROLE('approver');
#20=APPROVAL_ROLE('approver');
#21=APPROVAL_DATE_TIME(#39,#24);
#22=APPROVAL_DATE_TIME(#40,#25);
#23=APPROVAL_DATE_TIME(#41,#26);
#24=APPROVAL(#27,' ');
#25=APPROVAL(#28,' ');
#26=APPROVAL(#29,' ');
#27=APPROVAL_STATUS('not_yet_approved');
#28=APPROVAL_STATUS('not_yet_approved');
#29=APPROVAL_STATUS('not_yet_approved');
#30=CC_DESIGN_SECURITY_CLASSIFICATION(#31,(#84));
#31=SECURITY_CLASSIFICATION(' ',' ',#32);
#32=SECURITY_CLASSIFICATION_LEVEL('confidential');
#33=CC_DESIGN_DATE_AND_TIME_ASSIGNMENT(#37,#35,(#82));
#34=CC_DESIGN_DATE_AND_TIME_ASSIGNMENT(#38,#36,(#31));
#35=DATE_TIME_ROLE('creation_date');
#36=DATE_TIME_ROLE('classification_date');
#37=DATE_AND_TIME(#52,#42);
#38=DATE_AND_TIME(#53,#43);
#39=DATE_AND_TIME(#54,#44);
#40=DATE_AND_TIME(#55,#45);
#41=DATE_AND_TIME(#56,#46);
#42=LOCAL_TIME(0,0,0.,#47);
#43=LOCAL_TIME(0,0,0.,#48);
#44=LOCAL_TIME(0,0,0.,#49);
#45=LOCAL_TIME(0,0,0.,#50);
#46=LOCAL_TIME(0,0,0.,#51);
#47=COORDINATED_UNIVERSAL_TIME_OFFSET(0,0,.BEHIND.);
#48=COORDINATED_UNIVERSAL_TIME_OFFSET(0,0,.BEHIND.);
#49=COORDINATED_UNIVERSAL_TIME_OFFSET(0,0,.BEHIND.);
#50=COORDINATED_UNIVERSAL_TIME_OFFSET(0,0,.BEHIND.);
#51=COORDINATED_UNIVERSAL_TIME_OFFSET(0,0,.BEHIND.);
#52=CALENDAR_DATE(0,1,1);
#53=CALENDAR_DATE(0,1,1);
#54=CALENDAR_DATE(0,1,1);
#55=CALENDAR_DATE(0,1,1);
#56=CALENDAR_DATE(0,1,1);
#57=CC_DESIGN_PERSON_AND_ORGANIZATION_ASSIGNMENT(#65,#61,(#82,#84));
#58=CC_DESIGN_PERSON_AND_ORGANIZATION_ASSIGNMENT(#66,#62,(#86));
#59=CC_DESIGN_PERSON_AND_ORGANIZATION_ASSIGNMENT(#67,#63,(#84));
#60=CC_DESIGN_PERSON_AND_ORGANIZATION_ASSIGNMENT(#68,#64,(#31));
#61=PERSON_AND_ORGANIZATION_ROLE('creator');
#62=PERSON_AND_ORGANIZATION_ROLE('design_owner');
#63=PERSON_AND_ORGANIZATION_ROLE('design_supplier');
#64=PERSON_AND_ORGANIZATION_ROLE('classification_officer');
#65=PERSON_AND_ORGANIZATION(#79,#72);
#66=PERSON_AND_ORGANIZATION(#79,#73);
#67=PERSON_AND_ORGANIZATION(#79,#74);
#68=PERSON_AND_ORGANIZATION(#79,#75);
#69=PERSON_AND_ORGANIZATION(#79,#76);
#70=PERSON_AND_ORGANIZATION(#79,#77);
#71=PERSON_AND_ORGANIZATION(#79,#78);
#72=ORGANIZATION(' ',' ',' ');
#73=ORGANIZATION(' ',' ',' ');
#74=ORGANIZATION(' ',' ',' ');
#75=ORGANIZATION(' ',' ',' ');
#76=ORGANIZATION(' ',' ',' ');
#77=ORGANIZATION(' ',' ',' ');
#78=ORGANIZATION(' ',' ',' ');
#79=PERSON(' ',' ',' ',(' '),$,$);
#80=SHAPE_DEFINITION_REPRESENTATION(#81,#94);
#81=PRODUCT_DEFINITION_SHAPE('','',#82);
#82=PRODUCT_DEFINITION(' ','',#84,#83);
#83=DESIGN_CONTEXT('',#93,'design');
#84=PRODUCT_DEFINITION_FORMATION_WITH_SPECIFIED_SOURCE(' ',' ',#86,.NOT_KNOWN.);
#85=PRODUCT_RELATED_PRODUCT_CATEGORY('detail','',(#86));
#86=PRODUCT('37203-62B3-003 PL_3Dnon-parm',
'37203-62B3-003 PL_3Dnon-parm',' ',(#91));
#87=PRODUCT_CATEGORY_RELATIONSHIP(' ',' ',#89,#90);
#88=PRODUCT_CATEGORY_RELATIONSHIP('','',#90,#85);
#89=PRODUCT_CATEGORY('part',' ');
#90=PRODUCT_CATEGORY(' ','');
#91=MECHANICAL_CONTEXT(' ',#93,'mechanical');
#92=APPLICATION_PROTOCOL_DEFINITION('international standard',
'config_control_design',1994,#93);
#93=APPLICATION_CONTEXT(
'configuration controlled 3D designs of mechanical parts and assemblies');
#94=SHAPE_REPRESENTATION('37203-62B3-003 PL_3Dnon-parm-None',(#7821),#12697);
#95=BREP_WITH_VOIDS('',#100,(#96,#97,#98,#99));
#96=ORIENTED_CLOSED_SHELL('',*,#101,.F.);
#97=ORIENTED_CLOSED_SHELL('',*,#102,.F.);
#98=ORIENTED_CLOSED_SHELL('',*,#103,.F.);
#99=ORIENTED_CLOSED_SHELL('',*,#104,.F.);
#100=CLOSED_SHELL('',(#194,#195,#196,#197,#198,#199,#200,#201,#202,#203,
#204,#205,#206,#207,#208,#209,#210,#211,#212,#213,#214,#215,#216,#217,#218,
#219,#220,#221,#222,#223,#224,#225,#226,#227,#228,#229,#230,#231,#232,#233,
#234,#235,#236,#237,#238,#239,#240,#241,#242,#243,#244,#245,#246,#247,#248,
#249,#250,#251,#252,#253,#254,#255,#256,#257,#258,#259,#260,#261,#262,#263,
#264,#265,#266,#267,#268,#269,#270,#271,#272,#273,#274,#275,#276,#277,#278,
#279,#280,#281,#282,#283,#284,#285,#286,#287,#288,#289,#290,#291,#292,#293,
#294,#295,#296,#297,#298,#299,#300,#301,#302,#303,#304,#305,#306,#307,#308,
#309,#310,#311,#312,#313,#314,#315,#316,#317,#318,#319,#320,#321,#322,#323,
#324,#325,#326,#327,#328,#329,#330,#331,#332,#333,#334,#335,#336,#337,#338,
#339,#340,#341,#342,#343,#344,#345,#346,#347,#348,#349,#350,#351,#352,#353,
#354,#355,#356,#357,#358,#359,#360,#361,#362,#363,#364,#365,#366,#367,#368,
#369,#370,#371,#372,#373,#374,#375,#376,#377,#378,#379,#380,#381,#382,#383,
#384,#385,#386,#387,#388,#389,#390,#391,#392,#393,#394,#395,#396,#397,#398,
#399,#400,#401,#402,#403,#404,#405,#406,#407,#408,#409,#410,#411,#412,#413,
#414,#415,#416,#417,#418,#419,#420,#421,#422,#423,#424,#425,#426,#427,#428,
#429,#430,#431,#432,#433,#434,#435,#436,#437,#438,#439,#440,#441,#442,#443,
#444,#445,#446,#447,#448,#449,#450,#451,#452,#453,#454,#455,#456,#457,#458,
#459,#460,#461,#462,#463,#464,#465,#466,#467,#468,#469,#470,#471,#472,#473,
#474,#475,#476,#477,#478,#479,#480,#481,#482,#483,#484,#485,#486,#487,#488,
#489,#490,#491,#492,#493,#494,#495,#496,#497,#498,#499,#500,#501,#502,#503,
#504,#505,#506,#507,#508,#509,#510,#511,#512,#513,#514,#515,#516,#517,#518,
#519,#520,#521,#522,#523,#524,#525,#526,#527,#528,#529,#530,#531,#532,#533,
#534,#535,#536,#537,#538,#539,#540,#541,#542,#543,#544,#545,#546,#547,#548,
#549,#550,#551,#552,#553,#554,#555,#556,#557,#558,#559,#560,#561,#562,#563,
#564,#565,#566,#567,#568,#569,#570,#571,#572,#573,#574,#575,#576,#577,#578,
#579,#580,#581,#582));
#101=CLOSED_SHELL('',(#583,#584,#585,#586,#587,#588));
#102=CLOSED_SHELL('',(#589,#590,#591,#592,#593));
#103=CLOSED_SHELL('',(#594,#595,#596,#597,#598));
#104=CLOSED_SHELL('',(#599,#600,#601,#602,#603,#604));
#105=CYLINDRICAL_SURFACE('',#8114,0.5);
#106=CYLINDRICAL_SURFACE('',#8115,0.25);
#107=CYLINDRICAL_SURFACE('',#8118,0.5);
#108=CYLINDRICAL_SURFACE('',#8119,0.25);
#109=CYLINDRICAL_SURFACE('',#8122,0.5);
#110=CYLINDRICAL_SURFACE('',#8123,0.25);
#111=CYLINDRICAL_SURFACE('',#8153,0.5);
#112=CYLINDRICAL_SURFACE('',#8154,0.25);
#113=CYLINDRICAL_SURFACE('',#8157,0.5);
#114=CYLINDRICAL_SURFACE('',#8158,0.25);
#115=CYLINDRICAL_SURFACE('',#8161,0.5);
#116=CYLINDRICAL_SURFACE('',#8162,0.25);
#117=CYLINDRICAL_SURFACE('',#8186,0.5);
#118=CYLINDRICAL_SURFACE('',#8187,0.25);
#119=CYLINDRICAL_SURFACE('',#8190,0.5);
#120=CYLINDRICAL_SURFACE('',#8191,0.25);
#121=CYLINDRICAL_SURFACE('',#8194,0.5);
#122=CYLINDRICAL_SURFACE('',#8195,0.25);
#123=CYLINDRICAL_SURFACE('',#8205,0.05);
#124=CYLINDRICAL_SURFACE('',#8207,0.05);
#125=CYLINDRICAL_SURFACE('',#8211,0.05);
#126=CYLINDRICAL_SURFACE('',#8216,0.05);
#127=CYLINDRICAL_SURFACE('',#8218,0.05);
#128=CYLINDRICAL_SURFACE('',#8220,0.05);
#129=CYLINDRICAL_SURFACE('',#8240,0.05);
#130=CYLINDRICAL_SURFACE('',#8246,0.05);
#131=CYLINDRICAL_SURFACE('',#8260,0.1);
#132=CYLINDRICAL_SURFACE('',#8271,0.1);
#133=CYLINDRICAL_SURFACE('',#8278,0.1);
#134=CYLINDRICAL_SURFACE('',#8283,0.1);
#135=SURFACE_OF_LINEAR_EXTRUSION('',#146,#7354);
#136=SURFACE_OF_LINEAR_EXTRUSION('',#148,#7362);
#137=SURFACE_OF_LINEAR_EXTRUSION('',#150,#7366);
#138=SURFACE_OF_LINEAR_EXTRUSION('',#153,#7397);
#139=SURFACE_OF_LINEAR_EXTRUSION('',#156,#7399);
#140=SURFACE_OF_LINEAR_EXTRUSION('',#158,#7402);
#141=B_SPLINE_CURVE_WITH_KNOTS('',3,(#10602,#10603,#10604,#10605,#10606,
#10607,#10608,#10609,#10610,#10611,#10612,#10613,#10614,#10615,#10616,#10617,
#10618,#10619,#10620,#10621),.UNSPECIFIED.,.F.,.F.,(4,2,1,2,1,1,1,1,1,1,
1,1,1,2,4),(0.,0.0418616386134711,0.106586622737762,0.174611785484653,0.250078927732559,
0.320477771220072,0.39068187341201,0.487168182975017,0.571054822849448,0.666542725405039,
0.741463656790441,0.812636137171499,0.875646247244916,0.97871857875848,1.),
 .UNSPECIFIED.);
#142=B_SPLINE_CURVE_WITH_KNOTS('',3,(#10651,#10652,#10653,#10654,#10655,
#10656,#10657,#10658,#10659,#10660,#10661,#10662,#10663,#10664,#10665,#10666,
#10667,#10668,#10669,#10670),.UNSPECIFIED.,.F.,.F.,(4,1,1,2,1,2,1,1,1,1,
1,1,1,2,4),(0.,0.0583636610478533,0.131963865662327,0.208864741286188,0.279009132130133,
0.351312315253682,0.423123075963598,0.49862704846528,0.562041135045213,0.63499571135503,
0.714170008649161,0.794677549663661,0.866980732787209,0.976277412685857,
1.),.UNSPECIFIED.);
#143=B_SPLINE_CURVE_WITH_KNOTS('',3,(#10674,#10675,#10676,#10677,#10678,
#10679,#10680,#10681,#10682,#10683,#10684,#10685,#10686,#10687,#10688,#10689,
#10690,#10691,#10692,#10693,#10694,#10695,#10696,#10697,#10698,#10699),.UNSPECIFIED.,
 .F.,.F.,(4,2,2,1,2,2,2,2,2,1,2,2,2,4),(0.,0.0831057290030154,0.166211458006031,
0.24829744619345,0.327245221636791,0.397138922040413,0.461381369395972,0.539793899512296,
0.631568824305953,0.725161250782226,0.809773550702209,0.887647156699585,
0.983462991167384,1.),.UNSPECIFIED.);
#144=B_SPLINE_CURVE_WITH_KNOTS('',3,(#10707,#10708,#10709,#10710,#10711,
#10712,#10713,#10714,#10715,#10716,#10717,#10718,#10719,#10720,#10721),.UNSPECIFIED.,
 .F.,.F.,(4,1,1,1,1,2,1,2,1,1,4),(0.,0.0447787887403965,0.154427295011411,
0.272773973709205,0.353824303698016,0.44288925598194,0.557511731886931,0.653282443066924,
0.776251762061234,0.886464017581766,1.),.UNSPECIFIED.);
#145=B_SPLINE_CURVE_WITH_KNOTS('',3,(#11424,#11425,#11426,#11427,#11428,
#11429,#11430,#11431,#11432,#11433,#11434,#11435,#11436,#11437,#11438),.UNSPECIFIED.,
 .F.,.F.,(4,1,1,1,1,2,1,2,1,1,4),(0.,0.0447787887403965,0.154427295011411,
0.272773973709205,0.353824303698016,0.44288925598194,0.557511731886931,0.653282443066924,
0.776251762061234,0.886464017581766,1.),.UNSPECIFIED.);
#146=B_SPLINE_CURVE_WITH_KNOTS('',3,(#11439,#11440,#11441,#11442,#11443,
#11444,#11445,#11446,#11447,#11448,#11449,#11450,#11451,#11452,#11453),.UNSPECIFIED.,
 .F.,.F.,(4,1,1,1,1,2,1,2,1,1,4),(0.,0.0447787887403965,0.154427295011411,
0.272773973709205,0.353824303698016,0.44288925598194,0.557511731886931,0.653282443066924,
0.776251762061234,0.886464017581766,1.),.UNSPECIFIED.);
#147=B_SPLINE_CURVE_WITH_KNOTS('',3,(#11468,#11469,#11470,#11471,#11472,
#11473,#11474,#11475,#11476,#11477,#11478,#11479,#11480,#11481,#11482,#11483,
#11484,#11485,#11486,#11487,#11488,#11489,#11490,#11491,#11492,#11493),.UNSPECIFIED.,
 .F.,.F.,(4,2,2,1,2,2,2,2,2,1,2,2,2,4),(0.,0.0831057290030154,0.166211458006031,
0.24829744619345,0.327245221636791,0.397138922040413,0.461381369395972,0.539793899512296,
0.631568824305953,0.725161250782226,0.809773550702209,0.887647156699585,
0.983462991167384,1.),.UNSPECIFIED.);
#148=B_SPLINE_CURVE_WITH_KNOTS('',3,(#11494,#11495,#11496,#11497,#11498,
#11499,#11500,#11501,#11502,#11503,#11504,#11505,#11506,#11507,#11508,#11509,
#11510,#11511,#11512,#11513,#11514,#11515,#11516,#11517,#11518,#11519),.UNSPECIFIED.,
 .F.,.F.,(4,2,2,1,2,2,2,2,2,1,2,2,2,4),(0.,0.0831057290030154,0.166211458006031,
0.24829744619345,0.327245221636791,0.397138922040413,0.461381369395972,0.539793899512296,
0.631568824305953,0.725161250782226,0.809773550702209,0.887647156699585,
0.983462991167384,1.),.UNSPECIFIED.);
#149=B_SPLINE_CURVE_WITH_KNOTS('',3,(#11526,#11527,#11528,#11529,#11530,
#11531,#11532,#11533,#11534,#11535,#11536,#11537,#11538,#11539,#11540,#11541,
#11542,#11543,#11544,#11545),.UNSPECIFIED.,.F.,.F.,(4,1,1,2,1,2,1,1,1,1,
1,1,1,2,4),(0.,0.0583636610478533,0.131963865662327,0.208864741286188,0.279009132130133,
0.351312315253682,0.423123075963598,0.49862704846528,0.562041135045213,0.63499571135503,
0.714170008649161,0.794677549663661,0.866980732787209,0.976277412685857,
1.),.UNSPECIFIED.);
#150=B_SPLINE_CURVE_WITH_KNOTS('',3,(#11546,#11547,#11548,#11549,#11550,
#11551,#11552,#11553,#11554,#11555,#11556,#11557,#11558,#11559,#11560,#11561,
#11562,#11563,#11564,#11565),.UNSPECIFIED.,.F.,.F.,(4,1,1,2,1,2,1,1,1,1,
1,1,1,2,4),(0.,0.0583636610478533,0.131963865662327,0.208864741286188,0.279009132130133,
0.351312315253682,0.423123075963598,0.49862704846528,0.562041135045213,0.63499571135503,
0.714170008649161,0.794677549663661,0.866980732787209,0.976277412685857,
1.),.UNSPECIFIED.);
#151=B_SPLINE_CURVE_WITH_KNOTS('',3,(#11625,#11626,#11627,#11628,#11629,
#11630,#11631,#11632,#11633,#11634),.UNSPECIFIED.,.F.,.F.,(4,2,2,2,4),(0.,
0.264786803393007,0.524188698998034,0.838934416580078,1.),.UNSPECIFIED.);
#152=B_SPLINE_CURVE_WITH_KNOTS('',3,(#11638,#11639,#11640,#11641,#11642,
#11643,#11644,#11645,#11646,#11647),.UNSPECIFIED.,.F.,.F.,(4,2,2,2,4),(0.,
0.264786803393007,0.524188698998034,0.838934416580078,1.),.UNSPECIFIED.);
#153=B_SPLINE_CURVE_WITH_KNOTS('',3,(#11648,#11649,#11650,#11651,#11652,
#11653,#11654,#11655,#11656,#11657),.UNSPECIFIED.,.F.,.F.,(4,2,2,2,4),(0.,
0.264786803393007,0.524188698998034,0.838934416580078,1.),.UNSPECIFIED.);
#154=B_SPLINE_CURVE_WITH_KNOTS('',3,(#11661,#11662,#11663,#11664,#11665,
#11666,#11667,#11668,#11669),.UNSPECIFIED.,.F.,.F.,(4,2,2,1,4),(0.,0.336022761931177,
0.62971618569726,0.921907331459372,1.),.UNSPECIFIED.);
#155=B_SPLINE_CURVE_WITH_KNOTS('',3,(#11670,#11671,#11672,#11673,#11674,
#11675,#11676,#11677,#11678),.UNSPECIFIED.,.F.,.F.,(4,2,2,1,4),(0.,0.336022761931177,
0.62971618569726,0.921907331459372,1.),.UNSPECIFIED.);
#156=B_SPLINE_CURVE_WITH_KNOTS('',3,(#11679,#11680,#11681,#11682,#11683,
#11684,#11685,#11686,#11687),.UNSPECIFIED.,.F.,.F.,(4,2,2,1,4),(0.,0.336022761931177,
0.62971618569726,0.921907331459372,1.),.UNSPECIFIED.);
#157=B_SPLINE_CURVE_WITH_KNOTS('',3,(#11691,#11692,#11693,#11694,#11695,
#11696,#11697,#11698,#11699,#11700,#11701,#11702,#11703,#11704,#11705,#11706,
#11707,#11708,#11709,#11710),.UNSPECIFIED.,.F.,.F.,(4,2,1,2,1,1,1,1,1,1,
1,1,1,2,4),(0.,0.0418616386134711,0.106586622737762,0.174611785484653,0.250078927732559,
0.320477771220072,0.39068187341201,0.487168182975017,0.571054822849448,0.666542725405039,
0.741463656790441,0.812636137171499,0.875646247244916,0.97871857875848,1.),
 .UNSPECIFIED.);
#158=B_SPLINE_CURVE_WITH_KNOTS('',3,(#11711,#11712,#11713,#11714,#11715,
#11716,#11717,#11718,#11719,#11720,#11721,#11722,#11723,#11724,#11725,#11726,
#11727,#11728,#11729,#11730),.UNSPECIFIED.,.F.,.F.,(4,2,1,2,1,1,1,1,1,1,
1,1,1,2,4),(0.,0.0418616386134711,0.106586622737762,0.174611785484653,0.250078927732559,
0.320477771220072,0.39068187341201,0.487168182975017,0.571054822849448,0.666542725405039,
0.741463656790441,0.812636137171499,0.875646247244916,0.97871857875848,1.),
 .UNSPECIFIED.);
#159=FACE_BOUND('',#1398,.T.);
#160=FACE_BOUND('',#1399,.T.);
#161=FACE_BOUND('',#1400,.T.);
#162=FACE_BOUND('',#1401,.T.);
#163=FACE_BOUND('',#1402,.T.);
#164=FACE_BOUND('',#1403,.T.);
#165=FACE_BOUND('',#1404,.T.);
#166=FACE_BOUND('',#1405,.T.);
#167=FACE_BOUND('',#1406,.T.);
#168=FACE_BOUND('',#1407,.T.);
#169=FACE_BOUND('',#1408,.T.);
#170=FACE_BOUND('',#1409,.T.);
#171=FACE_BOUND('',#1410,.T.);
#172=FACE_BOUND('',#1411,.T.);
#173=FACE_BOUND('',#1412,.T.);
#174=FACE_BOUND('',#1413,.T.);
#175=FACE_BOUND('',#1414,.T.);
#176=FACE_BOUND('',#1415,.T.);
#177=FACE_BOUND('',#1416,.T.);
#178=FACE_BOUND('',#1417,.T.);
#179=FACE_BOUND('',#1426,.T.);
#180=FACE_BOUND('',#1427,.T.);
#181=FACE_BOUND('',#1435,.T.);
#182=FACE_BOUND('',#1436,.T.);
#183=FACE_BOUND('',#1437,.T.);
#184=FACE_BOUND('',#1454,.T.);
#185=FACE_BOUND('',#1455,.T.);
#186=FACE_BOUND('',#1456,.T.);
#187=FACE_BOUND('',#1457,.T.);
#188=FACE_BOUND('',#1570,.T.);
#189=FACE_BOUND('',#1571,.T.);
#190=FACE_BOUND('',#1652,.T.);
#191=FACE_BOUND('',#1653,.T.);
#192=FACE_BOUND('',#1665,.T.);
#193=FACE_BOUND('',#1666,.T.);
#194=ADVANCED_FACE('',(#980),#605,.F.);
#195=ADVANCED_FACE('',(#981),#606,.F.);
#196=ADVANCED_FACE('',(#982),#607,.T.);
#197=ADVANCED_FACE('',(#983),#608,.F.);
#198=ADVANCED_FACE('',(#984),#609,.F.);
#199=ADVANCED_FACE('',(#985),#610,.F.);
#200=ADVANCED_FACE('',(#986),#611,.F.);
#201=ADVANCED_FACE('',(#987),#612,.F.);
#202=ADVANCED_FACE('',(#988),#613,.F.);
#203=ADVANCED_FACE('',(#989),#614,.F.);
#204=ADVANCED_FACE('',(#990),#615,.F.);
#205=ADVANCED_FACE('',(#991),#616,.T.);
#206=ADVANCED_FACE('',(#992),#617,.F.);
#207=ADVANCED_FACE('',(#993),#618,.F.);
#208=ADVANCED_FACE('',(#994),#619,.F.);
#209=ADVANCED_FACE('',(#159,#160,#161,#162,#163,#164,#165,#166,#167,#168,
#169,#170,#171,#172,#173),#620,.T.);
#210=ADVANCED_FACE('',(#174,#175,#176,#177,#178),#621,.F.);
#211=ADVANCED_FACE('',(#995),#622,.F.);
#212=ADVANCED_FACE('',(#996),#623,.F.);
#213=ADVANCED_FACE('',(#997),#624,.F.);
#214=ADVANCED_FACE('',(#998),#625,.F.);
#215=ADVANCED_FACE('',(#999),#626,.F.);
#216=ADVANCED_FACE('',(#1000),#627,.T.);
#217=ADVANCED_FACE('',(#1001),#628,.T.);
#218=ADVANCED_FACE('',(#1002),#629,.T.);
#219=ADVANCED_FACE('',(#179,#180),#630,.T.);
#220=ADVANCED_FACE('',(#1003),#631,.T.);
#221=ADVANCED_FACE('',(#1004),#632,.T.);
#222=ADVANCED_FACE('',(#1005),#633,.F.);
#223=ADVANCED_FACE('',(#1006),#634,.F.);
#224=ADVANCED_FACE('',(#1007),#635,.F.);
#225=ADVANCED_FACE('',(#1008),#636,.F.);
#226=ADVANCED_FACE('',(#1009),#637,.F.);
#227=ADVANCED_FACE('',(#181,#182,#183),#638,.F.);
#228=ADVANCED_FACE('',(#1010),#639,.F.);
#229=ADVANCED_FACE('',(#1011),#640,.F.);
#230=ADVANCED_FACE('',(#1012),#641,.F.);
#231=ADVANCED_FACE('',(#1013),#642,.F.);
#232=ADVANCED_FACE('',(#1014),#643,.F.);
#233=ADVANCED_FACE('',(#1015),#644,.F.);
#234=ADVANCED_FACE('',(#1016),#645,.F.);
#235=ADVANCED_FACE('',(#1017),#646,.F.);
#236=ADVANCED_FACE('',(#1018),#647,.F.);
#237=ADVANCED_FACE('',(#1019),#648,.F.);
#238=ADVANCED_FACE('',(#1020),#649,.F.);
#239=ADVANCED_FACE('',(#1021),#650,.F.);
#240=ADVANCED_FACE('',(#1022),#651,.F.);
#241=ADVANCED_FACE('',(#1023),#652,.T.);
#242=ADVANCED_FACE('',(#1024),#653,.T.);
#243=ADVANCED_FACE('',(#1025),#654,.T.);
#244=ADVANCED_FACE('',(#184,#185,#186,#187),#655,.T.);
#245=ADVANCED_FACE('',(#1026),#656,.T.);
#246=ADVANCED_FACE('',(#1027),#657,.T.);
#247=ADVANCED_FACE('',(#1028),#658,.T.);
#248=ADVANCED_FACE('',(#1029),#659,.T.);
#249=ADVANCED_FACE('',(#1030),#660,.T.);
#250=ADVANCED_FACE('',(#1031),#661,.T.);
#251=ADVANCED_FACE('',(#1032),#662,.T.);
#252=ADVANCED_FACE('',(#1033),#663,.T.);
#253=ADVANCED_FACE('',(#1034),#664,.T.);
#254=ADVANCED_FACE('',(#1035),#665,.T.);
#255=ADVANCED_FACE('',(#1036),#666,.T.);
#256=ADVANCED_FACE('',(#1037),#667,.T.);
#257=ADVANCED_FACE('',(#1038),#668,.T.);
#258=ADVANCED_FACE('',(#1039),#669,.F.);
#259=ADVANCED_FACE('',(#1040),#670,.F.);
#260=ADVANCED_FACE('',(#1041),#671,.F.);
#261=ADVANCED_FACE('',(#1042),#672,.F.);
#262=ADVANCED_FACE('',(#1043),#673,.T.);
#263=ADVANCED_FACE('',(#1044),#674,.T.);
#264=ADVANCED_FACE('',(#1045),#675,.T.);
#265=ADVANCED_FACE('',(#1046),#676,.T.);
#266=ADVANCED_FACE('',(#1047),#677,.T.);
#267=ADVANCED_FACE('',(#1048),#678,.F.);
#268=ADVANCED_FACE('',(#1049),#679,.F.);
#269=ADVANCED_FACE('',(#1050),#680,.F.);
#270=ADVANCED_FACE('',(#1051),#681,.F.);
#271=ADVANCED_FACE('',(#1052),#682,.T.);
#272=ADVANCED_FACE('',(#1053),#683,.F.);
#273=ADVANCED_FACE('',(#1054),#684,.F.);
#274=ADVANCED_FACE('',(#1055),#685,.F.);
#275=ADVANCED_FACE('',(#1056),#686,.F.);
#276=ADVANCED_FACE('',(#1057),#687,.F.);
#277=ADVANCED_FACE('',(#1058),#688,.F.);
#278=ADVANCED_FACE('',(#1059),#689,.F.);
#279=ADVANCED_FACE('',(#1060),#690,.F.);
#280=ADVANCED_FACE('',(#1061),#691,.F.);
#281=ADVANCED_FACE('',(#1062),#692,.F.);
#282=ADVANCED_FACE('',(#1063),#693,.T.);
#283=ADVANCED_FACE('',(#1064),#694,.T.);
#284=ADVANCED_FACE('',(#1065),#695,.T.);
#285=ADVANCED_FACE('',(#1066),#696,.T.);
#286=ADVANCED_FACE('',(#1067),#697,.T.);
#287=ADVANCED_FACE('',(#1068),#698,.T.);
#288=ADVANCED_FACE('',(#1069),#699,.T.);
#289=ADVANCED_FACE('',(#1070),#700,.T.);
#290=ADVANCED_FACE('',(#1071),#701,.T.);
#291=ADVANCED_FACE('',(#1072),#702,.T.);
#292=ADVANCED_FACE('',(#1073),#703,.T.);
#293=ADVANCED_FACE('',(#1074),#704,.T.);
#294=ADVANCED_FACE('',(#1075),#705,.F.);
#295=ADVANCED_FACE('',(#1076),#706,.F.);
#296=ADVANCED_FACE('',(#1077),#707,.F.);
#297=ADVANCED_FACE('',(#1078),#708,.F.);
#298=ADVANCED_FACE('',(#1079),#709,.F.);
#299=ADVANCED_FACE('',(#1080),#710,.F.);
#300=ADVANCED_FACE('',(#1081),#711,.F.);
#301=ADVANCED_FACE('',(#1082),#712,.F.);
#302=ADVANCED_FACE('',(#1083),#713,.F.);
#303=ADVANCED_FACE('',(#1084),#714,.F.);
#304=ADVANCED_FACE('',(#1085),#715,.T.);
#305=ADVANCED_FACE('',(#1086),#716,.T.);
#306=ADVANCED_FACE('',(#1087),#717,.T.);
#307=ADVANCED_FACE('',(#1088),#718,.T.);
#308=ADVANCED_FACE('',(#1089),#719,.F.);
#309=ADVANCED_FACE('',(#1090),#720,.F.);
#310=ADVANCED_FACE('',(#1091),#721,.F.);
#311=ADVANCED_FACE('',(#1092),#722,.F.);
#312=ADVANCED_FACE('',(#1093),#723,.F.);
#313=ADVANCED_FACE('',(#1094),#724,.F.);
#314=ADVANCED_FACE('',(#1095),#725,.F.);
#315=ADVANCED_FACE('',(#1096),#726,.F.);
#316=ADVANCED_FACE('',(#1097),#727,.F.);
#317=ADVANCED_FACE('',(#1098),#728,.F.);
#318=ADVANCED_FACE('',(#1099),#729,.T.);
#319=ADVANCED_FACE('',(#1100),#730,.T.);
#320=ADVANCED_FACE('',(#1101),#731,.T.);
#321=ADVANCED_FACE('',(#1102),#732,.T.);
#322=ADVANCED_FACE('',(#1103),#733,.T.);
#323=ADVANCED_FACE('',(#1104),#734,.T.);
#324=ADVANCED_FACE('',(#1105),#735,.T.);
#325=ADVANCED_FACE('',(#1106),#736,.T.);
#326=ADVANCED_FACE('',(#1107),#737,.T.);
#327=ADVANCED_FACE('',(#1108),#738,.T.);
#328=ADVANCED_FACE('',(#1109),#739,.T.);
#329=ADVANCED_FACE('',(#1110),#740,.T.);
#330=ADVANCED_FACE('',(#1111),#741,.T.);
#331=ADVANCED_FACE('',(#1112),#742,.F.);
#332=ADVANCED_FACE('',(#1113),#135,.F.);
#333=ADVANCED_FACE('',(#1114),#743,.T.);
#334=ADVANCED_FACE('',(#1115),#744,.T.);
#335=ADVANCED_FACE('',(#1116),#745,.F.);
#336=ADVANCED_FACE('',(#1117),#136,.T.);
#337=ADVANCED_FACE('',(#1118),#746,.T.);
#338=ADVANCED_FACE('',(#1119),#137,.F.);
#339=ADVANCED_FACE('',(#1120),#747,.T.);
#340=ADVANCED_FACE('',(#1121),#748,.F.);
#341=ADVANCED_FACE('',(#1122),#749,.F.);
#342=ADVANCED_FACE('',(#1123),#750,.F.);
#343=ADVANCED_FACE('',(#1124),#751,.F.);
#344=ADVANCED_FACE('',(#1125),#752,.F.);
#345=ADVANCED_FACE('',(#1126),#753,.T.);
#346=ADVANCED_FACE('',(#1127),#754,.T.);
#347=ADVANCED_FACE('',(#1128),#755,.F.);
#348=ADVANCED_FACE('',(#1129),#756,.F.);
#349=ADVANCED_FACE('',(#1130),#757,.T.);
#350=ADVANCED_FACE('',(#1131),#758,.T.);
#351=ADVANCED_FACE('',(#1132),#759,.T.);
#352=ADVANCED_FACE('',(#1133),#760,.F.);
#353=ADVANCED_FACE('',(#1134),#138,.T.);
#354=ADVANCED_FACE('',(#1135),#139,.F.);
#355=ADVANCED_FACE('',(#1136),#761,.F.);
#356=ADVANCED_FACE('',(#1137),#140,.T.);
#357=ADVANCED_FACE('',(#188,#189),#762,.T.);
#358=ADVANCED_FACE('',(#1138),#763,.F.);
#359=ADVANCED_FACE('',(#1139),#764,.T.);
#360=ADVANCED_FACE('',(#1140),#765,.T.);
#361=ADVANCED_FACE('',(#1141),#766,.F.);
#362=ADVANCED_FACE('',(#1142),#767,.F.);
#363=ADVANCED_FACE('',(#1143),#768,.F.);
#364=ADVANCED_FACE('',(#1144),#769,.F.);
#365=ADVANCED_FACE('',(#1145),#770,.F.);
#366=ADVANCED_FACE('',(#1146),#771,.F.);
#367=ADVANCED_FACE('',(#1147),#772,.F.);
#368=ADVANCED_FACE('',(#1148),#773,.F.);
#369=ADVANCED_FACE('',(#1149),#774,.F.);
#370=ADVANCED_FACE('',(#1150),#775,.T.);
#371=ADVANCED_FACE('',(#1151),#776,.F.);
#372=ADVANCED_FACE('',(#1152),#777,.F.);
#373=ADVANCED_FACE('',(#1153),#778,.T.);
#374=ADVANCED_FACE('',(#1154),#779,.T.);
#375=ADVANCED_FACE('',(#1155),#780,.T.);
#376=ADVANCED_FACE('',(#1156),#781,.T.);
#377=ADVANCED_FACE('',(#1157),#782,.T.);
#378=ADVANCED_FACE('',(#1158),#783,.T.);
#379=ADVANCED_FACE('',(#1159),#784,.T.);
#380=ADVANCED_FACE('',(#1160),#785,.T.);
#381=ADVANCED_FACE('',(#1161),#786,.T.);
#382=ADVANCED_FACE('',(#1162),#787,.F.);
#383=ADVANCED_FACE('',(#1163),#788,.F.);
#384=ADVANCED_FACE('',(#1164),#789,.F.);
#385=ADVANCED_FACE('',(#1165),#790,.F.);
#386=ADVANCED_FACE('',(#1166),#791,.F.);
#387=ADVANCED_FACE('',(#1167),#792,.F.);
#388=ADVANCED_FACE('',(#1168),#793,.T.);
#389=ADVANCED_FACE('',(#1169),#794,.T.);
#390=ADVANCED_FACE('',(#1170),#795,.T.);
#391=ADVANCED_FACE('',(#1171),#796,.T.);
#392=ADVANCED_FACE('',(#1172),#797,.T.);
#393=ADVANCED_FACE('',(#1173),#798,.T.);
#394=ADVANCED_FACE('',(#1174),#799,.T.);
#395=ADVANCED_FACE('',(#1175),#800,.T.);
#396=ADVANCED_FACE('',(#1176),#801,.T.);
#397=ADVANCED_FACE('',(#1177),#802,.F.);
#398=ADVANCED_FACE('',(#1178),#803,.F.);
#399=ADVANCED_FACE('',(#1179),#804,.F.);
#400=ADVANCED_FACE('',(#1180),#805,.F.);
#401=ADVANCED_FACE('',(#1181),#806,.F.);
#402=ADVANCED_FACE('',(#1182),#807,.F.);
#403=ADVANCED_FACE('',(#1183),#808,.T.);
#404=ADVANCED_FACE('',(#1184),#809,.F.);
#405=ADVANCED_FACE('',(#1185),#810,.F.);
#406=ADVANCED_FACE('',(#1186),#811,.F.);
#407=ADVANCED_FACE('',(#1187),#812,.F.);
#408=ADVANCED_FACE('',(#1188),#813,.F.);
#409=ADVANCED_FACE('',(#1189),#814,.F.);
#410=ADVANCED_FACE('',(#1190),#815,.F.);
#411=ADVANCED_FACE('',(#1191),#816,.T.);
#412=ADVANCED_FACE('',(#1192),#817,.T.);
#413=ADVANCED_FACE('',(#1193),#818,.F.);
#414=ADVANCED_FACE('',(#1194),#819,.T.);
#415=ADVANCED_FACE('',(#1195),#820,.T.);
#416=ADVANCED_FACE('',(#1196),#821,.T.);
#417=ADVANCED_FACE('',(#1197),#822,.T.);
#418=ADVANCED_FACE('',(#1198),#823,.F.);
#419=ADVANCED_FACE('',(#1199),#824,.F.);
#420=ADVANCED_FACE('',(#1200),#825,.F.);
#421=ADVANCED_FACE('',(#1201),#826,.T.);
#422=ADVANCED_FACE('',(#1202),#827,.T.);
#423=ADVANCED_FACE('',(#1203),#828,.T.);
#424=ADVANCED_FACE('',(#1204),#829,.T.);
#425=ADVANCED_FACE('',(#1205),#830,.T.);
#426=ADVANCED_FACE('',(#1206),#831,.T.);
#427=ADVANCED_FACE('',(#1207),#832,.T.);
#428=ADVANCED_FACE('',(#1208),#833,.T.);
#429=ADVANCED_FACE('',(#1209),#834,.T.);
#430=ADVANCED_FACE('',(#1210),#835,.F.);
#431=ADVANCED_FACE('',(#1211),#836,.F.);
#432=ADVANCED_FACE('',(#1212),#837,.F.);
#433=ADVANCED_FACE('',(#1213),#838,.F.);
#434=ADVANCED_FACE('',(#1214),#839,.F.);
#435=ADVANCED_FACE('',(#1215),#840,.F.);
#436=ADVANCED_FACE('',(#1216),#841,.F.);
#437=ADVANCED_FACE('',(#1217),#842,.F.);
#438=ADVANCED_FACE('',(#190,#191),#843,.F.);
#439=ADVANCED_FACE('',(#1218),#844,.T.);
#440=ADVANCED_FACE('',(#1219),#845,.F.);
#441=ADVANCED_FACE('',(#1220),#846,.F.);
#442=ADVANCED_FACE('',(#1221),#847,.F.);
#443=ADVANCED_FACE('',(#1222),#848,.T.);
#444=ADVANCED_FACE('',(#1223),#849,.F.);
#445=ADVANCED_FACE('',(#1224),#850,.T.);
#446=ADVANCED_FACE('',(#1225),#851,.T.);
#447=ADVANCED_FACE('',(#1226),#852,.T.);
#448=ADVANCED_FACE('',(#1227),#853,.T.);
#449=ADVANCED_FACE('',(#1228),#854,.F.);
#450=ADVANCED_FACE('',(#192,#193),#855,.F.);
#451=ADVANCED_FACE('',(#1229),#856,.T.);
#452=ADVANCED_FACE('',(#1230),#857,.F.);
#453=ADVANCED_FACE('',(#1231),#858,.F.);
#454=ADVANCED_FACE('',(#1232),#859,.F.);
#455=ADVANCED_FACE('',(#1233),#860,.T.);
#456=ADVANCED_FACE('',(#1234),#861,.T.);
#457=ADVANCED_FACE('',(#1235),#862,.T.);
#458=ADVANCED_FACE('',(#1236),#863,.T.);
#459=ADVANCED_FACE('',(#1237),#864,.F.);
#460=ADVANCED_FACE('',(#1238),#865,.F.);
#461=ADVANCED_FACE('',(#1239),#866,.F.);
#462=ADVANCED_FACE('',(#1240),#867,.F.);
#463=ADVANCED_FACE('',(#1241),#868,.T.);
#464=ADVANCED_FACE('',(#1242),#869,.T.);
#465=ADVANCED_FACE('',(#1243),#870,.T.);
#466=ADVANCED_FACE('',(#1244),#871,.T.);
#467=ADVANCED_FACE('',(#1245),#872,.T.);
#468=ADVANCED_FACE('',(#1246),#105,.T.);
#469=ADVANCED_FACE('',(#1247),#106,.F.);
#470=ADVANCED_FACE('',(#1248),#873,.T.);
#471=ADVANCED_FACE('',(#1249),#874,.T.);
#472=ADVANCED_FACE('',(#1250),#107,.T.);
#473=ADVANCED_FACE('',(#1251),#108,.F.);
#474=ADVANCED_FACE('',(#1252),#875,.T.);
#475=ADVANCED_FACE('',(#1253),#876,.T.);
#476=ADVANCED_FACE('',(#1254),#109,.T.);
#477=ADVANCED_FACE('',(#1255),#110,.F.);
#478=ADVANCED_FACE('',(#1256),#877,.T.);
#479=ADVANCED_FACE('',(#1257),#878,.T.);
#480=ADVANCED_FACE('',(#1258),#879,.T.);
#481=ADVANCED_FACE('',(#1259),#880,.F.);
#482=ADVANCED_FACE('',(#1260),#881,.F.);
#483=ADVANCED_FACE('',(#1261),#882,.F.);
#484=ADVANCED_FACE('',(#1262),#883,.F.);
#485=ADVANCED_FACE('',(#1263),#884,.T.);
#486=ADVANCED_FACE('',(#1264),#885,.F.);
#487=ADVANCED_FACE('',(#1265),#886,.T.);
#488=ADVANCED_FACE('',(#1266),#887,.T.);
#489=ADVANCED_FACE('',(#1267),#888,.F.);
#490=ADVANCED_FACE('',(#1268),#889,.T.);
#491=ADVANCED_FACE('',(#1269),#890,.T.);
#492=ADVANCED_FACE('',(#1270),#891,.T.);
#493=ADVANCED_FACE('',(#1271),#892,.T.);
#494=ADVANCED_FACE('',(#1272),#893,.T.);
#495=ADVANCED_FACE('',(#1273),#111,.T.);
#496=ADVANCED_FACE('',(#1274),#112,.F.);
#497=ADVANCED_FACE('',(#1275),#894,.T.);
#498=ADVANCED_FACE('',(#1276),#895,.T.);
#499=ADVANCED_FACE('',(#1277),#113,.T.);
#500=ADVANCED_FACE('',(#1278),#114,.F.);
#501=ADVANCED_FACE('',(#1279),#896,.T.);
#502=ADVANCED_FACE('',(#1280),#897,.T.);
#503=ADVANCED_FACE('',(#1281),#115,.T.);
#504=ADVANCED_FACE('',(#1282),#116,.F.);
#505=ADVANCED_FACE('',(#1283),#898,.T.);
#506=ADVANCED_FACE('',(#1284),#899,.T.);
#507=ADVANCED_FACE('',(#1285),#900,.T.);
#508=ADVANCED_FACE('',(#1286),#901,.F.);
#509=ADVANCED_FACE('',(#1287),#902,.F.);
#510=ADVANCED_FACE('',(#1288),#903,.F.);
#511=ADVANCED_FACE('',(#1289),#904,.F.);
#512=ADVANCED_FACE('',(#1290),#905,.T.);
#513=ADVANCED_FACE('',(#1291),#906,.T.);
#514=ADVANCED_FACE('',(#1292),#907,.T.);
#515=ADVANCED_FACE('',(#1293),#908,.T.);
#516=ADVANCED_FACE('',(#1294),#117,.T.);
#517=ADVANCED_FACE('',(#1295),#118,.F.);
#518=ADVANCED_FACE('',(#1296),#909,.T.);
#519=ADVANCED_FACE('',(#1297),#910,.T.);
#520=ADVANCED_FACE('',(#1298),#119,.T.);
#521=ADVANCED_FACE('',(#1299),#120,.F.);
#522=ADVANCED_FACE('',(#1300),#911,.T.);
#523=ADVANCED_FACE('',(#1301),#912,.T.);
#524=ADVANCED_FACE('',(#1302),#121,.T.);
#525=ADVANCED_FACE('',(#1303),#122,.F.);
#526=ADVANCED_FACE('',(#1304),#913,.T.);
#527=ADVANCED_FACE('',(#1305),#914,.T.);
#528=ADVANCED_FACE('',(#1306),#915,.T.);
#529=ADVANCED_FACE('',(#1307),#916,.F.);
#530=ADVANCED_FACE('',(#1308),#917,.F.);
#531=ADVANCED_FACE('',(#1309),#918,.F.);
#532=ADVANCED_FACE('',(#1310),#919,.F.);
#533=ADVANCED_FACE('',(#1311),#920,.T.);
#534=ADVANCED_FACE('',(#1312),#921,.T.);
#535=ADVANCED_FACE('',(#1313),#123,.F.);
#536=ADVANCED_FACE('',(#1314),#922,.F.);
#537=ADVANCED_FACE('',(#1315),#124,.F.);
#538=ADVANCED_FACE('',(#1316),#923,.T.);
#539=ADVANCED_FACE('',(#1317),#924,.F.);
#540=ADVANCED_FACE('',(#1318),#125,.T.);
#541=ADVANCED_FACE('',(#1319),#925,.T.);
#542=ADVANCED_FACE('',(#1320),#926,.T.);
#543=ADVANCED_FACE('',(#1321),#927,.T.);
#544=ADVANCED_FACE('',(#1322),#126,.T.);
#545=ADVANCED_FACE('',(#1323),#928,.F.);
#546=ADVANCED_FACE('',(#1324),#127,.F.);
#547=ADVANCED_FACE('',(#1325),#929,.F.);
#548=ADVANCED_FACE('',(#1326),#128,.F.);
#549=ADVANCED_FACE('',(#1327),#930,.F.);
#550=ADVANCED_FACE('',(#1328),#931,.F.);
#551=ADVANCED_FACE('',(#1329),#932,.F.);
#552=ADVANCED_FACE('',(#1330),#933,.T.);
#553=ADVANCED_FACE('',(#1331),#934,.T.);
#554=ADVANCED_FACE('',(#1332),#935,.F.);
#555=ADVANCED_FACE('',(#1333),#936,.F.);
#556=ADVANCED_FACE('',(#1334),#937,.F.);
#557=ADVANCED_FACE('',(#1335),#938,.F.);
#558=ADVANCED_FACE('',(#1336),#939,.T.);
#559=ADVANCED_FACE('',(#1337),#940,.T.);
#560=ADVANCED_FACE('',(#1338),#941,.T.);
#561=ADVANCED_FACE('',(#1339),#942,.T.);
#562=ADVANCED_FACE('',(#1340),#943,.T.);
#563=ADVANCED_FACE('',(#1341),#944,.T.);
#564=ADVANCED_FACE('',(#1342),#945,.F.);
#565=ADVANCED_FACE('',(#1343),#946,.T.);
#566=ADVANCED_FACE('',(#1344),#947,.T.);
#567=ADVANCED_FACE('',(#1345),#129,.T.);
#568=ADVANCED_FACE('',(#1346),#948,.T.);
#569=ADVANCED_FACE('',(#1347),#949,.T.);
#570=ADVANCED_FACE('',(#1348),#950,.F.);
#571=ADVANCED_FACE('',(#1349),#951,.T.);
#572=ADVANCED_FACE('',(#1350),#130,.T.);
#573=ADVANCED_FACE('',(#1351),#952,.T.);
#574=ADVANCED_FACE('',(#1352),#953,.T.);
#575=ADVANCED_FACE('',(#1353),#954,.T.);
#576=ADVANCED_FACE('',(#1354),#955,.T.);
#577=ADVANCED_FACE('',(#1355),#956,.T.);
#578=ADVANCED_FACE('',(#1356),#957,.T.);
#579=ADVANCED_FACE('',(#1357),#958,.F.);
#580=ADVANCED_FACE('',(#1358),#959,.F.);
#581=ADVANCED_FACE('',(#1359),#960,.F.);
#582=ADVANCED_FACE('',(#1360),#961,.F.);
#583=ADVANCED_FACE('',(#1361),#962,.F.);
#584=ADVANCED_FACE('',(#1362),#131,.T.);
#585=ADVANCED_FACE('',(#1363),#963,.F.);
#586=ADVANCED_FACE('',(#1364),#964,.T.);
#587=ADVANCED_FACE('',(#1365),#965,.T.);
#588=ADVANCED_FACE('',(#1366),#966,.T.);
#589=ADVANCED_FACE('',(#1367),#967,.T.);
#590=ADVANCED_FACE('',(#1368),#968,.T.);
#591=ADVANCED_FACE('',(#1369),#969,.T.);
#592=ADVANCED_FACE('',(#1370),#970,.T.);
#593=ADVANCED_FACE('',(#1371),#132,.F.);
#594=ADVANCED_FACE('',(#1372),#971,.T.);
#595=ADVANCED_FACE('',(#1373),#972,.T.);
#596=ADVANCED_FACE('',(#1374),#973,.T.);
#597=ADVANCED_FACE('',(#1375),#974,.T.);
#598=ADVANCED_FACE('',(#1376),#133,.F.);
#599=ADVANCED_FACE('',(#1377),#975,.F.);
#600=ADVANCED_FACE('',(#1378),#976,.F.);
#601=ADVANCED_FACE('',(#1379),#134,.T.);
#602=ADVANCED_FACE('',(#1380),#977,.T.);
#603=ADVANCED_FACE('',(#1381),#978,.T.);
#604=ADVANCED_FACE('',(#1382),#979,.T.);
#605=PLANE('',#7824);
#606=PLANE('',#7825);
#607=PLANE('',#7826);
#608=PLANE('',#7827);
#609=PLANE('',#7830);
#610=PLANE('',#7833);
#611=PLANE('',#7834);
#612=PLANE('',#7835);
#613=PLANE('',#7836);
#614=PLANE('',#7837);
#615=PLANE('',#7838);
#616=PLANE('',#7839);
#617=PLANE('',#7840);
#618=PLANE('',#7841);
#619=PLANE('',#7842);
#620=PLANE('',#7843);
#621=PLANE('',#7844);
#622=PLANE('',#7845);
#623=PLANE('',#7846);
#624=PLANE('',#7847);
#625=PLANE('',#7848);
#626=PLANE('',#7849);
#627=PLANE('',#7850);
#628=PLANE('',#7851);
#629=PLANE('',#7852);
#630=PLANE('',#7853);
#631=PLANE('',#7854);
#632=PLANE('',#7855);
#633=PLANE('',#7856);
#634=PLANE('',#7857);
#635=PLANE('',#7858);
#636=PLANE('',#7859);
#637=PLANE('',#7860);
#638=PLANE('',#7861);
#639=PLANE('',#7862);
#640=PLANE('',#7863);
#641=PLANE('',#7864);
#642=PLANE('',#7865);
#643=PLANE('',#7866);
#644=PLANE('',#7867);
#645=PLANE('',#7868);
#646=PLANE('',#7869);
#647=PLANE('',#7870);
#648=PLANE('',#7871);
#649=PLANE('',#7872);
#650=PLANE('',#7873);
#651=PLANE('',#7874);
#652=PLANE('',#7875);
#653=PLANE('',#7876);
#654=PLANE('',#7877);
#655=PLANE('',#7878);
#656=PLANE('',#7879);
#657=PLANE('',#7880);
#658=PLANE('',#7881);
#659=PLANE('',#7882);
#660=PLANE('',#7883);
#661=PLANE('',#7884);
#662=PLANE('',#7885);
#663=PLANE('',#7886);
#664=PLANE('',#7887);
#665=PLANE('',#7888);
#666=PLANE('',#7889);
#667=PLANE('',#7890);
#668=PLANE('',#7891);
#669=PLANE('',#7892);
#670=PLANE('',#7899);
#671=PLANE('',#7900);
#672=PLANE('',#7901);
#673=PLANE('',#7902);
#674=PLANE('',#7903);
#675=PLANE('',#7904);
#676=PLANE('',#7905);
#677=PLANE('',#7906);
#678=PLANE('',#7907);
#679=PLANE('',#7908);
#680=PLANE('',#7909);
#681=PLANE('',#7910);
#682=PLANE('',#7911);
#683=PLANE('',#7912);
#684=PLANE('',#7913);
#685=PLANE('',#7914);
#686=PLANE('',#7915);
#687=PLANE('',#7916);
#688=PLANE('',#7917);
#689=PLANE('',#7918);
#690=PLANE('',#7919);
#691=PLANE('',#7920);
#692=PLANE('',#7921);
#693=PLANE('',#7922);
#694=PLANE('',#7923);
#695=PLANE('',#7924);
#696=PLANE('',#7925);
#697=PLANE('',#7926);
#698=PLANE('',#7927);
#699=PLANE('',#7928);
#700=PLANE('',#7929);
#701=PLANE('',#7930);
#702=PLANE('',#7931);
#703=PLANE('',#7932);
#704=PLANE('',#7933);
#705=PLANE('',#7934);
#706=PLANE('',#7935);
#707=PLANE('',#7936);
#708=PLANE('',#7937);
#709=PLANE('',#7938);
#710=PLANE('',#7939);
#711=PLANE('',#7940);
#712=PLANE('',#7941);
#713=PLANE('',#7942);
#714=PLANE('',#7943);
#715=PLANE('',#7944);
#716=PLANE('',#7945);
#717=PLANE('',#7946);
#718=PLANE('',#7947);
#719=PLANE('',#7948);
#720=PLANE('',#7949);
#721=PLANE('',#7950);
#722=PLANE('',#7951);
#723=PLANE('',#7952);
#724=PLANE('',#7953);
#725=PLANE('',#7954);
#726=PLANE('',#7955);
#727=PLANE('',#7956);
#728=PLANE('',#7957);
#729=PLANE('',#7958);
#730=PLANE('',#7959);
#731=PLANE('',#7960);
#732=PLANE('',#7961);
#733=PLANE('',#7962);
#734=PLANE('',#7963);
#735=PLANE('',#7964);
#736=PLANE('',#7965);
#737=PLANE('',#7966);
#738=PLANE('',#7967);
#739=PLANE('',#7968);
#740=PLANE('',#7969);
#741=PLANE('',#7970);
#742=PLANE('',#7971);
#743=PLANE('',#7972);
#744=PLANE('',#7973);
#745=PLANE('',#7974);
#746=PLANE('',#7975);
#747=PLANE('',#7976);
#748=PLANE('',#7977);
#749=PLANE('',#7978);
#750=PLANE('',#7979);
#751=PLANE('',#7980);
#752=PLANE('',#7981);
#753=PLANE('',#7982);
#754=PLANE('',#7983);
#755=PLANE('',#7984);
#756=PLANE('',#7985);
#757=PLANE('',#7986);
#758=PLANE('',#7987);
#759=PLANE('',#7988);
#760=PLANE('',#7989);
#761=PLANE('',#7990);
#762=PLANE('',#7991);
#763=PLANE('',#7992);
#764=PLANE('',#7993);
#765=PLANE('',#7994);
#766=PLANE('',#7995);
#767=PLANE('',#7996);
#768=PLANE('',#7997);
#769=PLANE('',#7998);
#770=PLANE('',#7999);
#771=PLANE('',#8000);
#772=PLANE('',#8001);
#773=PLANE('',#8002);
#774=PLANE('',#8003);
#775=PLANE('',#8004);
#776=PLANE('',#8005);
#777=PLANE('',#8006);
#778=PLANE('',#8007);
#779=PLANE('',#8008);
#780=PLANE('',#8009);
#781=PLANE('',#8010);
#782=PLANE('',#8011);
#783=PLANE('',#8012);
#784=PLANE('',#8013);
#785=PLANE('',#8014);
#786=PLANE('',#8015);
#787=PLANE('',#8016);
#788=PLANE('',#8017);
#789=PLANE('',#8018);
#790=PLANE('',#8019);
#791=PLANE('',#8020);
#792=PLANE('',#8021);
#793=PLANE('',#8022);
#794=PLANE('',#8023);
#795=PLANE('',#8024);
#796=PLANE('',#8025);
#797=PLANE('',#8026);
#798=PLANE('',#8027);
#799=PLANE('',#8028);
#800=PLANE('',#8029);
#801=PLANE('',#8030);
#802=PLANE('',#8031);
#803=PLANE('',#8032);
#804=PLANE('',#8033);
#805=PLANE('',#8034);
#806=PLANE('',#8035);
#807=PLANE('',#8036);
#808=PLANE('',#8037);
#809=PLANE('',#8038);
#810=PLANE('',#8039);
#811=PLANE('',#8040);
#812=PLANE('',#8041);
#813=PLANE('',#8042);
#814=PLANE('',#8043);
#815=PLANE('',#8044);
#816=PLANE('',#8045);
#817=PLANE('',#8046);
#818=PLANE('',#8047);
#819=PLANE('',#8048);
#820=PLANE('',#8049);
#821=PLANE('',#8050);
#822=PLANE('',#8051);
#823=PLANE('',#8052);
#824=PLANE('',#8053);
#825=PLANE('',#8054);
#826=PLANE('',#8055);
#827=PLANE('',#8056);
#828=PLANE('',#8057);
#829=PLANE('',#8058);
#830=PLANE('',#8059);
#831=PLANE('',#8060);
#832=PLANE('',#8061);
#833=PLANE('',#8062);
#834=PLANE('',#8063);
#835=PLANE('',#8064);
#836=PLANE('',#8065);
#837=PLANE('',#8066);
#838=PLANE('',#8067);
#839=PLANE('',#8068);
#840=PLANE('',#8069);
#841=PLANE('',#8070);
#842=PLANE('',#8071);
#843=PLANE('',#8072);
#844=PLANE('',#8073);
#845=PLANE('',#8074);
#846=PLANE('',#8075);
#847=PLANE('',#8076);
#848=PLANE('',#8077);
#849=PLANE('',#8078);
#850=PLANE('',#8079);
#851=PLANE('',#8080);
#852=PLANE('',#8081);
#853=PLANE('',#8082);
#854=PLANE('',#8083);
#855=PLANE('',#8084);
#856=PLANE('',#8085);
#857=PLANE('',#8086);
#858=PLANE('',#8087);
#859=PLANE('',#8088);
#860=PLANE('',#8089);
#861=PLANE('',#8090);
#862=PLANE('',#8091);
#863=PLANE('',#8092);
#864=PLANE('',#8093);
#865=PLANE('',#8094);
#866=PLANE('',#8095);
#867=PLANE('',#8096);
#868=PLANE('',#8097);
#869=PLANE('',#8098);
#870=PLANE('',#8099);
#871=PLANE('',#8106);
#872=PLANE('',#8113);
#873=PLANE('',#8116);
#874=PLANE('',#8117);
#875=PLANE('',#8120);
#876=PLANE('',#8121);
#877=PLANE('',#8124);
#878=PLANE('',#8125);
#879=PLANE('',#8126);
#880=PLANE('',#8127);
#881=PLANE('',#8128);
#882=PLANE('',#8129);
#883=PLANE('',#8130);
#884=PLANE('',#8131);
#885=PLANE('',#8132);
#886=PLANE('',#8133);
#887=PLANE('',#8134);
#888=PLANE('',#8135);
#889=PLANE('',#8136);
#890=PLANE('',#8137);
#891=PLANE('',#8138);
#892=PLANE('',#8145);
#893=PLANE('',#8152);
#894=PLANE('',#8155);
#895=PLANE('',#8156);
#896=PLANE('',#8159);
#897=PLANE('',#8160);
#898=PLANE('',#8163);
#899=PLANE('',#8164);
#900=PLANE('',#8165);
#901=PLANE('',#8166);
#902=PLANE('',#8167);
#903=PLANE('',#8168);
#904=PLANE('',#8169);
#905=PLANE('',#8170);
#906=PLANE('',#8171);
#907=PLANE('',#8178);
#908=PLANE('',#8185);
#909=PLANE('',#8188);
#910=PLANE('',#8189);
#911=PLANE('',#8192);
#912=PLANE('',#8193);
#913=PLANE('',#8196);
#914=PLANE('',#8197);
#915=PLANE('',#8198);
#916=PLANE('',#8199);
#917=PLANE('',#8200);
#918=PLANE('',#8201);
#919=PLANE('',#8202);
#920=PLANE('',#8203);
#921=PLANE('',#8204);
#922=PLANE('',#8206);
#923=PLANE('',#8209);
#924=PLANE('',#8210);
#925=PLANE('',#8212);
#926=PLANE('',#8214);
#927=PLANE('',#8215);
#928=PLANE('',#8217);
#929=PLANE('',#8219);
#930=PLANE('',#8221);
#931=PLANE('',#8222);
#932=PLANE('',#8223);
#933=PLANE('',#8224);
#934=PLANE('',#8225);
#935=PLANE('',#8226);
#936=PLANE('',#8227);
#937=PLANE('',#8228);
#938=PLANE('',#8229);
#939=PLANE('',#8230);
#940=PLANE('',#8231);
#941=PLANE('',#8232);
#942=PLANE('',#8233);
#943=PLANE('',#8234);
#944=PLANE('',#8235);
#945=PLANE('',#8236);
#946=PLANE('',#8237);
#947=PLANE('',#8239);
#948=PLANE('',#8241);
#949=PLANE('',#8242);
#950=PLANE('',#8243);
#951=PLANE('',#8245);
#952=PLANE('',#8247);
#953=PLANE('',#8248);
#954=PLANE('',#8249);
#955=PLANE('',#8250);
#956=PLANE('',#8251);
#957=PLANE('',#8252);
#958=PLANE('',#8253);
#959=PLANE('',#8254);
#960=PLANE('',#8255);
#961=PLANE('',#8256);
#962=PLANE('',#8257);
#963=PLANE('',#8261);
#964=PLANE('',#8262);
#965=PLANE('',#8263);
#966=PLANE('',#8264);
#967=PLANE('',#8265);
#968=PLANE('',#8267);
#969=PLANE('',#8269);
#970=PLANE('',#8270);
#971=PLANE('',#8272);
#972=PLANE('',#8274);
#973=PLANE('',#8276);
#974=PLANE('',#8277);
#975=PLANE('',#8279);
#976=PLANE('',#8280);
#977=PLANE('',#8284);
#978=PLANE('',#8285);
#979=PLANE('',#8286);
#980=FACE_OUTER_BOUND('',#1383,.T.);
#981=FACE_OUTER_BOUND('',#1384,.T.);
#982=FACE_OUTER_BOUND('',#1385,.T.);
#983=FACE_OUTER_BOUND('',#1386,.T.);
#984=FACE_OUTER_BOUND('',#1387,.T.);
#985=FACE_OUTER_BOUND('',#1388,.T.);
#986=FACE_OUTER_BOUND('',#1389,.T.);
#987=FACE_OUTER_BOUND('',#1390,.T.);
#988=FACE_OUTER_BOUND('',#1391,.T.);
#989=FACE_OUTER_BOUND('',#1392,.T.);
#990=FACE_OUTER_BOUND('',#1393,.T.);
#991=FACE_OUTER_BOUND('',#1394,.T.);
#992=FACE_OUTER_BOUND('',#1395,.T.);
#993=FACE_OUTER_BOUND('',#1396,.T.);
#994=FACE_OUTER_BOUND('',#1397,.T.);
#995=FACE_OUTER_BOUND('',#1418,.T.);
#996=FACE_OUTER_BOUND('',#1419,.T.);
#997=FACE_OUTER_BOUND('',#1420,.T.);
#998=FACE_OUTER_BOUND('',#1421,.T.);
#999=FACE_OUTER_BOUND('',#1422,.T.);
#1000=FACE_OUTER_BOUND('',#1423,.T.);
#1001=FACE_OUTER_BOUND('',#1424,.T.);
#1002=FACE_OUTER_BOUND('',#1425,.T.);
#1003=FACE_OUTER_BOUND('',#1428,.T.);
#1004=FACE_OUTER_BOUND('',#1429,.T.);
#1005=FACE_OUTER_BOUND('',#1430,.T.);
#1006=FACE_OUTER_BOUND('',#1431,.T.);
#1007=FACE_OUTER_BOUND('',#1432,.T.);
#1008=FACE_OUTER_BOUND('',#1433,.T.);
#1009=FACE_OUTER_BOUND('',#1434,.T.);
#1010=FACE_OUTER_BOUND('',#1438,.T.);
#1011=FACE_OUTER_BOUND('',#1439,.T.);
#1012=FACE_OUTER_BOUND('',#1440,.T.);
#1013=FACE_OUTER_BOUND('',#1441,.T.);
#1014=FACE_OUTER_BOUND('',#1442,.T.);
#1015=FACE_OUTER_BOUND('',#1443,.T.);
#1016=FACE_OUTER_BOUND('',#1444,.T.);
#1017=FACE_OUTER_BOUND('',#1445,.T.);
#1018=FACE_OUTER_BOUND('',#1446,.T.);
#1019=FACE_OUTER_BOUND('',#1447,.T.);
#1020=FACE_OUTER_BOUND('',#1448,.T.);
#1021=FACE_OUTER_BOUND('',#1449,.T.);
#1022=FACE_OUTER_BOUND('',#1450,.T.);
#1023=FACE_OUTER_BOUND('',#1451,.T.);
#1024=FACE_OUTER_BOUND('',#1452,.T.);
#1025=FACE_OUTER_BOUND('',#1453,.T.);
#1026=FACE_OUTER_BOUND('',#1458,.T.);
#1027=FACE_OUTER_BOUND('',#1459,.T.);
#1028=FACE_OUTER_BOUND('',#1460,.T.);
#1029=FACE_OUTER_BOUND('',#1461,.T.);
#1030=FACE_OUTER_BOUND('',#1462,.T.);
#1031=FACE_OUTER_BOUND('',#1463,.T.);
#1032=FACE_OUTER_BOUND('',#1464,.T.);
#1033=FACE_OUTER_BOUND('',#1465,.T.);
#1034=FACE_OUTER_BOUND('',#1466,.T.);
#1035=FACE_OUTER_BOUND('',#1467,.T.);
#1036=FACE_OUTER_BOUND('',#1468,.T.);
#1037=FACE_OUTER_BOUND('',#1469,.T.);
#1038=FACE_OUTER_BOUND('',#1470,.T.);
#1039=FACE_OUTER_BOUND('',#1471,.T.);
#1040=FACE_OUTER_BOUND('',#1472,.T.);
#1041=FACE_OUTER_BOUND('',#1473,.T.);
#1042=FACE_OUTER_BOUND('',#1474,.T.);
#1043=FACE_OUTER_BOUND('',#1475,.T.);
#1044=FACE_OUTER_BOUND('',#1476,.T.);
#1045=FACE_OUTER_BOUND('',#1477,.T.);
#1046=FACE_OUTER_BOUND('',#1478,.T.);
#1047=FACE_OUTER_BOUND('',#1479,.T.);
#1048=FACE_OUTER_BOUND('',#1480,.T.);
#1049=FACE_OUTER_BOUND('',#1481,.T.);
#1050=FACE_OUTER_BOUND('',#1482,.T.);
#1051=FACE_OUTER_BOUND('',#1483,.T.);
#1052=FACE_OUTER_BOUND('',#1484,.T.);
#1053=FACE_OUTER_BOUND('',#1485,.T.);
#1054=FACE_OUTER_BOUND('',#1486,.T.);
#1055=FACE_OUTER_BOUND('',#1487,.T.);
#1056=FACE_OUTER_BOUND('',#1488,.T.);
#1057=FACE_OUTER_BOUND('',#1489,.T.);
#1058=FACE_OUTER_BOUND('',#1490,.T.);
#1059=FACE_OUTER_BOUND('',#1491,.T.);
#1060=FACE_OUTER_BOUND('',#1492,.T.);
#1061=FACE_OUTER_BOUND('',#1493,.T.);
#1062=FACE_OUTER_BOUND('',#1494,.T.);
#1063=FACE_OUTER_BOUND('',#1495,.T.);
#1064=FACE_OUTER_BOUND('',#1496,.T.);
#1065=FACE_OUTER_BOUND('',#1497,.T.);
#1066=FACE_OUTER_BOUND('',#1498,.T.);
#1067=FACE_OUTER_BOUND('',#1499,.T.);
#1068=FACE_OUTER_BOUND('',#1500,.T.);
#1069=FACE_OUTER_BOUND('',#1501,.T.);
#1070=FACE_OUTER_BOUND('',#1502,.T.);
#1071=FACE_OUTER_BOUND('',#1503,.T.);
#1072=FACE_OUTER_BOUND('',#1504,.T.);
#1073=FACE_OUTER_BOUND('',#1505,.T.);
#1074=FACE_OUTER_BOUND('',#1506,.T.);
#1075=FACE_OUTER_BOUND('',#1507,.T.);
#1076=FACE_OUTER_BOUND('',#1508,.T.);
#1077=FACE_OUTER_BOUND('',#1509,.T.);
#1078=FACE_OUTER_BOUND('',#1510,.T.);
#1079=FACE_OUTER_BOUND('',#1511,.T.);
#1080=FACE_OUTER_BOUND('',#1512,.T.);
#1081=FACE_OUTER_BOUND('',#1513,.T.);
#1082=FACE_OUTER_BOUND('',#1514,.T.);
#1083=FACE_OUTER_BOUND('',#1515,.T.);
#1084=FACE_OUTER_BOUND('',#1516,.T.);
#1085=FACE_OUTER_BOUND('',#1517,.T.);
#1086=FACE_OUTER_BOUND('',#1518,.T.);
#1087=FACE_OUTER_BOUND('',#1519,.T.);
#1088=FACE_OUTER_BOUND('',#1520,.T.);
#1089=FACE_OUTER_BOUND('',#1521,.T.);
#1090=FACE_OUTER_BOUND('',#1522,.T.);
#1091=FACE_OUTER_BOUND('',#1523,.T.);
#1092=FACE_OUTER_BOUND('',#1524,.T.);
#1093=FACE_OUTER_BOUND('',#1525,.T.);
#1094=FACE_OUTER_BOUND('',#1526,.T.);
#1095=FACE_OUTER_BOUND('',#1527,.T.);
#1096=FACE_OUTER_BOUND('',#1528,.T.);
#1097=FACE_OUTER_BOUND('',#1529,.T.);
#1098=FACE_OUTER_BOUND('',#1530,.T.);
#1099=FACE_OUTER_BOUND('',#1531,.T.);
#1100=FACE_OUTER_BOUND('',#1532,.T.);
#1101=FACE_OUTER_BOUND('',#1533,.T.);
#1102=FACE_OUTER_BOUND('',#1534,.T.);
#1103=FACE_OUTER_BOUND('',#1535,.T.);
#1104=FACE_OUTER_BOUND('',#1536,.T.);
#1105=FACE_OUTER_BOUND('',#1537,.T.);
#1106=FACE_OUTER_BOUND('',#1538,.T.);
#1107=FACE_OUTER_BOUND('',#1539,.T.);
#1108=FACE_OUTER_BOUND('',#1540,.T.);
#1109=FACE_OUTER_BOUND('',#1541,.T.);
#1110=FACE_OUTER_BOUND('',#1542,.T.);
#1111=FACE_OUTER_BOUND('',#1543,.T.);
#1112=FACE_OUTER_BOUND('',#1544,.T.);
#1113=FACE_OUTER_BOUND('',#1545,.T.);
#1114=FACE_OUTER_BOUND('',#1546,.T.);
#1115=FACE_OUTER_BOUND('',#1547,.T.);
#1116=FACE_OUTER_BOUND('',#1548,.T.);
#1117=FACE_OUTER_BOUND('',#1549,.T.);
#1118=FACE_OUTER_BOUND('',#1550,.T.);
#1119=FACE_OUTER_BOUND('',#1551,.T.);
#1120=FACE_OUTER_BOUND('',#1552,.T.);
#1121=FACE_OUTER_BOUND('',#1553,.T.);
#1122=FACE_OUTER_BOUND('',#1554,.T.);
#1123=FACE_OUTER_BOUND('',#1555,.T.);
#1124=FACE_OUTER_BOUND('',#1556,.T.);
#1125=FACE_OUTER_BOUND('',#1557,.T.);
#1126=FACE_OUTER_BOUND('',#1558,.T.);
#1127=FACE_OUTER_BOUND('',#1559,.T.);
#1128=FACE_OUTER_BOUND('',#1560,.T.);
#1129=FACE_OUTER_BOUND('',#1561,.T.);
#1130=FACE_OUTER_BOUND('',#1562,.T.);
#1131=FACE_OUTER_BOUND('',#1563,.T.);
#1132=FACE_OUTER_BOUND('',#1564,.T.);
#1133=FACE_OUTER_BOUND('',#1565,.T.);
#1134=FACE_OUTER_BOUND('',#1566,.T.);
#1135=FACE_OUTER_BOUND('',#1567,.T.);
#1136=FACE_OUTER_BOUND('',#1568,.T.);
#1137=FACE_OUTER_BOUND('',#1569,.T.);
#1138=FACE_OUTER_BOUND('',#1572,.T.);
#1139=FACE_OUTER_BOUND('',#1573,.T.);
#1140=FACE_OUTER_BOUND('',#1574,.T.);
#1141=FACE_OUTER_BOUND('',#1575,.T.);
#1142=FACE_OUTER_BOUND('',#1576,.T.);
#1143=FACE_OUTER_BOUND('',#1577,.T.);
#1144=FACE_OUTER_BOUND('',#1578,.T.);
#1145=FACE_OUTER_BOUND('',#1579,.T.);
#1146=FACE_OUTER_BOUND('',#1580,.T.);
#1147=FACE_OUTER_BOUND('',#1581,.T.);
#1148=FACE_OUTER_BOUND('',#1582,.T.);
#1149=FACE_OUTER_BOUND('',#1583,.T.);
#1150=FACE_OUTER_BOUND('',#1584,.T.);
#1151=FACE_OUTER_BOUND('',#1585,.T.);
#1152=FACE_OUTER_BOUND('',#1586,.T.);
#1153=FACE_OUTER_BOUND('',#1587,.T.);
#1154=FACE_OUTER_BOUND('',#1588,.T.);
#1155=FACE_OUTER_BOUND('',#1589,.T.);
#1156=FACE_OUTER_BOUND('',#1590,.T.);
#1157=FACE_OUTER_BOUND('',#1591,.T.);
#1158=FACE_OUTER_BOUND('',#1592,.T.);
#1159=FACE_OUTER_BOUND('',#1593,.T.);
#1160=FACE_OUTER_BOUND('',#1594,.T.);
#1161=FACE_OUTER_BOUND('',#1595,.T.);
#1162=FACE_OUTER_BOUND('',#1596,.T.);
#1163=FACE_OUTER_BOUND('',#1597,.T.);
#1164=FACE_OUTER_BOUND('',#1598,.T.);
#1165=FACE_OUTER_BOUND('',#1599,.T.);
#1166=FACE_OUTER_BOUND('',#1600,.T.);
#1167=FACE_OUTER_BOUND('',#1601,.T.);
#1168=FACE_OUTER_BOUND('',#1602,.T.);
#1169=FACE_OUTER_BOUND('',#1603,.T.);
#1170=FACE_OUTER_BOUND('',#1604,.T.);
#1171=FACE_OUTER_BOUND('',#1605,.T.);
#1172=FACE_OUTER_BOUND('',#1606,.T.);
#1173=FACE_OUTER_BOUND('',#1607,.T.);
#1174=FACE_OUTER_BOUND('',#1608,.T.);
#1175=FACE_OUTER_BOUND('',#1609,.T.);
#1176=FACE_OUTER_BOUND('',#1610,.T.);
#1177=FACE_OUTER_BOUND('',#1611,.T.);
#1178=FACE_OUTER_BOUND('',#1612,.T.);
#1179=FACE_OUTER_BOUND('',#1613,.T.);
#1180=FACE_OUTER_BOUND('',#1614,.T.);
#1181=FACE_OUTER_BOUND('',#1615,.T.);
#1182=FACE_OUTER_BOUND('',#1616,.T.);
#1183=FACE_OUTER_BOUND('',#1617,.T.);
#1184=FACE_OUTER_BOUND('',#1618,.T.);
#1185=FACE_OUTER_BOUND('',#1619,.T.);
#1186=FACE_OUTER_BOUND('',#1620,.T.);
#1187=FACE_OUTER_BOUND('',#1621,.T.);
#1188=FACE_OUTER_BOUND('',#1622,.T.);
#1189=FACE_OUTER_BOUND('',#1623,.T.);
#1190=FACE_OUTER_BOUND('',#1624,.T.);
#1191=FACE_OUTER_BOUND('',#1625,.T.);
#1192=FACE_OUTER_BOUND('',#1626,.T.);
#1193=FACE_OUTER_BOUND('',#1627,.T.);
#1194=FACE_OUTER_BOUND('',#1628,.T.);
#1195=FACE_OUTER_BOUND('',#1629,.T.);
#1196=FACE_OUTER_BOUND('',#1630,.T.);
#1197=FACE_OUTER_BOUND('',#1631,.T.);
#1198=FACE_OUTER_BOUND('',#1632,.T.);
#1199=FACE_OUTER_BOUND('',#1633,.T.);
#1200=FACE_OUTER_BOUND('',#1634,.T.);
#1201=FACE_OUTER_BOUND('',#1635,.T.);
#1202=FACE_OUTER_BOUND('',#1636,.T.);
#1203=FACE_OUTER_BOUND('',#1637,.T.);
#1204=FACE_OUTER_BOUND('',#1638,.T.);
#1205=FACE_OUTER_BOUND('',#1639,.T.);
#1206=FACE_OUTER_BOUND('',#1640,.T.);
#1207=FACE_OUTER_BOUND('',#1641,.T.);
#1208=FACE_OUTER_BOUND('',#1642,.T.);
#1209=FACE_OUTER_BOUND('',#1643,.T.);
#1210=FACE_OUTER_BOUND('',#1644,.T.);
#1211=FACE_OUTER_BOUND('',#1645,.T.);
#1212=FACE_OUTER_BOUND('',#1646,.T.);
#1213=FACE_OUTER_BOUND('',#1647,.T.);
#1214=FACE_OUTER_BOUND('',#1648,.T.);
#1215=FACE_OUTER_BOUND('',#1649,.T.);
#1216=FACE_OUTER_BOUND('',#1650,.T.);
#1217=FACE_OUTER_BOUND('',#1651,.T.);
#1218=FACE_OUTER_BOUND('',#1654,.T.);
#1219=FACE_OUTER_BOUND('',#1655,.T.);
#1220=FACE_OUTER_BOUND('',#1656,.T.);
#1221=FACE_OUTER_BOUND('',#1657,.T.);
#1222=FACE_OUTER_BOUND('',#1658,.T.);
#1223=FACE_OUTER_BOUND('',#1659,.T.);
#1224=FACE_OUTER_BOUND('',#1660,.T.);
#1225=FACE_OUTER_BOUND('',#1661,.T.);
#1226=FACE_OUTER_BOUND('',#1662,.T.);
#1227=FACE_OUTER_BOUND('',#1663,.T.);
#1228=FACE_OUTER_BOUND('',#1664,.T.);
#1229=FACE_OUTER_BOUND('',#1667,.T.);
#1230=FACE_OUTER_BOUND('',#1668,.T.);
#1231=FACE_OUTER_BOUND('',#1669,.T.);
#1232=FACE_OUTER_BOUND('',#1670,.T.);
#1233=FACE_OUTER_BOUND('',#1671,.T.);
#1234=FACE_OUTER_BOUND('',#1672,.T.);
#1235=FACE_OUTER_BOUND('',#1673,.T.);
#1236=FACE_OUTER_BOUND('',#1674,.T.);
#1237=FACE_OUTER_BOUND('',#1675,.T.);
#1238=FACE_OUTER_BOUND('',#1676,.T.);
#1239=FACE_OUTER_BOUND('',#1677,.T.);
#1240=FACE_OUTER_BOUND('',#1678,.T.);
#1241=FACE_OUTER_BOUND('',#1679,.T.);
#1242=FACE_OUTER_BOUND('',#1680,.T.);
#1243=FACE_OUTER_BOUND('',#1681,.T.);
#1244=FACE_OUTER_BOUND('',#1682,.T.);
#1245=FACE_OUTER_BOUND('',#1683,.T.);
#1246=FACE_OUTER_BOUND('',#1684,.T.);
#1247=FACE_OUTER_BOUND('',#1685,.T.);
#1248=FACE_OUTER_BOUND('',#1686,.T.);
#1249=FACE_OUTER_BOUND('',#1687,.T.);
#1250=FACE_OUTER_BOUND('',#1688,.T.);
#1251=FACE_OUTER_BOUND('',#1689,.T.);
#1252=FACE_OUTER_BOUND('',#1690,.T.);
#1253=FACE_OUTER_BOUND('',#1691,.T.);
#1254=FACE_OUTER_BOUND('',#1692,.T.);
#1255=FACE_OUTER_BOUND('',#1693,.T.);
#1256=FACE_OUTER_BOUND('',#1694,.T.);
#1257=FACE_OUTER_BOUND('',#1695,.T.);
#1258=FACE_OUTER_BOUND('',#1696,.T.);
#1259=FACE_OUTER_BOUND('',#1697,.T.);
#1260=FACE_OUTER_BOUND('',#1698,.T.);
#1261=FACE_OUTER_BOUND('',#1699,.T.);
#1262=FACE_OUTER_BOUND('',#1700,.T.);
#1263=FACE_OUTER_BOUND('',#1701,.T.);
#1264=FACE_OUTER_BOUND('',#1702,.T.);
#1265=FACE_OUTER_BOUND('',#1703,.T.);
#1266=FACE_OUTER_BOUND('',#1704,.T.);
#1267=FACE_OUTER_BOUND('',#1705,.T.);
#1268=FACE_OUTER_BOUND('',#1706,.T.);
#1269=FACE_OUTER_BOUND('',#1707,.T.);
#1270=FACE_OUTER_BOUND('',#1708,.T.);
#1271=FACE_OUTER_BOUND('',#1709,.T.);
#1272=FACE_OUTER_BOUND('',#1710,.T.);
#1273=FACE_OUTER_BOUND('',#1711,.T.);
#1274=FACE_OUTER_BOUND('',#1712,.T.);
#1275=FACE_OUTER_BOUND('',#1713,.T.);
#1276=FACE_OUTER_BOUND('',#1714,.T.);
#1277=FACE_OUTER_BOUND('',#1715,.T.);
#1278=FACE_OUTER_BOUND('',#1716,.T.);
#1279=FACE_OUTER_BOUND('',#1717,.T.);
#1280=FACE_OUTER_BOUND('',#1718,.T.);
#1281=FACE_OUTER_BOUND('',#1719,.T.);
#1282=FACE_OUTER_BOUND('',#1720,.T.);
#1283=FACE_OUTER_BOUND('',#1721,.T.);
#1284=FACE_OUTER_BOUND('',#1722,.T.);
#1285=FACE_OUTER_BOUND('',#1723,.T.);
#1286=FACE_OUTER_BOUND('',#1724,.T.);
#1287=FACE_OUTER_BOUND('',#1725,.T.);
#1288=FACE_OUTER_BOUND('',#1726,.T.);
#1289=FACE_OUTER_BOUND('',#1727,.T.);
#1290=FACE_OUTER_BOUND('',#1728,.T.);
#1291=FACE_OUTER_BOUND('',#1729,.T.);
#1292=FACE_OUTER_BOUND('',#1730,.T.);
#1293=FACE_OUTER_BOUND('',#1731,.T.);
#1294=FACE_OUTER_BOUND('',#1732,.T.);
#1295=FACE_OUTER_BOUND('',#1733,.T.);
#1296=FACE_OUTER_BOUND('',#1734,.T.);
#1297=FACE_OUTER_BOUND('',#1735,.T.);
#1298=FACE_OUTER_BOUND('',#1736,.T.);
#1299=FACE_OUTER_BOUND('',#1737,.T.);
#1300=FACE_OUTER_BOUND('',#1738,.T.);
#1301=FACE_OUTER_BOUND('',#1739,.T.);
#1302=FACE_OUTER_BOUND('',#1740,.T.);
#1303=FACE_OUTER_BOUND('',#1741,.T.);
#1304=FACE_OUTER_BOUND('',#1742,.T.);
#1305=FACE_OUTER_BOUND('',#1743,.T.);
#1306=FACE_OUTER_BOUND('',#1744,.T.);
#1307=FACE_OUTER_BOUND('',#1745,.T.);
#1308=FACE_OUTER_BOUND('',#1746,.T.);
#1309=FACE_OUTER_BOUND('',#1747,.T.);
#1310=FACE_OUTER_BOUND('',#1748,.T.);
#1311=FACE_OUTER_BOUND('',#1749,.T.);
#1312=FACE_OUTER_BOUND('',#1750,.T.);
#1313=FACE_OUTER_BOUND('',#1751,.T.);
#1314=FACE_OUTER_BOUND('',#1752,.T.);
#1315=FACE_OUTER_BOUND('',#1753,.T.);
#1316=FACE_OUTER_BOUND('',#1754,.T.);
#1317=FACE_OUTER_BOUND('',#1755,.T.);
#1318=FACE_OUTER_BOUND('',#1756,.T.);
#1319=FACE_OUTER_BOUND('',#1757,.T.);
#1320=FACE_OUTER_BOUND('',#1758,.T.);
#1321=FACE_OUTER_BOUND('',#1759,.T.);
#1322=FACE_OUTER_BOUND('',#1760,.T.);
#1323=FACE_OUTER_BOUND('',#1761,.T.);
#1324=FACE_OUTER_BOUND('',#1762,.T.);
#1325=FACE_OUTER_BOUND('',#1763,.T.);
#1326=FACE_OUTER_BOUND('',#1764,.T.);
#1327=FACE_OUTER_BOUND('',#1765,.T.);
#1328=FACE_OUTER_BOUND('',#1766,.T.);
#1329=FACE_OUTER_BOUND('',#1767,.T.);
#1330=FACE_OUTER_BOUND('',#1768,.T.);
#1331=FACE_OUTER_BOUND('',#1769,.T.);
#1332=FACE_OUTER_BOUND('',#1770,.T.);
#1333=FACE_OUTER_BOUND('',#1771,.T.);
#1334=FACE_OUTER_BOUND('',#1772,.T.);
#1335=FACE_OUTER_BOUND('',#1773,.T.);
#1336=FACE_OUTER_BOUND('',#1774,.T.);
#1337=FACE_OUTER_BOUND('',#1775,.T.);
#1338=FACE_OUTER_BOUND('',#1776,.T.);
#1339=FACE_OUTER_BOUND('',#1777,.T.);
#1340=FACE_OUTER_BOUND('',#1778,.T.);
#1341=FACE_OUTER_BOUND('',#1779,.T.);
#1342=FACE_OUTER_BOUND('',#1780,.T.);
#1343=FACE_OUTER_BOUND('',#1781,.T.);
#1344=FACE_OUTER_BOUND('',#1782,.T.);
#1345=FACE_OUTER_BOUND('',#1783,.T.);
#1346=FACE_OUTER_BOUND('',#1784,.T.);
#1347=FACE_OUTER_BOUND('',#1785,.T.);
#1348=FACE_OUTER_BOUND('',#1786,.T.);
#1349=FACE_OUTER_BOUND('',#1787,.T.);
#1350=FACE_OUTER_BOUND('',#1788,.T.);
#1351=FACE_OUTER_BOUND('',#1789,.T.);
#1352=FACE_OUTER_BOUND('',#1790,.T.);
#1353=FACE_OUTER_BOUND('',#1791,.T.);
#1354=FACE_OUTER_BOUND('',#1792,.T.);
#1355=FACE_OUTER_BOUND('',#1793,.T.);
#1356=FACE_OUTER_BOUND('',#1794,.T.);
#1357=FACE_OUTER_BOUND('',#1795,.T.);
#1358=FACE_OUTER_BOUND('',#1796,.T.);
#1359=FACE_OUTER_BOUND('',#1797,.T.);
#1360=FACE_OUTER_BOUND('',#1798,.T.);
#1361=FACE_OUTER_BOUND('',#1799,.F.);
#1362=FACE_OUTER_BOUND('',#1800,.F.);
#1363=FACE_OUTER_BOUND('',#1801,.F.);
#1364=FACE_OUTER_BOUND('',#1802,.F.);
#1365=FACE_OUTER_BOUND('',#1803,.F.);
#1366=FACE_OUTER_BOUND('',#1804,.F.);
#1367=FACE_OUTER_BOUND('',#1805,.F.);
#1368=FACE_OUTER_BOUND('',#1806,.F.);
#1369=FACE_OUTER_BOUND('',#1807,.F.);
#1370=FACE_OUTER_BOUND('',#1808,.F.);
#1371=FACE_OUTER_BOUND('',#1809,.F.);
#1372=FACE_OUTER_BOUND('',#1810,.F.);
#1373=FACE_OUTER_BOUND('',#1811,.F.);
#1374=FACE_OUTER_BOUND('',#1812,.F.);
#1375=FACE_OUTER_BOUND('',#1813,.F.);
#1376=FACE_OUTER_BOUND('',#1814,.F.);
#1377=FACE_OUTER_BOUND('',#1815,.F.);
#1378=FACE_OUTER_BOUND('',#1816,.F.);
#1379=FACE_OUTER_BOUND('',#1817,.F.);
#1380=FACE_OUTER_BOUND('',#1818,.F.);
#1381=FACE_OUTER_BOUND('',#1819,.F.);
#1382=FACE_OUTER_BOUND('',#1820,.F.);
#1383=EDGE_LOOP('',(#1881,#1882,#1883,#1884,#1885,#1886));
#1384=EDGE_LOOP('',(#1887,#1888,#1889,#1890));
#1385=EDGE_LOOP('',(#1891,#1892,#1893,#1894));
#1386=EDGE_LOOP('',(#1895,#1896,#1897));
#1387=EDGE_LOOP('',(#1898,#1899,#1900,#1901,#1902,#1903));
#1388=EDGE_LOOP('',(#1904,#1905,#1906,#1907,#1908,#1909));
#1389=EDGE_LOOP('',(#1910,#1911,#1912));
#1390=EDGE_LOOP('',(#1913,#1914,#1915));
#1391=EDGE_LOOP('',(#1916,#1917,#1918,#1919));
#1392=EDGE_LOOP('',(#1920,#1921,#1922,#1923,#1924));
#1393=EDGE_LOOP('',(#1925,#1926,#1927,#1928,#1929));
#1394=EDGE_LOOP('',(#1930,#1931,#1932,#1933,#1934,#1935));
#1395=EDGE_LOOP('',(#1936,#1937,#1938,#1939));
#1396=EDGE_LOOP('',(#1940,#1941,#1942,#1943));
#1397=EDGE_LOOP('',(#1944,#1945,#1946,#1947));
#1398=EDGE_LOOP('',(#1948,#1949,#1950,#1951));
#1399=EDGE_LOOP('',(#1952,#1953,#1954,#1955,#1956,#1957,#1958,#1959,#1960,
#1961,#1962,#1963));
#1400=EDGE_LOOP('',(#1964,#1965,#1966,#1967));
#1401=EDGE_LOOP('',(#1968,#1969,#1970,#1971));
#1402=EDGE_LOOP('',(#1972,#1973,#1974,#1975,#1976,#1977,#1978,#1979,#1980,
#1981,#1982,#1983,#1984,#1985,#1986,#1987,#1988,#1989,#1990,#1991));
#1403=EDGE_LOOP('',(#1992,#1993,#1994,#1995,#1996,#1997,#1998));
#1404=EDGE_LOOP('',(#1999,#2000,#2001,#2002,#2003,#2004,#2005,#2006));
#1405=EDGE_LOOP('',(#2007,#2008,#2009,#2010,#2011,#2012));
#1406=EDGE_LOOP('',(#2013,#2014,#2015,#2016));
#1407=EDGE_LOOP('',(#2017,#2018,#2019,#2020));
#1408=EDGE_LOOP('',(#2021,#2022,#2023,#2024));
#1409=EDGE_LOOP('',(#2025,#2026,#2027,#2028,#2029,#2030));
#1410=EDGE_LOOP('',(#2031,#2032,#2033,#2034));
#1411=EDGE_LOOP('',(#2035,#2036,#2037,#2038));
#1412=EDGE_LOOP('',(#2039,#2040,#2041,#2042));
#1413=EDGE_LOOP('',(#2043,#2044,#2045,#2046,#2047,#2048,#2049,#2050,#2051,
#2052,#2053,#2054,#2055,#2056,#2057,#2058,#2059,#2060,#2061,#2062,#2063,
#2064,#2065,#2066,#2067));
#1414=EDGE_LOOP('',(#2068,#2069,#2070,#2071,#2072,#2073,#2074,#2075,#2076,
#2077,#2078,#2079,#2080,#2081,#2082,#2083,#2084,#2085,#2086,#2087,#2088,
#2089,#2090));
#1415=EDGE_LOOP('',(#2091,#2092,#2093,#2094));
#1416=EDGE_LOOP('',(#2095,#2096,#2097,#2098,#2099,#2100,#2101,#2102,#2103,
#2104,#2105));
#1417=EDGE_LOOP('',(#2106,#2107,#2108,#2109,#2110,#2111,#2112,#2113,#2114,
#2115,#2116,#2117,#2118,#2119,#2120,#2121));
#1418=EDGE_LOOP('',(#2122,#2123,#2124,#2125,#2126,#2127));
#1419=EDGE_LOOP('',(#2128,#2129,#2130,#2131,#2132,#2133,#2134));
#1420=EDGE_LOOP('',(#2135,#2136,#2137,#2138));
#1421=EDGE_LOOP('',(#2139,#2140,#2141,#2142));
#1422=EDGE_LOOP('',(#2143,#2144,#2145,#2146));
#1423=EDGE_LOOP('',(#2147,#2148,#2149,#2150));
#1424=EDGE_LOOP('',(#2151,#2152,#2153,#2154,#2155,#2156,#2157,#2158));
#1425=EDGE_LOOP('',(#2159,#2160,#2161,#2162,#2163,#2164,#2165,#2166,#2167,
#2168,#2169,#2170));
#1426=EDGE_LOOP('',(#2171,#2172,#2173,#2174));
#1427=EDGE_LOOP('',(#2175,#2176,#2177,#2178,#2179,#2180,#2181,#2182,#2183,
#2184,#2185,#2186,#2187,#2188,#2189,#2190,#2191,#2192));
#1428=EDGE_LOOP('',(#2193,#2194,#2195,#2196,#2197,#2198,#2199,#2200,#2201,
#2202,#2203,#2204));
#1429=EDGE_LOOP('',(#2205,#2206,#2207,#2208,#2209,#2210,#2211,#2212,#2213,
#2214,#2215,#2216,#2217,#2218,#2219,#2220,#2221,#2222));
#1430=EDGE_LOOP('',(#2223,#2224,#2225,#2226,#2227,#2228,#2229,#2230,#2231,
#2232,#2233,#2234,#2235,#2236));
#1431=EDGE_LOOP('',(#2237,#2238,#2239,#2240,#2241,#2242,#2243));
#1432=EDGE_LOOP('',(#2244,#2245,#2246,#2247));
#1433=EDGE_LOOP('',(#2248,#2249,#2250,#2251,#2252,#2253,#2254,#2255));
#1434=EDGE_LOOP('',(#2256,#2257,#2258,#2259,#2260,#2261,#2262,#2263));
#1435=EDGE_LOOP('',(#2264,#2265,#2266,#2267));
#1436=EDGE_LOOP('',(#2268,#2269,#2270,#2271,#2272,#2273,#2274,#2275,#2276,
#2277,#2278,#2279));
#1437=EDGE_LOOP('',(#2280,#2281,#2282,#2283,#2284,#2285,#2286,#2287,#2288,
#2289,#2290,#2291));
#1438=EDGE_LOOP('',(#2292,#2293,#2294,#2295));
#1439=EDGE_LOOP('',(#2296,#2297,#2298,#2299,#2300,#2301));
#1440=EDGE_LOOP('',(#2302,#2303,#2304,#2305,#2306,#2307));
#1441=EDGE_LOOP('',(#2308,#2309,#2310,#2311,#2312,#2313));
#1442=EDGE_LOOP('',(#2314,#2315,#2316,#2317,#2318,#2319));
#1443=EDGE_LOOP('',(#2320,#2321,#2322,#2323));
#1444=EDGE_LOOP('',(#2324,#2325,#2326,#2327));
#1445=EDGE_LOOP('',(#2328,#2329,#2330,#2331,#2332,#2333,#2334,#2335));
#1446=EDGE_LOOP('',(#2336,#2337,#2338,#2339));
#1447=EDGE_LOOP('',(#2340,#2341,#2342,#2343));
#1448=EDGE_LOOP('',(#2344,#2345,#2346,#2347,#2348));
#1449=EDGE_LOOP('',(#2349,#2350,#2351,#2352));
#1450=EDGE_LOOP('',(#2353,#2354,#2355,#2356,#2357));
#1451=EDGE_LOOP('',(#2358,#2359,#2360,#2361));
#1452=EDGE_LOOP('',(#2362,#2363,#2364,#2365));
#1453=EDGE_LOOP('',(#2366,#2367,#2368,#2369));
#1454=EDGE_LOOP('',(#2370,#2371,#2372,#2373));
#1455=EDGE_LOOP('',(#2374,#2375,#2376,#2377));
#1456=EDGE_LOOP('',(#2378,#2379,#2380,#2381));
#1457=EDGE_LOOP('',(#2382,#2383,#2384,#2385));
#1458=EDGE_LOOP('',(#2386,#2387,#2388,#2389));
#1459=EDGE_LOOP('',(#2390,#2391,#2392,#2393));
#1460=EDGE_LOOP('',(#2394,#2395,#2396,#2397));
#1461=EDGE_LOOP('',(#2398,#2399,#2400,#2401));
#1462=EDGE_LOOP('',(#2402,#2403,#2404,#2405));
#1463=EDGE_LOOP('',(#2406,#2407,#2408,#2409));
#1464=EDGE_LOOP('',(#2410,#2411,#2412,#2413));
#1465=EDGE_LOOP('',(#2414,#2415,#2416,#2417));
#1466=EDGE_LOOP('',(#2418,#2419,#2420,#2421));
#1467=EDGE_LOOP('',(#2422,#2423,#2424,#2425));
#1468=EDGE_LOOP('',(#2426,#2427,#2428,#2429));
#1469=EDGE_LOOP('',(#2430,#2431,#2432,#2433));
#1470=EDGE_LOOP('',(#2434,#2435,#2436,#2437));
#1471=EDGE_LOOP('',(#2438,#2439,#2440,#2441));
#1472=EDGE_LOOP('',(#2442,#2443,#2444,#2445,#2446,#2447,#2448,#2449,#2450,
#2451,#2452,#2453,#2454,#2455));
#1473=EDGE_LOOP('',(#2456,#2457,#2458,#2459));
#1474=EDGE_LOOP('',(#2460,#2461,#2462,#2463));
#1475=EDGE_LOOP('',(#2464,#2465,#2466,#2467));
#1476=EDGE_LOOP('',(#2468,#2469,#2470,#2471));
#1477=EDGE_LOOP('',(#2472,#2473,#2474,#2475));
#1478=EDGE_LOOP('',(#2476,#2477,#2478,#2479));
#1479=EDGE_LOOP('',(#2480,#2481,#2482,#2483));
#1480=EDGE_LOOP('',(#2484,#2485,#2486,#2487));
#1481=EDGE_LOOP('',(#2488,#2489,#2490,#2491));
#1482=EDGE_LOOP('',(#2492,#2493,#2494,#2495));
#1483=EDGE_LOOP('',(#2496,#2497,#2498,#2499));
#1484=EDGE_LOOP('',(#2500,#2501,#2502,#2503));
#1485=EDGE_LOOP('',(#2504,#2505,#2506,#2507));
#1486=EDGE_LOOP('',(#2508,#2509,#2510,#2511));
#1487=EDGE_LOOP('',(#2512,#2513,#2514,#2515));
#1488=EDGE_LOOP('',(#2516,#2517,#2518,#2519));
#1489=EDGE_LOOP('',(#2520,#2521,#2522,#2523));
#1490=EDGE_LOOP('',(#2524,#2525,#2526,#2527));
#1491=EDGE_LOOP('',(#2528,#2529,#2530,#2531,#2532,#2533,#2534,#2535,#2536,
#2537));
#1492=EDGE_LOOP('',(#2538,#2539,#2540,#2541));
#1493=EDGE_LOOP('',(#2542,#2543,#2544,#2545));
#1494=EDGE_LOOP('',(#2546,#2547,#2548,#2549,#2550,#2551,#2552,#2553,#2554,
#2555));
#1495=EDGE_LOOP('',(#2556,#2557,#2558,#2559));
#1496=EDGE_LOOP('',(#2560,#2561,#2562,#2563));
#1497=EDGE_LOOP('',(#2564,#2565,#2566,#2567));
#1498=EDGE_LOOP('',(#2568,#2569,#2570,#2571));
#1499=EDGE_LOOP('',(#2572,#2573,#2574,#2575));
#1500=EDGE_LOOP('',(#2576,#2577,#2578,#2579));
#1501=EDGE_LOOP('',(#2580,#2581,#2582,#2583));
#1502=EDGE_LOOP('',(#2584,#2585,#2586,#2587));
#1503=EDGE_LOOP('',(#2588,#2589,#2590,#2591));
#1504=EDGE_LOOP('',(#2592,#2593,#2594,#2595));
#1505=EDGE_LOOP('',(#2596,#2597,#2598,#2599));
#1506=EDGE_LOOP('',(#2600,#2601,#2602,#2603));
#1507=EDGE_LOOP('',(#2604,#2605,#2606,#2607));
#1508=EDGE_LOOP('',(#2608,#2609,#2610,#2611));
#1509=EDGE_LOOP('',(#2612,#2613,#2614,#2615));
#1510=EDGE_LOOP('',(#2616,#2617,#2618,#2619));
#1511=EDGE_LOOP('',(#2620,#2621,#2622,#2623));
#1512=EDGE_LOOP('',(#2624,#2625,#2626,#2627));
#1513=EDGE_LOOP('',(#2628,#2629,#2630,#2631));
#1514=EDGE_LOOP('',(#2632,#2633,#2634,#2635));
#1515=EDGE_LOOP('',(#2636,#2637,#2638,#2639));
#1516=EDGE_LOOP('',(#2640,#2641,#2642,#2643,#2644,#2645));
#1517=EDGE_LOOP('',(#2646,#2647,#2648,#2649));
#1518=EDGE_LOOP('',(#2650,#2651,#2652,#2653));
#1519=EDGE_LOOP('',(#2654,#2655,#2656,#2657));
#1520=EDGE_LOOP('',(#2658,#2659,#2660,#2661));
#1521=EDGE_LOOP('',(#2662,#2663,#2664,#2665));
#1522=EDGE_LOOP('',(#2666,#2667,#2668,#2669));
#1523=EDGE_LOOP('',(#2670,#2671,#2672,#2673));
#1524=EDGE_LOOP('',(#2674,#2675,#2676,#2677));
#1525=EDGE_LOOP('',(#2678,#2679,#2680,#2681));
#1526=EDGE_LOOP('',(#2682,#2683,#2684,#2685,#2686,#2687,#2688,#2689));
#1527=EDGE_LOOP('',(#2690,#2691,#2692,#2693));
#1528=EDGE_LOOP('',(#2694,#2695,#2696,#2697));
#1529=EDGE_LOOP('',(#2698,#2699,#2700,#2701,#2702,#2703,#2704));
#1530=EDGE_LOOP('',(#2705,#2706,#2707,#2708));
#1531=EDGE_LOOP('',(#2709,#2710,#2711,#2712,#2713,#2714,#2715,#2716));
#1532=EDGE_LOOP('',(#2717,#2718,#2719,#2720));
#1533=EDGE_LOOP('',(#2721,#2722,#2723,#2724,#2725,#2726,#2727,#2728));
#1534=EDGE_LOOP('',(#2729,#2730,#2731,#2732));
#1535=EDGE_LOOP('',(#2733,#2734,#2735,#2736));
#1536=EDGE_LOOP('',(#2737,#2738,#2739,#2740,#2741,#2742));
#1537=EDGE_LOOP('',(#2743,#2744,#2745,#2746));
#1538=EDGE_LOOP('',(#2747,#2748,#2749,#2750,#2751,#2752));
#1539=EDGE_LOOP('',(#2753,#2754,#2755,#2756));
#1540=EDGE_LOOP('',(#2757,#2758,#2759,#2760,#2761));
#1541=EDGE_LOOP('',(#2762,#2763,#2764,#2765,#2766));
#1542=EDGE_LOOP('',(#2767,#2768,#2769,#2770));
#1543=EDGE_LOOP('',(#2771,#2772,#2773,#2774));
#1544=EDGE_LOOP('',(#2775,#2776,#2777,#2778));
#1545=EDGE_LOOP('',(#2779,#2780,#2781,#2782));
#1546=EDGE_LOOP('',(#2783,#2784,#2785,#2786));
#1547=EDGE_LOOP('',(#2787,#2788,#2789,#2790));
#1548=EDGE_LOOP('',(#2791,#2792,#2793,#2794));
#1549=EDGE_LOOP('',(#2795,#2796,#2797,#2798));
#1550=EDGE_LOOP('',(#2799,#2800,#2801,#2802));
#1551=EDGE_LOOP('',(#2803,#2804,#2805,#2806));
#1552=EDGE_LOOP('',(#2807,#2808,#2809,#2810));
#1553=EDGE_LOOP('',(#2811,#2812,#2813,#2814));
#1554=EDGE_LOOP('',(#2815,#2816,#2817,#2818));
#1555=EDGE_LOOP('',(#2819,#2820,#2821,#2822));
#1556=EDGE_LOOP('',(#2823,#2824,#2825,#2826));
#1557=EDGE_LOOP('',(#2827,#2828,#2829,#2830));
#1558=EDGE_LOOP('',(#2831,#2832,#2833,#2834));
#1559=EDGE_LOOP('',(#2835,#2836,#2837,#2838));
#1560=EDGE_LOOP('',(#2839,#2840,#2841,#2842));
#1561=EDGE_LOOP('',(#2843,#2844,#2845,#2846));
#1562=EDGE_LOOP('',(#2847,#2848,#2849,#2850));
#1563=EDGE_LOOP('',(#2851,#2852,#2853,#2854));
#1564=EDGE_LOOP('',(#2855,#2856,#2857,#2858));
#1565=EDGE_LOOP('',(#2859,#2860,#2861,#2862));
#1566=EDGE_LOOP('',(#2863,#2864,#2865,#2866));
#1567=EDGE_LOOP('',(#2867,#2868,#2869,#2870));
#1568=EDGE_LOOP('',(#2871,#2872,#2873,#2874));
#1569=EDGE_LOOP('',(#2875,#2876,#2877,#2878));
#1570=EDGE_LOOP('',(#2879,#2880,#2881));
#1571=EDGE_LOOP('',(#2882,#2883,#2884,#2885,#2886,#2887,#2888,#2889,#2890,
#2891,#2892,#2893,#2894,#2895,#2896,#2897,#2898,#2899,#2900,#2901,#2902,
#2903,#2904));
#1572=EDGE_LOOP('',(#2905,#2906,#2907));
#1573=EDGE_LOOP('',(#2908,#2909,#2910,#2911));
#1574=EDGE_LOOP('',(#2912,#2913,#2914,#2915));
#1575=EDGE_LOOP('',(#2916,#2917,#2918,#2919));
#1576=EDGE_LOOP('',(#2920,#2921,#2922,#2923));
#1577=EDGE_LOOP('',(#2924,#2925,#2926,#2927));
#1578=EDGE_LOOP('',(#2928,#2929,#2930,#2931));
#1579=EDGE_LOOP('',(#2932,#2933,#2934,#2935));
#1580=EDGE_LOOP('',(#2936,#2937,#2938,#2939));
#1581=EDGE_LOOP('',(#2940,#2941,#2942,#2943));
#1582=EDGE_LOOP('',(#2944,#2945,#2946,#2947));
#1583=EDGE_LOOP('',(#2948,#2949,#2950,#2951));
#1584=EDGE_LOOP('',(#2952,#2953,#2954,#2955,#2956,#2957,#2958,#2959,#2960,
#2961,#2962));
#1585=EDGE_LOOP('',(#2963,#2964,#2965,#2966));
#1586=EDGE_LOOP('',(#2967,#2968,#2969,#2970));
#1587=EDGE_LOOP('',(#2971,#2972,#2973,#2974));
#1588=EDGE_LOOP('',(#2975,#2976,#2977,#2978));
#1589=EDGE_LOOP('',(#2979,#2980,#2981,#2982));
#1590=EDGE_LOOP('',(#2983,#2984,#2985,#2986));
#1591=EDGE_LOOP('',(#2987,#2988,#2989,#2990));
#1592=EDGE_LOOP('',(#2991,#2992,#2993,#2994));
#1593=EDGE_LOOP('',(#2995,#2996,#2997,#2998));
#1594=EDGE_LOOP('',(#2999,#3000,#3001,#3002));
#1595=EDGE_LOOP('',(#3003,#3004,#3005,#3006));
#1596=EDGE_LOOP('',(#3007,#3008,#3009,#3010));
#1597=EDGE_LOOP('',(#3011,#3012,#3013,#3014));
#1598=EDGE_LOOP('',(#3015,#3016,#3017,#3018));
#1599=EDGE_LOOP('',(#3019,#3020,#3021,#3022));
#1600=EDGE_LOOP('',(#3023,#3024,#3025,#3026));
#1601=EDGE_LOOP('',(#3027,#3028,#3029,#3030,#3031,#3032,#3033,#3034,#3035,
#3036,#3037,#3038,#3039,#3040,#3041,#3042));
#1602=EDGE_LOOP('',(#3043,#3044,#3045,#3046));
#1603=EDGE_LOOP('',(#3047,#3048,#3049,#3050));
#1604=EDGE_LOOP('',(#3051,#3052,#3053,#3054));
#1605=EDGE_LOOP('',(#3055,#3056,#3057,#3058));
#1606=EDGE_LOOP('',(#3059,#3060,#3061,#3062));
#1607=EDGE_LOOP('',(#3063,#3064,#3065,#3066));
#1608=EDGE_LOOP('',(#3067,#3068,#3069,#3070));
#1609=EDGE_LOOP('',(#3071,#3072,#3073,#3074));
#1610=EDGE_LOOP('',(#3075,#3076,#3077,#3078));
#1611=EDGE_LOOP('',(#3079,#3080,#3081,#3082));
#1612=EDGE_LOOP('',(#3083,#3084,#3085,#3086));
#1613=EDGE_LOOP('',(#3087,#3088,#3089,#3090));
#1614=EDGE_LOOP('',(#3091,#3092,#3093,#3094));
#1615=EDGE_LOOP('',(#3095,#3096,#3097,#3098));
#1616=EDGE_LOOP('',(#3099,#3100,#3101,#3102));
#1617=EDGE_LOOP('',(#3103,#3104,#3105,#3106));
#1618=EDGE_LOOP('',(#3107,#3108,#3109,#3110));
#1619=EDGE_LOOP('',(#3111,#3112,#3113,#3114));
#1620=EDGE_LOOP('',(#3115,#3116,#3117,#3118));
#1621=EDGE_LOOP('',(#3119,#3120,#3121,#3122));
#1622=EDGE_LOOP('',(#3123,#3124,#3125,#3126));
#1623=EDGE_LOOP('',(#3127,#3128,#3129,#3130));
#1624=EDGE_LOOP('',(#3131,#3132,#3133,#3134));
#1625=EDGE_LOOP('',(#3135,#3136,#3137,#3138));
#1626=EDGE_LOOP('',(#3139,#3140,#3141,#3142));
#1627=EDGE_LOOP('',(#3143,#3144,#3145,#3146,#3147,#3148,#3149,#3150,#3151,
#3152,#3153,#3154,#3155,#3156,#3157,#3158,#3159,#3160,#3161,#3162,#3163,
#3164,#3165,#3166,#3167));
#1628=EDGE_LOOP('',(#3168,#3169,#3170,#3171));
#1629=EDGE_LOOP('',(#3172,#3173,#3174,#3175));
#1630=EDGE_LOOP('',(#3176,#3177,#3178,#3179));
#1631=EDGE_LOOP('',(#3180,#3181,#3182,#3183));
#1632=EDGE_LOOP('',(#3184,#3185,#3186,#3187));
#1633=EDGE_LOOP('',(#3188,#3189,#3190,#3191));
#1634=EDGE_LOOP('',(#3192,#3193,#3194,#3195));
#1635=EDGE_LOOP('',(#3196,#3197,#3198,#3199));
#1636=EDGE_LOOP('',(#3200,#3201,#3202,#3203));
#1637=EDGE_LOOP('',(#3204,#3205,#3206,#3207,#3208,#3209));
#1638=EDGE_LOOP('',(#3210,#3211,#3212,#3213));
#1639=EDGE_LOOP('',(#3214,#3215,#3216,#3217));
#1640=EDGE_LOOP('',(#3218,#3219,#3220,#3221));
#1641=EDGE_LOOP('',(#3222,#3223,#3224,#3225));
#1642=EDGE_LOOP('',(#3226,#3227,#3228,#3229));
#1643=EDGE_LOOP('',(#3230,#3231,#3232,#3233));
#1644=EDGE_LOOP('',(#3234,#3235,#3236,#3237));
#1645=EDGE_LOOP('',(#3238,#3239,#3240,#3241));
#1646=EDGE_LOOP('',(#3242,#3243,#3244,#3245));
#1647=EDGE_LOOP('',(#3246,#3247,#3248,#3249));
#1648=EDGE_LOOP('',(#3250,#3251,#3252,#3253));
#1649=EDGE_LOOP('',(#3254,#3255,#3256,#3257));
#1650=EDGE_LOOP('',(#3258,#3259,#3260,#3261));
#1651=EDGE_LOOP('',(#3262,#3263,#3264,#3265));
#1652=EDGE_LOOP('',(#3266,#3267,#3268,#3269,#3270,#3271));
#1653=EDGE_LOOP('',(#3272,#3273,#3274,#3275,#3276,#3277,#3278,#3279));
#1654=EDGE_LOOP('',(#3280,#3281,#3282,#3283,#3284,#3285));
#1655=EDGE_LOOP('',(#3286,#3287,#3288,#3289));
#1656=EDGE_LOOP('',(#3290,#3291,#3292,#3293));
#1657=EDGE_LOOP('',(#3294,#3295,#3296,#3297));
#1658=EDGE_LOOP('',(#3298,#3299,#3300,#3301));
#1659=EDGE_LOOP('',(#3302,#3303,#3304,#3305));
#1660=EDGE_LOOP('',(#3306,#3307,#3308,#3309));
#1661=EDGE_LOOP('',(#3310,#3311,#3312,#3313));
#1662=EDGE_LOOP('',(#3314,#3315,#3316,#3317));
#1663=EDGE_LOOP('',(#3318,#3319,#3320,#3321));
#1664=EDGE_LOOP('',(#3322,#3323,#3324,#3325));
#1665=EDGE_LOOP('',(#3326,#3327,#3328));
#1666=EDGE_LOOP('',(#3329,#3330,#3331,#3332,#3333,#3334,#3335));
#1667=EDGE_LOOP('',(#3336,#3337,#3338));
#1668=EDGE_LOOP('',(#3339,#3340,#3341,#3342));
#1669=EDGE_LOOP('',(#3343,#3344,#3345,#3346));
#1670=EDGE_LOOP('',(#3347,#3348,#3349,#3350));
#1671=EDGE_LOOP('',(#3351,#3352,#3353,#3354));
#1672=EDGE_LOOP('',(#3355,#3356,#3357,#3358));
#1673=EDGE_LOOP('',(#3359,#3360,#3361,#3362));
#1674=EDGE_LOOP('',(#3363,#3364,#3365,#3366,#3367,#3368));
#1675=EDGE_LOOP('',(#3369,#3370,#3371,#3372));
#1676=EDGE_LOOP('',(#3373,#3374,#3375,#3376,#3377));
#1677=EDGE_LOOP('',(#3378,#3379,#3380,#3381));
#1678=EDGE_LOOP('',(#3382,#3383,#3384,#3385,#3386));
#1679=EDGE_LOOP('',(#3387,#3388,#3389,#3390,#3391,#3392));
#1680=EDGE_LOOP('',(#3393,#3394,#3395,#3396));
#1681=EDGE_LOOP('',(#3397,#3398,#3399,#3400));
#1682=EDGE_LOOP('',(#3401,#3402,#3403,#3404,#3405,#3406,#3407,#3408,#3409,
#3410,#3411,#3412,#3413,#3414,#3415,#3416));
#1683=EDGE_LOOP('',(#3417,#3418,#3419,#3420,#3421,#3422,#3423,#3424,#3425,
#3426,#3427,#3428,#3429,#3430,#3431,#3432));
#1684=EDGE_LOOP('',(#3433,#3434,#3435,#3436));
#1685=EDGE_LOOP('',(#3437,#3438,#3439,#3440));
#1686=EDGE_LOOP('',(#3441,#3442,#3443,#3444));
#1687=EDGE_LOOP('',(#3445,#3446,#3447,#3448));
#1688=EDGE_LOOP('',(#3449,#3450,#3451,#3452));
#1689=EDGE_LOOP('',(#3453,#3454,#3455,#3456));
#1690=EDGE_LOOP('',(#3457,#3458,#3459,#3460));
#1691=EDGE_LOOP('',(#3461,#3462,#3463,#3464));
#1692=EDGE_LOOP('',(#3465,#3466,#3467,#3468));
#1693=EDGE_LOOP('',(#3469,#3470,#3471,#3472));
#1694=EDGE_LOOP('',(#3473,#3474,#3475,#3476));
#1695=EDGE_LOOP('',(#3477,#3478,#3479,#3480));
#1696=EDGE_LOOP('',(#3481,#3482,#3483,#3484));
#1697=EDGE_LOOP('',(#3485,#3486,#3487,#3488));
#1698=EDGE_LOOP('',(#3489,#3490,#3491,#3492));
#1699=EDGE_LOOP('',(#3493,#3494,#3495,#3496));
#1700=EDGE_LOOP('',(#3497,#3498,#3499,#3500));
#1701=EDGE_LOOP('',(#3501,#3502,#3503,#3504,#3505));
#1702=EDGE_LOOP('',(#3506,#3507,#3508,#3509));
#1703=EDGE_LOOP('',(#3510,#3511,#3512,#3513));
#1704=EDGE_LOOP('',(#3514,#3515,#3516,#3517,#3518));
#1705=EDGE_LOOP('',(#3519,#3520,#3521,#3522));
#1706=EDGE_LOOP('',(#3523,#3524,#3525,#3526));
#1707=EDGE_LOOP('',(#3527,#3528,#3529,#3530));
#1708=EDGE_LOOP('',(#3531,#3532,#3533,#3534));
#1709=EDGE_LOOP('',(#3535,#3536,#3537,#3538,#3539,#3540,#3541,#3542,#3543,
#3544,#3545,#3546,#3547,#3548,#3549,#3550));
#1710=EDGE_LOOP('',(#3551,#3552,#3553,#3554,#3555,#3556,#3557,#3558,#3559,
#3560,#3561,#3562,#3563,#3564,#3565,#3566));
#1711=EDGE_LOOP('',(#3567,#3568,#3569,#3570));
#1712=EDGE_LOOP('',(#3571,#3572,#3573,#3574));
#1713=EDGE_LOOP('',(#3575,#3576,#3577,#3578));
#1714=EDGE_LOOP('',(#3579,#3580,#3581,#3582));
#1715=EDGE_LOOP('',(#3583,#3584,#3585,#3586));
#1716=EDGE_LOOP('',(#3587,#3588,#3589,#3590));
#1717=EDGE_LOOP('',(#3591,#3592,#3593,#3594));
#1718=EDGE_LOOP('',(#3595,#3596,#3597,#3598));
#1719=EDGE_LOOP('',(#3599,#3600,#3601,#3602));
#1720=EDGE_LOOP('',(#3603,#3604,#3605,#3606));
#1721=EDGE_LOOP('',(#3607,#3608,#3609,#3610));
#1722=EDGE_LOOP('',(#3611,#3612,#3613,#3614));
#1723=EDGE_LOOP('',(#3615,#3616,#3617,#3618));
#1724=EDGE_LOOP('',(#3619,#3620,#3621,#3622));
#1725=EDGE_LOOP('',(#3623,#3624,#3625,#3626));
#1726=EDGE_LOOP('',(#3627,#3628,#3629,#3630));
#1727=EDGE_LOOP('',(#3631,#3632,#3633,#3634));
#1728=EDGE_LOOP('',(#3635,#3636,#3637,#3638));
#1729=EDGE_LOOP('',(#3639,#3640,#3641,#3642));
#1730=EDGE_LOOP('',(#3643,#3644,#3645,#3646,#3647,#3648,#3649,#3650,#3651,
#3652,#3653,#3654,#3655,#3656,#3657,#3658));
#1731=EDGE_LOOP('',(#3659,#3660,#3661,#3662,#3663,#3664,#3665,#3666,#3667,
#3668,#3669,#3670,#3671,#3672,#3673,#3674));
#1732=EDGE_LOOP('',(#3675,#3676,#3677,#3678));
#1733=EDGE_LOOP('',(#3679,#3680,#3681,#3682));
#1734=EDGE_LOOP('',(#3683,#3684,#3685,#3686));
#1735=EDGE_LOOP('',(#3687,#3688,#3689,#3690));
#1736=EDGE_LOOP('',(#3691,#3692,#3693,#3694));
#1737=EDGE_LOOP('',(#3695,#3696,#3697,#3698));
#1738=EDGE_LOOP('',(#3699,#3700,#3701,#3702));
#1739=EDGE_LOOP('',(#3703,#3704,#3705,#3706));
#1740=EDGE_LOOP('',(#3707,#3708,#3709,#3710));
#1741=EDGE_LOOP('',(#3711,#3712,#3713,#3714));
#1742=EDGE_LOOP('',(#3715,#3716,#3717,#3718));
#1743=EDGE_LOOP('',(#3719,#3720,#3721,#3722));
#1744=EDGE_LOOP('',(#3723,#3724,#3725,#3726));
#1745=EDGE_LOOP('',(#3727,#3728,#3729,#3730));
#1746=EDGE_LOOP('',(#3731,#3732,#3733,#3734));
#1747=EDGE_LOOP('',(#3735,#3736,#3737,#3738));
#1748=EDGE_LOOP('',(#3739,#3740,#3741,#3742));
#1749=EDGE_LOOP('',(#3743,#3744,#3745,#3746));
#1750=EDGE_LOOP('',(#3747,#3748,#3749,#3750));
#1751=EDGE_LOOP('',(#3751,#3752,#3753,#3754));
#1752=EDGE_LOOP('',(#3755,#3756,#3757,#3758));
#1753=EDGE_LOOP('',(#3759,#3760,#3761,#3762));
#1754=EDGE_LOOP('',(#3763,#3764,#3765,#3766,#3767));
#1755=EDGE_LOOP('',(#3768,#3769,#3770,#3771,#3772));
#1756=EDGE_LOOP('',(#3773,#3774,#3775,#3776));
#1757=EDGE_LOOP('',(#3777,#3778,#3779,#3780));
#1758=EDGE_LOOP('',(#3781,#3782,#3783,#3784,#3785));
#1759=EDGE_LOOP('',(#3786,#3787,#3788,#3789));
#1760=EDGE_LOOP('',(#3790,#3791,#3792,#3793));
#1761=EDGE_LOOP('',(#3794,#3795,#3796,#3797,#3798));
#1762=EDGE_LOOP('',(#3799,#3800,#3801,#3802));
#1763=EDGE_LOOP('',(#3803,#3804,#3805,#3806));
#1764=EDGE_LOOP('',(#3807,#3808,#3809,#3810));
#1765=EDGE_LOOP('',(#3811,#3812,#3813,#3814));
#1766=EDGE_LOOP('',(#3815,#3816,#3817,#3818));
#1767=EDGE_LOOP('',(#3819,#3820,#3821,#3822));
#1768=EDGE_LOOP('',(#3823,#3824,#3825,#3826));
#1769=EDGE_LOOP('',(#3827,#3828,#3829,#3830));
#1770=EDGE_LOOP('',(#3831,#3832,#3833,#3834));
#1771=EDGE_LOOP('',(#3835,#3836,#3837,#3838));
#1772=EDGE_LOOP('',(#3839,#3840,#3841,#3842));
#1773=EDGE_LOOP('',(#3843,#3844,#3845,#3846));
#1774=EDGE_LOOP('',(#3847,#3848,#3849,#3850));
#1775=EDGE_LOOP('',(#3851,#3852,#3853,#3854));
#1776=EDGE_LOOP('',(#3855,#3856,#3857,#3858));
#1777=EDGE_LOOP('',(#3859,#3860,#3861,#3862));
#1778=EDGE_LOOP('',(#3863,#3864,#3865,#3866));
#1779=EDGE_LOOP('',(#3867,#3868,#3869,#3870));
#1780=EDGE_LOOP('',(#3871,#3872,#3873,#3874));
#1781=EDGE_LOOP('',(#3875,#3876,#3877,#3878));
#1782=EDGE_LOOP('',(#3879,#3880,#3881,#3882,#3883));
#1783=EDGE_LOOP('',(#3884,#3885,#3886,#3887));
#1784=EDGE_LOOP('',(#3888,#3889,#3890,#3891));
#1785=EDGE_LOOP('',(#3892,#3893,#3894,#3895));
#1786=EDGE_LOOP('',(#3896,#3897,#3898,#3899));
#1787=EDGE_LOOP('',(#3900,#3901,#3902,#3903,#3904));
#1788=EDGE_LOOP('',(#3905,#3906,#3907,#3908));
#1789=EDGE_LOOP('',(#3909,#3910,#3911,#3912));
#1790=EDGE_LOOP('',(#3913,#3914,#3915,#3916));
#1791=EDGE_LOOP('',(#3917,#3918,#3919,#3920));
#1792=EDGE_LOOP('',(#3921,#3922,#3923,#3924));
#1793=EDGE_LOOP('',(#3925,#3926,#3927,#3928));
#1794=EDGE_LOOP('',(#3929,#3930,#3931,#3932));
#1795=EDGE_LOOP('',(#3933,#3934,#3935,#3936));
#1796=EDGE_LOOP('',(#3937,#3938,#3939,#3940));
#1797=EDGE_LOOP('',(#3941,#3942,#3943,#3944));
#1798=EDGE_LOOP('',(#3945,#3946,#3947,#3948));
#1799=EDGE_LOOP('',(#3949,#3950,#3951,#3952));
#1800=EDGE_LOOP('',(#3953,#3954,#3955,#3956));
#1801=EDGE_LOOP('',(#3957,#3958,#3959,#3960));
#1802=EDGE_LOOP('',(#3961,#3962,#3963,#3964));
#1803=EDGE_LOOP('',(#3965,#3966,#3967,#3968));
#1804=EDGE_LOOP('',(#3969,#3970,#3971,#3972));
#1805=EDGE_LOOP('',(#3973,#3974,#3975,#3976));
#1806=EDGE_LOOP('',(#3977,#3978,#3979));
#1807=EDGE_LOOP('',(#3980,#3981,#3982));
#1808=EDGE_LOOP('',(#3983,#3984,#3985,#3986));
#1809=EDGE_LOOP('',(#3987,#3988,#3989,#3990));
#1810=EDGE_LOOP('',(#3991,#3992,#3993,#3994));
#1811=EDGE_LOOP('',(#3995,#3996,#3997));
#1812=EDGE_LOOP('',(#3998,#3999,#4000));
#1813=EDGE_LOOP('',(#4001,#4002,#4003,#4004));
#1814=EDGE_LOOP('',(#4005,#4006,#4007,#4008));
#1815=EDGE_LOOP('',(#4009,#4010,#4011,#4012));
#1816=EDGE_LOOP('',(#4013,#4014,#4015,#4016));
#1817=EDGE_LOOP('',(#4017,#4018,#4019,#4020));
#1818=EDGE_LOOP('',(#4021,#4022,#4023,#4024));
#1819=EDGE_LOOP('',(#4025,#4026,#4027,#4028));
#1820=EDGE_LOOP('',(#4029,#4030,#4031,#4032));
#1821=CIRCLE('',#7822,0.05);
#1822=CIRCLE('',#7823,0.05);
#1823=CIRCLE('',#7828,0.05);
#1824=CIRCLE('',#7829,0.05);
#1825=CIRCLE('',#7831,0.05);
#1826=CIRCLE('',#7832,0.05);
#1827=CIRCLE('',#7893,0.05);
#1828=CIRCLE('',#7894,0.05);
#1829=CIRCLE('',#7895,0.05);
#1830=CIRCLE('',#7896,0.05);
#1831=CIRCLE('',#7897,0.05);
#1832=CIRCLE('',#7898,0.05);
#1833=CIRCLE('',#8100,0.5);
#1834=CIRCLE('',#8101,0.25);
#1835=CIRCLE('',#8102,0.5);
#1836=CIRCLE('',#8103,0.25);
#1837=CIRCLE('',#8104,0.5);
#1838=CIRCLE('',#8105,0.25);
#1839=CIRCLE('',#8107,0.25);
#1840=CIRCLE('',#8108,0.5);
#1841=CIRCLE('',#8109,0.25);
#1842=CIRCLE('',#8110,0.5);
#1843=CIRCLE('',#8111,0.25);
#1844=CIRCLE('',#8112,0.5);
#1845=CIRCLE('',#8139,0.25);
#1846=CIRCLE('',#8140,0.5);
#1847=CIRCLE('',#8141,0.25);
#1848=CIRCLE('',#8142,0.5);
#1849=CIRCLE('',#8143,0.25);
#1850=CIRCLE('',#8144,0.5);
#1851=CIRCLE('',#8146,0.5);
#1852=CIRCLE('',#8147,0.25);
#1853=CIRCLE('',#8148,0.5);
#1854=CIRCLE('',#8149,0.25);
#1855=CIRCLE('',#8150,0.5);
#1856=CIRCLE('',#8151,0.25);
#1857=CIRCLE('',#8172,0.5);
#1858=CIRCLE('',#8173,0.25);
#1859=CIRCLE('',#8174,0.5);
#1860=CIRCLE('',#8175,0.25);
#1861=CIRCLE('',#8176,0.5);
#1862=CIRCLE('',#8177,0.25);
#1863=CIRCLE('',#8179,0.25);
#1864=CIRCLE('',#8180,0.5);
#1865=CIRCLE('',#8181,0.25);
#1866=CIRCLE('',#8182,0.5);
#1867=CIRCLE('',#8183,0.25);
#1868=CIRCLE('',#8184,0.5);
#1869=CIRCLE('',#8208,0.05);
#1870=CIRCLE('',#8213,0.05);
#1871=CIRCLE('',#8238,0.05);
#1872=CIRCLE('',#8244,0.05);
#1873=CIRCLE('',#8258,0.1);
#1874=CIRCLE('',#8259,0.1);
#1875=CIRCLE('',#8266,0.1);
#1876=CIRCLE('',#8268,0.1);
#1877=CIRCLE('',#8273,0.1);
#1878=CIRCLE('',#8275,0.1);
#1879=CIRCLE('',#8281,0.1);
#1880=CIRCLE('',#8282,0.1);
#1881=ORIENTED_EDGE('',*,*,#4731,.F.);
#1882=ORIENTED_EDGE('',*,*,#4732,.T.);
#1883=ORIENTED_EDGE('',*,*,#4733,.F.);
#1884=ORIENTED_EDGE('',*,*,#4734,.T.);
#1885=ORIENTED_EDGE('',*,*,#4735,.F.);
#1886=ORIENTED_EDGE('',*,*,#4736,.F.);
#1887=ORIENTED_EDGE('',*,*,#4737,.F.);
#1888=ORIENTED_EDGE('',*,*,#4738,.F.);
#1889=ORIENTED_EDGE('',*,*,#4739,.T.);
#1890=ORIENTED_EDGE('',*,*,#4740,.F.);
#1891=ORIENTED_EDGE('',*,*,#4741,.T.);
#1892=ORIENTED_EDGE('',*,*,#4742,.T.);
#1893=ORIENTED_EDGE('',*,*,#4736,.T.);
#1894=ORIENTED_EDGE('',*,*,#4743,.T.);
#1895=ORIENTED_EDGE('',*,*,#4744,.F.);
#1896=ORIENTED_EDGE('',*,*,#4745,.T.);
#1897=ORIENTED_EDGE('',*,*,#4746,.T.);
#1898=ORIENTED_EDGE('',*,*,#4747,.F.);
#1899=ORIENTED_EDGE('',*,*,#4748,.T.);
#1900=ORIENTED_EDGE('',*,*,#4749,.F.);
#1901=ORIENTED_EDGE('',*,*,#4750,.T.);
#1902=ORIENTED_EDGE('',*,*,#4751,.F.);
#1903=ORIENTED_EDGE('',*,*,#4752,.T.);
#1904=ORIENTED_EDGE('',*,*,#4753,.F.);
#1905=ORIENTED_EDGE('',*,*,#4754,.T.);
#1906=ORIENTED_EDGE('',*,*,#4755,.F.);
#1907=ORIENTED_EDGE('',*,*,#4756,.T.);
#1908=ORIENTED_EDGE('',*,*,#4757,.F.);
#1909=ORIENTED_EDGE('',*,*,#4758,.T.);
#1910=ORIENTED_EDGE('',*,*,#4759,.F.);
#1911=ORIENTED_EDGE('',*,*,#4760,.T.);
#1912=ORIENTED_EDGE('',*,*,#4761,.T.);
#1913=ORIENTED_EDGE('',*,*,#4762,.F.);
#1914=ORIENTED_EDGE('',*,*,#4763,.F.);
#1915=ORIENTED_EDGE('',*,*,#4764,.T.);
#1916=ORIENTED_EDGE('',*,*,#4765,.F.);
#1917=ORIENTED_EDGE('',*,*,#4766,.T.);
#1918=ORIENTED_EDGE('',*,*,#4767,.F.);
#1919=ORIENTED_EDGE('',*,*,#4768,.F.);
#1920=ORIENTED_EDGE('',*,*,#4769,.F.);
#1921=ORIENTED_EDGE('',*,*,#4770,.F.);
#1922=ORIENTED_EDGE('',*,*,#4771,.F.);
#1923=ORIENTED_EDGE('',*,*,#4772,.F.);
#1924=ORIENTED_EDGE('',*,*,#4773,.F.);
#1925=ORIENTED_EDGE('',*,*,#4774,.F.);
#1926=ORIENTED_EDGE('',*,*,#4775,.T.);
#1927=ORIENTED_EDGE('',*,*,#4776,.F.);
#1928=ORIENTED_EDGE('',*,*,#4777,.F.);
#1929=ORIENTED_EDGE('',*,*,#4778,.T.);
#1930=ORIENTED_EDGE('',*,*,#4779,.T.);
#1931=ORIENTED_EDGE('',*,*,#4780,.F.);
#1932=ORIENTED_EDGE('',*,*,#4781,.F.);
#1933=ORIENTED_EDGE('',*,*,#4782,.T.);
#1934=ORIENTED_EDGE('',*,*,#4773,.T.);
#1935=ORIENTED_EDGE('',*,*,#4783,.F.);
#1936=ORIENTED_EDGE('',*,*,#4784,.F.);
#1937=ORIENTED_EDGE('',*,*,#4785,.T.);
#1938=ORIENTED_EDGE('',*,*,#4786,.T.);
#1939=ORIENTED_EDGE('',*,*,#4787,.F.);
#1940=ORIENTED_EDGE('',*,*,#4777,.T.);
#1941=ORIENTED_EDGE('',*,*,#4788,.T.);
#1942=ORIENTED_EDGE('',*,*,#4789,.F.);
#1943=ORIENTED_EDGE('',*,*,#4790,.T.);
#1944=ORIENTED_EDGE('',*,*,#4791,.F.);
#1945=ORIENTED_EDGE('',*,*,#4792,.F.);
#1946=ORIENTED_EDGE('',*,*,#4793,.T.);
#1947=ORIENTED_EDGE('',*,*,#4794,.T.);
#1948=ORIENTED_EDGE('',*,*,#4795,.F.);
#1949=ORIENTED_EDGE('',*,*,#4796,.F.);
#1950=ORIENTED_EDGE('',*,*,#4797,.F.);
#1951=ORIENTED_EDGE('',*,*,#4798,.T.);
#1952=ORIENTED_EDGE('',*,*,#4799,.F.);
#1953=ORIENTED_EDGE('',*,*,#4800,.T.);
#1954=ORIENTED_EDGE('',*,*,#4801,.F.);
#1955=ORIENTED_EDGE('',*,*,#4802,.T.);
#1956=ORIENTED_EDGE('',*,*,#4803,.F.);
#1957=ORIENTED_EDGE('',*,*,#4804,.T.);
#1958=ORIENTED_EDGE('',*,*,#4805,.T.);
#1959=ORIENTED_EDGE('',*,*,#4780,.T.);
#1960=ORIENTED_EDGE('',*,*,#4806,.T.);
#1961=ORIENTED_EDGE('',*,*,#4807,.T.);
#1962=ORIENTED_EDGE('',*,*,#4808,.T.);
#1963=ORIENTED_EDGE('',*,*,#4809,.T.);
#1964=ORIENTED_EDGE('',*,*,#4810,.F.);
#1965=ORIENTED_EDGE('',*,*,#4811,.F.);
#1966=ORIENTED_EDGE('',*,*,#4812,.F.);
#1967=ORIENTED_EDGE('',*,*,#4813,.T.);
#1968=ORIENTED_EDGE('',*,*,#4814,.T.);
#1969=ORIENTED_EDGE('',*,*,#4815,.F.);
#1970=ORIENTED_EDGE('',*,*,#4816,.F.);
#1971=ORIENTED_EDGE('',*,*,#4817,.F.);
#1972=ORIENTED_EDGE('',*,*,#4818,.T.);
#1973=ORIENTED_EDGE('',*,*,#4819,.F.);
#1974=ORIENTED_EDGE('',*,*,#4820,.F.);
#1975=ORIENTED_EDGE('',*,*,#4821,.F.);
#1976=ORIENTED_EDGE('',*,*,#4822,.F.);
#1977=ORIENTED_EDGE('',*,*,#4823,.F.);
#1978=ORIENTED_EDGE('',*,*,#4824,.F.);
#1979=ORIENTED_EDGE('',*,*,#4825,.F.);
#1980=ORIENTED_EDGE('',*,*,#4826,.F.);
#1981=ORIENTED_EDGE('',*,*,#4827,.T.);
#1982=ORIENTED_EDGE('',*,*,#4828,.F.);
#1983=ORIENTED_EDGE('',*,*,#4829,.F.);
#1984=ORIENTED_EDGE('',*,*,#4830,.F.);
#1985=ORIENTED_EDGE('',*,*,#4831,.F.);
#1986=ORIENTED_EDGE('',*,*,#4832,.F.);
#1987=ORIENTED_EDGE('',*,*,#4833,.F.);
#1988=ORIENTED_EDGE('',*,*,#4834,.F.);
#1989=ORIENTED_EDGE('',*,*,#4835,.F.);
#1990=ORIENTED_EDGE('',*,*,#4836,.F.);
#1991=ORIENTED_EDGE('',*,*,#4837,.F.);
#1992=ORIENTED_EDGE('',*,*,#4838,.F.);
#1993=ORIENTED_EDGE('',*,*,#4839,.F.);
#1994=ORIENTED_EDGE('',*,*,#4840,.F.);
#1995=ORIENTED_EDGE('',*,*,#4841,.T.);
#1996=ORIENTED_EDGE('',*,*,#4842,.F.);
#1997=ORIENTED_EDGE('',*,*,#4843,.T.);
#1998=ORIENTED_EDGE('',*,*,#4844,.F.);
#1999=ORIENTED_EDGE('',*,*,#4845,.T.);
#2000=ORIENTED_EDGE('',*,*,#4846,.T.);
#2001=ORIENTED_EDGE('',*,*,#4847,.T.);
#2002=ORIENTED_EDGE('',*,*,#4848,.T.);
#2003=ORIENTED_EDGE('',*,*,#4849,.T.);
#2004=ORIENTED_EDGE('',*,*,#4850,.T.);
#2005=ORIENTED_EDGE('',*,*,#4851,.F.);
#2006=ORIENTED_EDGE('',*,*,#4852,.F.);
#2007=ORIENTED_EDGE('',*,*,#4853,.T.);
#2008=ORIENTED_EDGE('',*,*,#4854,.F.);
#2009=ORIENTED_EDGE('',*,*,#4855,.F.);
#2010=ORIENTED_EDGE('',*,*,#4856,.F.);
#2011=ORIENTED_EDGE('',*,*,#4857,.T.);
#2012=ORIENTED_EDGE('',*,*,#4858,.T.);
#2013=ORIENTED_EDGE('',*,*,#4859,.T.);
#2014=ORIENTED_EDGE('',*,*,#4860,.T.);
#2015=ORIENTED_EDGE('',*,*,#4861,.T.);
#2016=ORIENTED_EDGE('',*,*,#4767,.T.);
#2017=ORIENTED_EDGE('',*,*,#4862,.T.);
#2018=ORIENTED_EDGE('',*,*,#4863,.T.);
#2019=ORIENTED_EDGE('',*,*,#4864,.T.);
#2020=ORIENTED_EDGE('',*,*,#4865,.T.);
#2021=ORIENTED_EDGE('',*,*,#4866,.T.);
#2022=ORIENTED_EDGE('',*,*,#4867,.T.);
#2023=ORIENTED_EDGE('',*,*,#4868,.T.);
#2024=ORIENTED_EDGE('',*,*,#4869,.T.);
#2025=ORIENTED_EDGE('',*,*,#4870,.F.);
#2026=ORIENTED_EDGE('',*,*,#4871,.F.);
#2027=ORIENTED_EDGE('',*,*,#4872,.T.);
#2028=ORIENTED_EDGE('',*,*,#4873,.T.);
#2029=ORIENTED_EDGE('',*,*,#4874,.T.);
#2030=ORIENTED_EDGE('',*,*,#4875,.F.);
#2031=ORIENTED_EDGE('',*,*,#4876,.F.);
#2032=ORIENTED_EDGE('',*,*,#4877,.F.);
#2033=ORIENTED_EDGE('',*,*,#4791,.T.);
#2034=ORIENTED_EDGE('',*,*,#4878,.F.);
#2035=ORIENTED_EDGE('',*,*,#4784,.T.);
#2036=ORIENTED_EDGE('',*,*,#4879,.F.);
#2037=ORIENTED_EDGE('',*,*,#4880,.F.);
#2038=ORIENTED_EDGE('',*,*,#4881,.F.);
#2039=ORIENTED_EDGE('',*,*,#4882,.F.);
#2040=ORIENTED_EDGE('',*,*,#4883,.F.);
#2041=ORIENTED_EDGE('',*,*,#4884,.F.);
#2042=ORIENTED_EDGE('',*,*,#4885,.T.);
#2043=ORIENTED_EDGE('',*,*,#4886,.T.);
#2044=ORIENTED_EDGE('',*,*,#4887,.T.);
#2045=ORIENTED_EDGE('',*,*,#4888,.T.);
#2046=ORIENTED_EDGE('',*,*,#4889,.T.);
#2047=ORIENTED_EDGE('',*,*,#4890,.T.);
#2048=ORIENTED_EDGE('',*,*,#4891,.T.);
#2049=ORIENTED_EDGE('',*,*,#4892,.T.);
#2050=ORIENTED_EDGE('',*,*,#4893,.T.);
#2051=ORIENTED_EDGE('',*,*,#4894,.T.);
#2052=ORIENTED_EDGE('',*,*,#4895,.T.);
#2053=ORIENTED_EDGE('',*,*,#4896,.F.);
#2054=ORIENTED_EDGE('',*,*,#4897,.F.);
#2055=ORIENTED_EDGE('',*,*,#4898,.F.);
#2056=ORIENTED_EDGE('',*,*,#4899,.F.);
#2057=ORIENTED_EDGE('',*,*,#4900,.F.);
#2058=ORIENTED_EDGE('',*,*,#4901,.F.);
#2059=ORIENTED_EDGE('',*,*,#4902,.T.);
#2060=ORIENTED_EDGE('',*,*,#4903,.F.);
#2061=ORIENTED_EDGE('',*,*,#4904,.F.);
#2062=ORIENTED_EDGE('',*,*,#4905,.F.);
#2063=ORIENTED_EDGE('',*,*,#4906,.F.);
#2064=ORIENTED_EDGE('',*,*,#4907,.F.);
#2065=ORIENTED_EDGE('',*,*,#4908,.F.);
#2066=ORIENTED_EDGE('',*,*,#4909,.F.);
#2067=ORIENTED_EDGE('',*,*,#4910,.T.);
#2068=ORIENTED_EDGE('',*,*,#4911,.F.);
#2069=ORIENTED_EDGE('',*,*,#4912,.T.);
#2070=ORIENTED_EDGE('',*,*,#4913,.F.);
#2071=ORIENTED_EDGE('',*,*,#4914,.T.);
#2072=ORIENTED_EDGE('',*,*,#4915,.T.);
#2073=ORIENTED_EDGE('',*,*,#4916,.T.);
#2074=ORIENTED_EDGE('',*,*,#4917,.F.);
#2075=ORIENTED_EDGE('',*,*,#4918,.F.);
#2076=ORIENTED_EDGE('',*,*,#4919,.T.);
#2077=ORIENTED_EDGE('',*,*,#4920,.T.);
#2078=ORIENTED_EDGE('',*,*,#4921,.F.);
#2079=ORIENTED_EDGE('',*,*,#4922,.F.);
#2080=ORIENTED_EDGE('',*,*,#4923,.F.);
#2081=ORIENTED_EDGE('',*,*,#4924,.F.);
#2082=ORIENTED_EDGE('',*,*,#4925,.F.);
#2083=ORIENTED_EDGE('',*,*,#4926,.T.);
#2084=ORIENTED_EDGE('',*,*,#4927,.F.);
#2085=ORIENTED_EDGE('',*,*,#4928,.T.);
#2086=ORIENTED_EDGE('',*,*,#4929,.T.);
#2087=ORIENTED_EDGE('',*,*,#4930,.F.);
#2088=ORIENTED_EDGE('',*,*,#4931,.T.);
#2089=ORIENTED_EDGE('',*,*,#4932,.T.);
#2090=ORIENTED_EDGE('',*,*,#4933,.F.);
#2091=ORIENTED_EDGE('',*,*,#4934,.T.);
#2092=ORIENTED_EDGE('',*,*,#4935,.T.);
#2093=ORIENTED_EDGE('',*,*,#4936,.T.);
#2094=ORIENTED_EDGE('',*,*,#4937,.T.);
#2095=ORIENTED_EDGE('',*,*,#4938,.F.);
#2096=ORIENTED_EDGE('',*,*,#4939,.T.);
#2097=ORIENTED_EDGE('',*,*,#4940,.T.);
#2098=ORIENTED_EDGE('',*,*,#4941,.F.);
#2099=ORIENTED_EDGE('',*,*,#4942,.F.);
#2100=ORIENTED_EDGE('',*,*,#4943,.F.);
#2101=ORIENTED_EDGE('',*,*,#4944,.F.);
#2102=ORIENTED_EDGE('',*,*,#4945,.F.);
#2103=ORIENTED_EDGE('',*,*,#4946,.F.);
#2104=ORIENTED_EDGE('',*,*,#4947,.F.);
#2105=ORIENTED_EDGE('',*,*,#4948,.F.);
#2106=ORIENTED_EDGE('',*,*,#4949,.F.);
#2107=ORIENTED_EDGE('',*,*,#4950,.F.);
#2108=ORIENTED_EDGE('',*,*,#4951,.F.);
#2109=ORIENTED_EDGE('',*,*,#4952,.F.);
#2110=ORIENTED_EDGE('',*,*,#4953,.F.);
#2111=ORIENTED_EDGE('',*,*,#4954,.F.);
#2112=ORIENTED_EDGE('',*,*,#4955,.T.);
#2113=ORIENTED_EDGE('',*,*,#4956,.T.);
#2114=ORIENTED_EDGE('',*,*,#4957,.T.);
#2115=ORIENTED_EDGE('',*,*,#4958,.T.);
#2116=ORIENTED_EDGE('',*,*,#4959,.T.);
#2117=ORIENTED_EDGE('',*,*,#4960,.T.);
#2118=ORIENTED_EDGE('',*,*,#4961,.T.);
#2119=ORIENTED_EDGE('',*,*,#4962,.T.);
#2120=ORIENTED_EDGE('',*,*,#4963,.T.);
#2121=ORIENTED_EDGE('',*,*,#4964,.F.);
#2122=ORIENTED_EDGE('',*,*,#4800,.F.);
#2123=ORIENTED_EDGE('',*,*,#4965,.T.);
#2124=ORIENTED_EDGE('',*,*,#4966,.T.);
#2125=ORIENTED_EDGE('',*,*,#4778,.F.);
#2126=ORIENTED_EDGE('',*,*,#4790,.F.);
#2127=ORIENTED_EDGE('',*,*,#4967,.T.);
#2128=ORIENTED_EDGE('',*,*,#4968,.T.);
#2129=ORIENTED_EDGE('',*,*,#4969,.T.);
#2130=ORIENTED_EDGE('',*,*,#4970,.T.);
#2131=ORIENTED_EDGE('',*,*,#4971,.F.);
#2132=ORIENTED_EDGE('',*,*,#4972,.F.);
#2133=ORIENTED_EDGE('',*,*,#4973,.T.);
#2134=ORIENTED_EDGE('',*,*,#4974,.F.);
#2135=ORIENTED_EDGE('',*,*,#4975,.T.);
#2136=ORIENTED_EDGE('',*,*,#4976,.T.);
#2137=ORIENTED_EDGE('',*,*,#4977,.T.);
#2138=ORIENTED_EDGE('',*,*,#4978,.T.);
#2139=ORIENTED_EDGE('',*,*,#4979,.T.);
#2140=ORIENTED_EDGE('',*,*,#4980,.T.);
#2141=ORIENTED_EDGE('',*,*,#4981,.T.);
#2142=ORIENTED_EDGE('',*,*,#4982,.T.);
#2143=ORIENTED_EDGE('',*,*,#4974,.T.);
#2144=ORIENTED_EDGE('',*,*,#4983,.T.);
#2145=ORIENTED_EDGE('',*,*,#4984,.T.);
#2146=ORIENTED_EDGE('',*,*,#4985,.T.);
#2147=ORIENTED_EDGE('',*,*,#4986,.F.);
#2148=ORIENTED_EDGE('',*,*,#4987,.T.);
#2149=ORIENTED_EDGE('',*,*,#4988,.F.);
#2150=ORIENTED_EDGE('',*,*,#4989,.F.);
#2151=ORIENTED_EDGE('',*,*,#4990,.T.);
#2152=ORIENTED_EDGE('',*,*,#4991,.T.);
#2153=ORIENTED_EDGE('',*,*,#4992,.F.);
#2154=ORIENTED_EDGE('',*,*,#4993,.F.);
#2155=ORIENTED_EDGE('',*,*,#4994,.F.);
#2156=ORIENTED_EDGE('',*,*,#4995,.T.);
#2157=ORIENTED_EDGE('',*,*,#4996,.T.);
#2158=ORIENTED_EDGE('',*,*,#4997,.T.);
#2159=ORIENTED_EDGE('',*,*,#4998,.T.);
#2160=ORIENTED_EDGE('',*,*,#4999,.T.);
#2161=ORIENTED_EDGE('',*,*,#5000,.T.);
#2162=ORIENTED_EDGE('',*,*,#4835,.T.);
#2163=ORIENTED_EDGE('',*,*,#5001,.F.);
#2164=ORIENTED_EDGE('',*,*,#5002,.T.);
#2165=ORIENTED_EDGE('',*,*,#5003,.T.);
#2166=ORIENTED_EDGE('',*,*,#4989,.T.);
#2167=ORIENTED_EDGE('',*,*,#5004,.F.);
#2168=ORIENTED_EDGE('',*,*,#5005,.T.);
#2169=ORIENTED_EDGE('',*,*,#5006,.T.);
#2170=ORIENTED_EDGE('',*,*,#4819,.T.);
#2171=ORIENTED_EDGE('',*,*,#5007,.T.);
#2172=ORIENTED_EDGE('',*,*,#5008,.T.);
#2173=ORIENTED_EDGE('',*,*,#5009,.T.);
#2174=ORIENTED_EDGE('',*,*,#5010,.T.);
#2175=ORIENTED_EDGE('',*,*,#4988,.T.);
#2176=ORIENTED_EDGE('',*,*,#5011,.T.);
#2177=ORIENTED_EDGE('',*,*,#5012,.F.);
#2178=ORIENTED_EDGE('',*,*,#4982,.F.);
#2179=ORIENTED_EDGE('',*,*,#5013,.F.);
#2180=ORIENTED_EDGE('',*,*,#5014,.F.);
#2181=ORIENTED_EDGE('',*,*,#5015,.T.);
#2182=ORIENTED_EDGE('',*,*,#5016,.F.);
#2183=ORIENTED_EDGE('',*,*,#5017,.T.);
#2184=ORIENTED_EDGE('',*,*,#5018,.T.);
#2185=ORIENTED_EDGE('',*,*,#4994,.T.);
#2186=ORIENTED_EDGE('',*,*,#5019,.F.);
#2187=ORIENTED_EDGE('',*,*,#5020,.T.);
#2188=ORIENTED_EDGE('',*,*,#5021,.T.);
#2189=ORIENTED_EDGE('',*,*,#4822,.T.);
#2190=ORIENTED_EDGE('',*,*,#5022,.F.);
#2191=ORIENTED_EDGE('',*,*,#5023,.T.);
#2192=ORIENTED_EDGE('',*,*,#5004,.T.);
#2193=ORIENTED_EDGE('',*,*,#5024,.F.);
#2194=ORIENTED_EDGE('',*,*,#5025,.F.);
#2195=ORIENTED_EDGE('',*,*,#5026,.F.);
#2196=ORIENTED_EDGE('',*,*,#4825,.T.);
#2197=ORIENTED_EDGE('',*,*,#5027,.F.);
#2198=ORIENTED_EDGE('',*,*,#5028,.T.);
#2199=ORIENTED_EDGE('',*,*,#5019,.T.);
#2200=ORIENTED_EDGE('',*,*,#4993,.T.);
#2201=ORIENTED_EDGE('',*,*,#5029,.F.);
#2202=ORIENTED_EDGE('',*,*,#5030,.T.);
#2203=ORIENTED_EDGE('',*,*,#5031,.T.);
#2204=ORIENTED_EDGE('',*,*,#4829,.T.);
#2205=ORIENTED_EDGE('',*,*,#5032,.T.);
#2206=ORIENTED_EDGE('',*,*,#5033,.T.);
#2207=ORIENTED_EDGE('',*,*,#4986,.T.);
#2208=ORIENTED_EDGE('',*,*,#5003,.F.);
#2209=ORIENTED_EDGE('',*,*,#5034,.T.);
#2210=ORIENTED_EDGE('',*,*,#5035,.T.);
#2211=ORIENTED_EDGE('',*,*,#4832,.T.);
#2212=ORIENTED_EDGE('',*,*,#5036,.F.);
#2213=ORIENTED_EDGE('',*,*,#5037,.T.);
#2214=ORIENTED_EDGE('',*,*,#5029,.T.);
#2215=ORIENTED_EDGE('',*,*,#4992,.T.);
#2216=ORIENTED_EDGE('',*,*,#5038,.T.);
#2217=ORIENTED_EDGE('',*,*,#4968,.F.);
#2218=ORIENTED_EDGE('',*,*,#4985,.F.);
#2219=ORIENTED_EDGE('',*,*,#5039,.F.);
#2220=ORIENTED_EDGE('',*,*,#5040,.F.);
#2221=ORIENTED_EDGE('',*,*,#5041,.T.);
#2222=ORIENTED_EDGE('',*,*,#4978,.F.);
#2223=ORIENTED_EDGE('',*,*,#5042,.T.);
#2224=ORIENTED_EDGE('',*,*,#5043,.T.);
#2225=ORIENTED_EDGE('',*,*,#5044,.F.);
#2226=ORIENTED_EDGE('',*,*,#5045,.F.);
#2227=ORIENTED_EDGE('',*,*,#5046,.T.);
#2228=ORIENTED_EDGE('',*,*,#4979,.F.);
#2229=ORIENTED_EDGE('',*,*,#5012,.T.);
#2230=ORIENTED_EDGE('',*,*,#5047,.T.);
#2231=ORIENTED_EDGE('',*,*,#5032,.F.);
#2232=ORIENTED_EDGE('',*,*,#4977,.F.);
#2233=ORIENTED_EDGE('',*,*,#5048,.T.);
#2234=ORIENTED_EDGE('',*,*,#5049,.T.);
#2235=ORIENTED_EDGE('',*,*,#5050,.F.);
#2236=ORIENTED_EDGE('',*,*,#5051,.T.);
#2237=ORIENTED_EDGE('',*,*,#5052,.F.);
#2238=ORIENTED_EDGE('',*,*,#5053,.T.);
#2239=ORIENTED_EDGE('',*,*,#5017,.F.);
#2240=ORIENTED_EDGE('',*,*,#5054,.F.);
#2241=ORIENTED_EDGE('',*,*,#5055,.T.);
#2242=ORIENTED_EDGE('',*,*,#5056,.T.);
#2243=ORIENTED_EDGE('',*,*,#5057,.F.);
#2244=ORIENTED_EDGE('',*,*,#5058,.T.);
#2245=ORIENTED_EDGE('',*,*,#5059,.T.);
#2246=ORIENTED_EDGE('',*,*,#5054,.T.);
#2247=ORIENTED_EDGE('',*,*,#5016,.T.);
#2248=ORIENTED_EDGE('',*,*,#5060,.T.);
#2249=ORIENTED_EDGE('',*,*,#5061,.T.);
#2250=ORIENTED_EDGE('',*,*,#5062,.T.);
#2251=ORIENTED_EDGE('',*,*,#4972,.T.);
#2252=ORIENTED_EDGE('',*,*,#5063,.F.);
#2253=ORIENTED_EDGE('',*,*,#5049,.F.);
#2254=ORIENTED_EDGE('',*,*,#5064,.T.);
#2255=ORIENTED_EDGE('',*,*,#5065,.T.);
#2256=ORIENTED_EDGE('',*,*,#5066,.T.);
#2257=ORIENTED_EDGE('',*,*,#5067,.T.);
#2258=ORIENTED_EDGE('',*,*,#5068,.T.);
#2259=ORIENTED_EDGE('',*,*,#5045,.T.);
#2260=ORIENTED_EDGE('',*,*,#5069,.F.);
#2261=ORIENTED_EDGE('',*,*,#5056,.F.);
#2262=ORIENTED_EDGE('',*,*,#5070,.T.);
#2263=ORIENTED_EDGE('',*,*,#5071,.T.);
#2264=ORIENTED_EDGE('',*,*,#5072,.T.);
#2265=ORIENTED_EDGE('',*,*,#5073,.T.);
#2266=ORIENTED_EDGE('',*,*,#5074,.T.);
#2267=ORIENTED_EDGE('',*,*,#5075,.T.);
#2268=ORIENTED_EDGE('',*,*,#5076,.T.);
#2269=ORIENTED_EDGE('',*,*,#5077,.T.);
#2270=ORIENTED_EDGE('',*,*,#5078,.T.);
#2271=ORIENTED_EDGE('',*,*,#5079,.T.);
#2272=ORIENTED_EDGE('',*,*,#5080,.T.);
#2273=ORIENTED_EDGE('',*,*,#5081,.T.);
#2274=ORIENTED_EDGE('',*,*,#5082,.T.);
#2275=ORIENTED_EDGE('',*,*,#5083,.T.);
#2276=ORIENTED_EDGE('',*,*,#5084,.T.);
#2277=ORIENTED_EDGE('',*,*,#5085,.T.);
#2278=ORIENTED_EDGE('',*,*,#5086,.T.);
#2279=ORIENTED_EDGE('',*,*,#5087,.T.);
#2280=ORIENTED_EDGE('',*,*,#5063,.T.);
#2281=ORIENTED_EDGE('',*,*,#4971,.T.);
#2282=ORIENTED_EDGE('',*,*,#5088,.T.);
#2283=ORIENTED_EDGE('',*,*,#5089,.T.);
#2284=ORIENTED_EDGE('',*,*,#5090,.T.);
#2285=ORIENTED_EDGE('',*,*,#5091,.T.);
#2286=ORIENTED_EDGE('',*,*,#5092,.T.);
#2287=ORIENTED_EDGE('',*,*,#5057,.T.);
#2288=ORIENTED_EDGE('',*,*,#5069,.T.);
#2289=ORIENTED_EDGE('',*,*,#5044,.T.);
#2290=ORIENTED_EDGE('',*,*,#5093,.T.);
#2291=ORIENTED_EDGE('',*,*,#5050,.T.);
#2292=ORIENTED_EDGE('',*,*,#5094,.T.);
#2293=ORIENTED_EDGE('',*,*,#5095,.T.);
#2294=ORIENTED_EDGE('',*,*,#5096,.T.);
#2295=ORIENTED_EDGE('',*,*,#5014,.T.);
#2296=ORIENTED_EDGE('',*,*,#5071,.F.);
#2297=ORIENTED_EDGE('',*,*,#5097,.T.);
#2298=ORIENTED_EDGE('',*,*,#5058,.F.);
#2299=ORIENTED_EDGE('',*,*,#5015,.F.);
#2300=ORIENTED_EDGE('',*,*,#5096,.F.);
#2301=ORIENTED_EDGE('',*,*,#5098,.T.);
#2302=ORIENTED_EDGE('',*,*,#4981,.F.);
#2303=ORIENTED_EDGE('',*,*,#5099,.T.);
#2304=ORIENTED_EDGE('',*,*,#5067,.F.);
#2305=ORIENTED_EDGE('',*,*,#5100,.T.);
#2306=ORIENTED_EDGE('',*,*,#5094,.F.);
#2307=ORIENTED_EDGE('',*,*,#5013,.T.);
#2308=ORIENTED_EDGE('',*,*,#5065,.F.);
#2309=ORIENTED_EDGE('',*,*,#5101,.T.);
#2310=ORIENTED_EDGE('',*,*,#4975,.F.);
#2311=ORIENTED_EDGE('',*,*,#5041,.F.);
#2312=ORIENTED_EDGE('',*,*,#5102,.F.);
#2313=ORIENTED_EDGE('',*,*,#5103,.T.);
#2314=ORIENTED_EDGE('',*,*,#4984,.F.);
#2315=ORIENTED_EDGE('',*,*,#5104,.T.);
#2316=ORIENTED_EDGE('',*,*,#5061,.F.);
#2317=ORIENTED_EDGE('',*,*,#5105,.T.);
#2318=ORIENTED_EDGE('',*,*,#5106,.F.);
#2319=ORIENTED_EDGE('',*,*,#5039,.T.);
#2320=ORIENTED_EDGE('',*,*,#5106,.T.);
#2321=ORIENTED_EDGE('',*,*,#5107,.T.);
#2322=ORIENTED_EDGE('',*,*,#5102,.T.);
#2323=ORIENTED_EDGE('',*,*,#5040,.T.);
#2324=ORIENTED_EDGE('',*,*,#4970,.F.);
#2325=ORIENTED_EDGE('',*,*,#5108,.T.);
#2326=ORIENTED_EDGE('',*,*,#5109,.T.);
#2327=ORIENTED_EDGE('',*,*,#5088,.F.);
#2328=ORIENTED_EDGE('',*,*,#5109,.F.);
#2329=ORIENTED_EDGE('',*,*,#5110,.T.);
#2330=ORIENTED_EDGE('',*,*,#5111,.T.);
#2331=ORIENTED_EDGE('',*,*,#5091,.F.);
#2332=ORIENTED_EDGE('',*,*,#5112,.F.);
#2333=ORIENTED_EDGE('',*,*,#5113,.T.);
#2334=ORIENTED_EDGE('',*,*,#5114,.T.);
#2335=ORIENTED_EDGE('',*,*,#5089,.F.);
#2336=ORIENTED_EDGE('',*,*,#5111,.F.);
#2337=ORIENTED_EDGE('',*,*,#5115,.T.);
#2338=ORIENTED_EDGE('',*,*,#5052,.T.);
#2339=ORIENTED_EDGE('',*,*,#5092,.F.);
#2340=ORIENTED_EDGE('',*,*,#5116,.F.);
#2341=ORIENTED_EDGE('',*,*,#4827,.F.);
#2342=ORIENTED_EDGE('',*,*,#5117,.F.);
#2343=ORIENTED_EDGE('',*,*,#5090,.F.);
#2344=ORIENTED_EDGE('',*,*,#5118,.T.);
#2345=ORIENTED_EDGE('',*,*,#5024,.T.);
#2346=ORIENTED_EDGE('',*,*,#4828,.T.);
#2347=ORIENTED_EDGE('',*,*,#5116,.T.);
#2348=ORIENTED_EDGE('',*,*,#5114,.F.);
#2349=ORIENTED_EDGE('',*,*,#5113,.F.);
#2350=ORIENTED_EDGE('',*,*,#5119,.F.);
#2351=ORIENTED_EDGE('',*,*,#5025,.T.);
#2352=ORIENTED_EDGE('',*,*,#5118,.F.);
#2353=ORIENTED_EDGE('',*,*,#5112,.T.);
#2354=ORIENTED_EDGE('',*,*,#5117,.T.);
#2355=ORIENTED_EDGE('',*,*,#4826,.T.);
#2356=ORIENTED_EDGE('',*,*,#5026,.T.);
#2357=ORIENTED_EDGE('',*,*,#5119,.T.);
#2358=ORIENTED_EDGE('',*,*,#5120,.T.);
#2359=ORIENTED_EDGE('',*,*,#5121,.T.);
#2360=ORIENTED_EDGE('',*,*,#5122,.F.);
#2361=ORIENTED_EDGE('',*,*,#5123,.T.);
#2362=ORIENTED_EDGE('',*,*,#5122,.T.);
#2363=ORIENTED_EDGE('',*,*,#5124,.T.);
#2364=ORIENTED_EDGE('',*,*,#5125,.F.);
#2365=ORIENTED_EDGE('',*,*,#5126,.T.);
#2366=ORIENTED_EDGE('',*,*,#5125,.T.);
#2367=ORIENTED_EDGE('',*,*,#5127,.T.);
#2368=ORIENTED_EDGE('',*,*,#5128,.F.);
#2369=ORIENTED_EDGE('',*,*,#5129,.T.);
#2370=ORIENTED_EDGE('',*,*,#5130,.T.);
#2371=ORIENTED_EDGE('',*,*,#5131,.T.);
#2372=ORIENTED_EDGE('',*,*,#5132,.T.);
#2373=ORIENTED_EDGE('',*,*,#5133,.T.);
#2374=ORIENTED_EDGE('',*,*,#5134,.T.);
#2375=ORIENTED_EDGE('',*,*,#5135,.T.);
#2376=ORIENTED_EDGE('',*,*,#5136,.T.);
#2377=ORIENTED_EDGE('',*,*,#5137,.T.);
#2378=ORIENTED_EDGE('',*,*,#5138,.T.);
#2379=ORIENTED_EDGE('',*,*,#5139,.T.);
#2380=ORIENTED_EDGE('',*,*,#5140,.T.);
#2381=ORIENTED_EDGE('',*,*,#5141,.T.);
#2382=ORIENTED_EDGE('',*,*,#5142,.T.);
#2383=ORIENTED_EDGE('',*,*,#5143,.T.);
#2384=ORIENTED_EDGE('',*,*,#5144,.T.);
#2385=ORIENTED_EDGE('',*,*,#5145,.T.);
#2386=ORIENTED_EDGE('',*,*,#5128,.T.);
#2387=ORIENTED_EDGE('',*,*,#5146,.T.);
#2388=ORIENTED_EDGE('',*,*,#5120,.F.);
#2389=ORIENTED_EDGE('',*,*,#5147,.T.);
#2390=ORIENTED_EDGE('',*,*,#5148,.T.);
#2391=ORIENTED_EDGE('',*,*,#4830,.T.);
#2392=ORIENTED_EDGE('',*,*,#5031,.F.);
#2393=ORIENTED_EDGE('',*,*,#5149,.T.);
#2394=ORIENTED_EDGE('',*,*,#5150,.F.);
#2395=ORIENTED_EDGE('',*,*,#5149,.F.);
#2396=ORIENTED_EDGE('',*,*,#5030,.F.);
#2397=ORIENTED_EDGE('',*,*,#5037,.F.);
#2398=ORIENTED_EDGE('',*,*,#5150,.T.);
#2399=ORIENTED_EDGE('',*,*,#5036,.T.);
#2400=ORIENTED_EDGE('',*,*,#4831,.T.);
#2401=ORIENTED_EDGE('',*,*,#5148,.F.);
#2402=ORIENTED_EDGE('',*,*,#5151,.T.);
#2403=ORIENTED_EDGE('',*,*,#4823,.T.);
#2404=ORIENTED_EDGE('',*,*,#5021,.F.);
#2405=ORIENTED_EDGE('',*,*,#5152,.T.);
#2406=ORIENTED_EDGE('',*,*,#5153,.F.);
#2407=ORIENTED_EDGE('',*,*,#5152,.F.);
#2408=ORIENTED_EDGE('',*,*,#5020,.F.);
#2409=ORIENTED_EDGE('',*,*,#5028,.F.);
#2410=ORIENTED_EDGE('',*,*,#5153,.T.);
#2411=ORIENTED_EDGE('',*,*,#5027,.T.);
#2412=ORIENTED_EDGE('',*,*,#4824,.T.);
#2413=ORIENTED_EDGE('',*,*,#5151,.F.);
#2414=ORIENTED_EDGE('',*,*,#5022,.T.);
#2415=ORIENTED_EDGE('',*,*,#4821,.T.);
#2416=ORIENTED_EDGE('',*,*,#5154,.F.);
#2417=ORIENTED_EDGE('',*,*,#5155,.T.);
#2418=ORIENTED_EDGE('',*,*,#5156,.F.);
#2419=ORIENTED_EDGE('',*,*,#5005,.F.);
#2420=ORIENTED_EDGE('',*,*,#5023,.F.);
#2421=ORIENTED_EDGE('',*,*,#5155,.F.);
#2422=ORIENTED_EDGE('',*,*,#5156,.T.);
#2423=ORIENTED_EDGE('',*,*,#5154,.T.);
#2424=ORIENTED_EDGE('',*,*,#4820,.T.);
#2425=ORIENTED_EDGE('',*,*,#5006,.F.);
#2426=ORIENTED_EDGE('',*,*,#5001,.T.);
#2427=ORIENTED_EDGE('',*,*,#4834,.T.);
#2428=ORIENTED_EDGE('',*,*,#5157,.F.);
#2429=ORIENTED_EDGE('',*,*,#5158,.T.);
#2430=ORIENTED_EDGE('',*,*,#5157,.T.);
#2431=ORIENTED_EDGE('',*,*,#4833,.T.);
#2432=ORIENTED_EDGE('',*,*,#5035,.F.);
#2433=ORIENTED_EDGE('',*,*,#5159,.T.);
#2434=ORIENTED_EDGE('',*,*,#5002,.F.);
#2435=ORIENTED_EDGE('',*,*,#5158,.F.);
#2436=ORIENTED_EDGE('',*,*,#5159,.F.);
#2437=ORIENTED_EDGE('',*,*,#5034,.F.);
#2438=ORIENTED_EDGE('',*,*,#5160,.T.);
#2439=ORIENTED_EDGE('',*,*,#5161,.T.);
#2440=ORIENTED_EDGE('',*,*,#5162,.T.);
#2441=ORIENTED_EDGE('',*,*,#5163,.T.);
#2442=ORIENTED_EDGE('',*,*,#5164,.F.);
#2443=ORIENTED_EDGE('',*,*,#5165,.T.);
#2444=ORIENTED_EDGE('',*,*,#5166,.F.);
#2445=ORIENTED_EDGE('',*,*,#5167,.T.);
#2446=ORIENTED_EDGE('',*,*,#5168,.F.);
#2447=ORIENTED_EDGE('',*,*,#5169,.T.);
#2448=ORIENTED_EDGE('',*,*,#5170,.T.);
#2449=ORIENTED_EDGE('',*,*,#5171,.T.);
#2450=ORIENTED_EDGE('',*,*,#5172,.F.);
#2451=ORIENTED_EDGE('',*,*,#5173,.T.);
#2452=ORIENTED_EDGE('',*,*,#5174,.F.);
#2453=ORIENTED_EDGE('',*,*,#5175,.T.);
#2454=ORIENTED_EDGE('',*,*,#5176,.T.);
#2455=ORIENTED_EDGE('',*,*,#5177,.T.);
#2456=ORIENTED_EDGE('',*,*,#5178,.T.);
#2457=ORIENTED_EDGE('',*,*,#5179,.T.);
#2458=ORIENTED_EDGE('',*,*,#5180,.T.);
#2459=ORIENTED_EDGE('',*,*,#5181,.T.);
#2460=ORIENTED_EDGE('',*,*,#5182,.T.);
#2461=ORIENTED_EDGE('',*,*,#5183,.T.);
#2462=ORIENTED_EDGE('',*,*,#5184,.T.);
#2463=ORIENTED_EDGE('',*,*,#5185,.T.);
#2464=ORIENTED_EDGE('',*,*,#5018,.F.);
#2465=ORIENTED_EDGE('',*,*,#5053,.F.);
#2466=ORIENTED_EDGE('',*,*,#5186,.F.);
#2467=ORIENTED_EDGE('',*,*,#4995,.F.);
#2468=ORIENTED_EDGE('',*,*,#5186,.T.);
#2469=ORIENTED_EDGE('',*,*,#5115,.F.);
#2470=ORIENTED_EDGE('',*,*,#5187,.F.);
#2471=ORIENTED_EDGE('',*,*,#4996,.F.);
#2472=ORIENTED_EDGE('',*,*,#5187,.T.);
#2473=ORIENTED_EDGE('',*,*,#5110,.F.);
#2474=ORIENTED_EDGE('',*,*,#5188,.F.);
#2475=ORIENTED_EDGE('',*,*,#4997,.F.);
#2476=ORIENTED_EDGE('',*,*,#5188,.T.);
#2477=ORIENTED_EDGE('',*,*,#5108,.F.);
#2478=ORIENTED_EDGE('',*,*,#5189,.F.);
#2479=ORIENTED_EDGE('',*,*,#4990,.F.);
#2480=ORIENTED_EDGE('',*,*,#5189,.T.);
#2481=ORIENTED_EDGE('',*,*,#4969,.F.);
#2482=ORIENTED_EDGE('',*,*,#5038,.F.);
#2483=ORIENTED_EDGE('',*,*,#4991,.F.);
#2484=ORIENTED_EDGE('',*,*,#5046,.F.);
#2485=ORIENTED_EDGE('',*,*,#5068,.F.);
#2486=ORIENTED_EDGE('',*,*,#5099,.F.);
#2487=ORIENTED_EDGE('',*,*,#4980,.F.);
#2488=ORIENTED_EDGE('',*,*,#5101,.F.);
#2489=ORIENTED_EDGE('',*,*,#5064,.F.);
#2490=ORIENTED_EDGE('',*,*,#5048,.F.);
#2491=ORIENTED_EDGE('',*,*,#4976,.F.);
#2492=ORIENTED_EDGE('',*,*,#5097,.F.);
#2493=ORIENTED_EDGE('',*,*,#5070,.F.);
#2494=ORIENTED_EDGE('',*,*,#5055,.F.);
#2495=ORIENTED_EDGE('',*,*,#5059,.F.);
#2496=ORIENTED_EDGE('',*,*,#4973,.F.);
#2497=ORIENTED_EDGE('',*,*,#5062,.F.);
#2498=ORIENTED_EDGE('',*,*,#5104,.F.);
#2499=ORIENTED_EDGE('',*,*,#4983,.F.);
#2500=ORIENTED_EDGE('',*,*,#5033,.F.);
#2501=ORIENTED_EDGE('',*,*,#5047,.F.);
#2502=ORIENTED_EDGE('',*,*,#5011,.F.);
#2503=ORIENTED_EDGE('',*,*,#4987,.F.);
#2504=ORIENTED_EDGE('',*,*,#5098,.F.);
#2505=ORIENTED_EDGE('',*,*,#5095,.F.);
#2506=ORIENTED_EDGE('',*,*,#5100,.F.);
#2507=ORIENTED_EDGE('',*,*,#5066,.F.);
#2508=ORIENTED_EDGE('',*,*,#5103,.F.);
#2509=ORIENTED_EDGE('',*,*,#5107,.F.);
#2510=ORIENTED_EDGE('',*,*,#5105,.F.);
#2511=ORIENTED_EDGE('',*,*,#5060,.F.);
#2512=ORIENTED_EDGE('',*,*,#5190,.F.);
#2513=ORIENTED_EDGE('',*,*,#5133,.F.);
#2514=ORIENTED_EDGE('',*,*,#5191,.F.);
#2515=ORIENTED_EDGE('',*,*,#5126,.F.);
#2516=ORIENTED_EDGE('',*,*,#5191,.T.);
#2517=ORIENTED_EDGE('',*,*,#5132,.F.);
#2518=ORIENTED_EDGE('',*,*,#5192,.F.);
#2519=ORIENTED_EDGE('',*,*,#5123,.F.);
#2520=ORIENTED_EDGE('',*,*,#5190,.T.);
#2521=ORIENTED_EDGE('',*,*,#5129,.F.);
#2522=ORIENTED_EDGE('',*,*,#5193,.F.);
#2523=ORIENTED_EDGE('',*,*,#5130,.F.);
#2524=ORIENTED_EDGE('',*,*,#5192,.T.);
#2525=ORIENTED_EDGE('',*,*,#5131,.F.);
#2526=ORIENTED_EDGE('',*,*,#5193,.T.);
#2527=ORIENTED_EDGE('',*,*,#5147,.F.);
#2528=ORIENTED_EDGE('',*,*,#4763,.T.);
#2529=ORIENTED_EDGE('',*,*,#5194,.T.);
#2530=ORIENTED_EDGE('',*,*,#5166,.T.);
#2531=ORIENTED_EDGE('',*,*,#5195,.T.);
#2532=ORIENTED_EDGE('',*,*,#4759,.T.);
#2533=ORIENTED_EDGE('',*,*,#5080,.F.);
#2534=ORIENTED_EDGE('',*,*,#5196,.F.);
#2535=ORIENTED_EDGE('',*,*,#5124,.F.);
#2536=ORIENTED_EDGE('',*,*,#5197,.F.);
#2537=ORIENTED_EDGE('',*,*,#5084,.F.);
#2538=ORIENTED_EDGE('',*,*,#5196,.T.);
#2539=ORIENTED_EDGE('',*,*,#5079,.F.);
#2540=ORIENTED_EDGE('',*,*,#5198,.F.);
#2541=ORIENTED_EDGE('',*,*,#5127,.F.);
#2542=ORIENTED_EDGE('',*,*,#5197,.T.);
#2543=ORIENTED_EDGE('',*,*,#5121,.F.);
#2544=ORIENTED_EDGE('',*,*,#5199,.F.);
#2545=ORIENTED_EDGE('',*,*,#5085,.F.);
#2546=ORIENTED_EDGE('',*,*,#4738,.T.);
#2547=ORIENTED_EDGE('',*,*,#5200,.T.);
#2548=ORIENTED_EDGE('',*,*,#4733,.T.);
#2549=ORIENTED_EDGE('',*,*,#5201,.T.);
#2550=ORIENTED_EDGE('',*,*,#4744,.T.);
#2551=ORIENTED_EDGE('',*,*,#5086,.F.);
#2552=ORIENTED_EDGE('',*,*,#5199,.T.);
#2553=ORIENTED_EDGE('',*,*,#5146,.F.);
#2554=ORIENTED_EDGE('',*,*,#5198,.T.);
#2555=ORIENTED_EDGE('',*,*,#5078,.F.);
#2556=ORIENTED_EDGE('',*,*,#5202,.F.);
#2557=ORIENTED_EDGE('',*,*,#5139,.F.);
#2558=ORIENTED_EDGE('',*,*,#5203,.F.);
#2559=ORIENTED_EDGE('',*,*,#5181,.F.);
#2560=ORIENTED_EDGE('',*,*,#5203,.T.);
#2561=ORIENTED_EDGE('',*,*,#5138,.F.);
#2562=ORIENTED_EDGE('',*,*,#5204,.F.);
#2563=ORIENTED_EDGE('',*,*,#5178,.F.);
#2564=ORIENTED_EDGE('',*,*,#5202,.T.);
#2565=ORIENTED_EDGE('',*,*,#5180,.F.);
#2566=ORIENTED_EDGE('',*,*,#5205,.F.);
#2567=ORIENTED_EDGE('',*,*,#5140,.F.);
#2568=ORIENTED_EDGE('',*,*,#5204,.T.);
#2569=ORIENTED_EDGE('',*,*,#5141,.F.);
#2570=ORIENTED_EDGE('',*,*,#5205,.T.);
#2571=ORIENTED_EDGE('',*,*,#5179,.F.);
#2572=ORIENTED_EDGE('',*,*,#5206,.F.);
#2573=ORIENTED_EDGE('',*,*,#5135,.F.);
#2574=ORIENTED_EDGE('',*,*,#5207,.F.);
#2575=ORIENTED_EDGE('',*,*,#5185,.F.);
#2576=ORIENTED_EDGE('',*,*,#5207,.T.);
#2577=ORIENTED_EDGE('',*,*,#5134,.F.);
#2578=ORIENTED_EDGE('',*,*,#5208,.F.);
#2579=ORIENTED_EDGE('',*,*,#5182,.F.);
#2580=ORIENTED_EDGE('',*,*,#5206,.T.);
#2581=ORIENTED_EDGE('',*,*,#5184,.F.);
#2582=ORIENTED_EDGE('',*,*,#5209,.F.);
#2583=ORIENTED_EDGE('',*,*,#5136,.F.);
#2584=ORIENTED_EDGE('',*,*,#5208,.T.);
#2585=ORIENTED_EDGE('',*,*,#5137,.F.);
#2586=ORIENTED_EDGE('',*,*,#5209,.T.);
#2587=ORIENTED_EDGE('',*,*,#5183,.F.);
#2588=ORIENTED_EDGE('',*,*,#5210,.F.);
#2589=ORIENTED_EDGE('',*,*,#5143,.F.);
#2590=ORIENTED_EDGE('',*,*,#5211,.F.);
#2591=ORIENTED_EDGE('',*,*,#5163,.F.);
#2592=ORIENTED_EDGE('',*,*,#5211,.T.);
#2593=ORIENTED_EDGE('',*,*,#5142,.F.);
#2594=ORIENTED_EDGE('',*,*,#5212,.F.);
#2595=ORIENTED_EDGE('',*,*,#5160,.F.);
#2596=ORIENTED_EDGE('',*,*,#5210,.T.);
#2597=ORIENTED_EDGE('',*,*,#5162,.F.);
#2598=ORIENTED_EDGE('',*,*,#5213,.F.);
#2599=ORIENTED_EDGE('',*,*,#5144,.F.);
#2600=ORIENTED_EDGE('',*,*,#5212,.T.);
#2601=ORIENTED_EDGE('',*,*,#5145,.F.);
#2602=ORIENTED_EDGE('',*,*,#5213,.T.);
#2603=ORIENTED_EDGE('',*,*,#5161,.F.);
#2604=ORIENTED_EDGE('',*,*,#5214,.F.);
#2605=ORIENTED_EDGE('',*,*,#4937,.F.);
#2606=ORIENTED_EDGE('',*,*,#5215,.T.);
#2607=ORIENTED_EDGE('',*,*,#5007,.F.);
#2608=ORIENTED_EDGE('',*,*,#5215,.F.);
#2609=ORIENTED_EDGE('',*,*,#4936,.F.);
#2610=ORIENTED_EDGE('',*,*,#5216,.T.);
#2611=ORIENTED_EDGE('',*,*,#5008,.F.);
#2612=ORIENTED_EDGE('',*,*,#5216,.F.);
#2613=ORIENTED_EDGE('',*,*,#4935,.F.);
#2614=ORIENTED_EDGE('',*,*,#5217,.T.);
#2615=ORIENTED_EDGE('',*,*,#5009,.F.);
#2616=ORIENTED_EDGE('',*,*,#4934,.F.);
#2617=ORIENTED_EDGE('',*,*,#5214,.T.);
#2618=ORIENTED_EDGE('',*,*,#5010,.F.);
#2619=ORIENTED_EDGE('',*,*,#5217,.F.);
#2620=ORIENTED_EDGE('',*,*,#4766,.F.);
#2621=ORIENTED_EDGE('',*,*,#5218,.T.);
#2622=ORIENTED_EDGE('',*,*,#5219,.T.);
#2623=ORIENTED_EDGE('',*,*,#4859,.F.);
#2624=ORIENTED_EDGE('',*,*,#5219,.F.);
#2625=ORIENTED_EDGE('',*,*,#5220,.T.);
#2626=ORIENTED_EDGE('',*,*,#5221,.T.);
#2627=ORIENTED_EDGE('',*,*,#4860,.F.);
#2628=ORIENTED_EDGE('',*,*,#5221,.F.);
#2629=ORIENTED_EDGE('',*,*,#5222,.T.);
#2630=ORIENTED_EDGE('',*,*,#4768,.T.);
#2631=ORIENTED_EDGE('',*,*,#4861,.F.);
#2632=ORIENTED_EDGE('',*,*,#5223,.F.);
#2633=ORIENTED_EDGE('',*,*,#4783,.T.);
#2634=ORIENTED_EDGE('',*,*,#4772,.T.);
#2635=ORIENTED_EDGE('',*,*,#5224,.T.);
#2636=ORIENTED_EDGE('',*,*,#5225,.T.);
#2637=ORIENTED_EDGE('',*,*,#4876,.T.);
#2638=ORIENTED_EDGE('',*,*,#5226,.F.);
#2639=ORIENTED_EDGE('',*,*,#5227,.T.);
#2640=ORIENTED_EDGE('',*,*,#5228,.T.);
#2641=ORIENTED_EDGE('',*,*,#5229,.T.);
#2642=ORIENTED_EDGE('',*,*,#4804,.F.);
#2643=ORIENTED_EDGE('',*,*,#5230,.T.);
#2644=ORIENTED_EDGE('',*,*,#5224,.F.);
#2645=ORIENTED_EDGE('',*,*,#4771,.T.);
#2646=ORIENTED_EDGE('',*,*,#5231,.T.);
#2647=ORIENTED_EDGE('',*,*,#4817,.T.);
#2648=ORIENTED_EDGE('',*,*,#5232,.T.);
#2649=ORIENTED_EDGE('',*,*,#5233,.T.);
#2650=ORIENTED_EDGE('',*,*,#4815,.T.);
#2651=ORIENTED_EDGE('',*,*,#5234,.F.);
#2652=ORIENTED_EDGE('',*,*,#5235,.T.);
#2653=ORIENTED_EDGE('',*,*,#5236,.F.);
#2654=ORIENTED_EDGE('',*,*,#5237,.F.);
#2655=ORIENTED_EDGE('',*,*,#5233,.F.);
#2656=ORIENTED_EDGE('',*,*,#5238,.F.);
#2657=ORIENTED_EDGE('',*,*,#5235,.F.);
#2658=ORIENTED_EDGE('',*,*,#4814,.F.);
#2659=ORIENTED_EDGE('',*,*,#5231,.F.);
#2660=ORIENTED_EDGE('',*,*,#5237,.T.);
#2661=ORIENTED_EDGE('',*,*,#5234,.T.);
#2662=ORIENTED_EDGE('',*,*,#5239,.F.);
#2663=ORIENTED_EDGE('',*,*,#5240,.F.);
#2664=ORIENTED_EDGE('',*,*,#5241,.F.);
#2665=ORIENTED_EDGE('',*,*,#5075,.F.);
#2666=ORIENTED_EDGE('',*,*,#5241,.T.);
#2667=ORIENTED_EDGE('',*,*,#5242,.F.);
#2668=ORIENTED_EDGE('',*,*,#5243,.F.);
#2669=ORIENTED_EDGE('',*,*,#5072,.F.);
#2670=ORIENTED_EDGE('',*,*,#5239,.T.);
#2671=ORIENTED_EDGE('',*,*,#5074,.F.);
#2672=ORIENTED_EDGE('',*,*,#5244,.F.);
#2673=ORIENTED_EDGE('',*,*,#5245,.F.);
#2674=ORIENTED_EDGE('',*,*,#5243,.T.);
#2675=ORIENTED_EDGE('',*,*,#5246,.F.);
#2676=ORIENTED_EDGE('',*,*,#5244,.T.);
#2677=ORIENTED_EDGE('',*,*,#5073,.F.);
#2678=ORIENTED_EDGE('',*,*,#4764,.F.);
#2679=ORIENTED_EDGE('',*,*,#5083,.F.);
#2680=ORIENTED_EDGE('',*,*,#5247,.F.);
#2681=ORIENTED_EDGE('',*,*,#5248,.F.);
#2682=ORIENTED_EDGE('',*,*,#5247,.T.);
#2683=ORIENTED_EDGE('',*,*,#5082,.F.);
#2684=ORIENTED_EDGE('',*,*,#5249,.F.);
#2685=ORIENTED_EDGE('',*,*,#5250,.F.);
#2686=ORIENTED_EDGE('',*,*,#4758,.F.);
#2687=ORIENTED_EDGE('',*,*,#5251,.F.);
#2688=ORIENTED_EDGE('',*,*,#4752,.F.);
#2689=ORIENTED_EDGE('',*,*,#5252,.F.);
#2690=ORIENTED_EDGE('',*,*,#4761,.F.);
#2691=ORIENTED_EDGE('',*,*,#5253,.F.);
#2692=ORIENTED_EDGE('',*,*,#5249,.T.);
#2693=ORIENTED_EDGE('',*,*,#5081,.F.);
#2694=ORIENTED_EDGE('',*,*,#4746,.F.);
#2695=ORIENTED_EDGE('',*,*,#5254,.F.);
#2696=ORIENTED_EDGE('',*,*,#5255,.F.);
#2697=ORIENTED_EDGE('',*,*,#5087,.F.);
#2698=ORIENTED_EDGE('',*,*,#5255,.T.);
#2699=ORIENTED_EDGE('',*,*,#5256,.F.);
#2700=ORIENTED_EDGE('',*,*,#4741,.F.);
#2701=ORIENTED_EDGE('',*,*,#5257,.F.);
#2702=ORIENTED_EDGE('',*,*,#5258,.F.);
#2703=ORIENTED_EDGE('',*,*,#5259,.F.);
#2704=ORIENTED_EDGE('',*,*,#5076,.F.);
#2705=ORIENTED_EDGE('',*,*,#5259,.T.);
#2706=ORIENTED_EDGE('',*,*,#5260,.F.);
#2707=ORIENTED_EDGE('',*,*,#4739,.F.);
#2708=ORIENTED_EDGE('',*,*,#5077,.F.);
#2709=ORIENTED_EDGE('',*,*,#5261,.T.);
#2710=ORIENTED_EDGE('',*,*,#4801,.T.);
#2711=ORIENTED_EDGE('',*,*,#4967,.F.);
#2712=ORIENTED_EDGE('',*,*,#4789,.T.);
#2713=ORIENTED_EDGE('',*,*,#5262,.F.);
#2714=ORIENTED_EDGE('',*,*,#4808,.F.);
#2715=ORIENTED_EDGE('',*,*,#5263,.F.);
#2716=ORIENTED_EDGE('',*,*,#5264,.T.);
#2717=ORIENTED_EDGE('',*,*,#4807,.F.);
#2718=ORIENTED_EDGE('',*,*,#5265,.F.);
#2719=ORIENTED_EDGE('',*,*,#5266,.T.);
#2720=ORIENTED_EDGE('',*,*,#5263,.T.);
#2721=ORIENTED_EDGE('',*,*,#4803,.T.);
#2722=ORIENTED_EDGE('',*,*,#5267,.F.);
#2723=ORIENTED_EDGE('',*,*,#5268,.T.);
#2724=ORIENTED_EDGE('',*,*,#5265,.T.);
#2725=ORIENTED_EDGE('',*,*,#4806,.F.);
#2726=ORIENTED_EDGE('',*,*,#4779,.F.);
#2727=ORIENTED_EDGE('',*,*,#5223,.T.);
#2728=ORIENTED_EDGE('',*,*,#5230,.F.);
#2729=ORIENTED_EDGE('',*,*,#5268,.F.);
#2730=ORIENTED_EDGE('',*,*,#5269,.F.);
#2731=ORIENTED_EDGE('',*,*,#5264,.F.);
#2732=ORIENTED_EDGE('',*,*,#5266,.F.);
#2733=ORIENTED_EDGE('',*,*,#4802,.F.);
#2734=ORIENTED_EDGE('',*,*,#5261,.F.);
#2735=ORIENTED_EDGE('',*,*,#5269,.T.);
#2736=ORIENTED_EDGE('',*,*,#5267,.T.);
#2737=ORIENTED_EDGE('',*,*,#5270,.T.);
#2738=ORIENTED_EDGE('',*,*,#5271,.T.);
#2739=ORIENTED_EDGE('',*,*,#5226,.T.);
#2740=ORIENTED_EDGE('',*,*,#4878,.T.);
#2741=ORIENTED_EDGE('',*,*,#4794,.F.);
#2742=ORIENTED_EDGE('',*,*,#5272,.T.);
#2743=ORIENTED_EDGE('',*,*,#5273,.F.);
#2744=ORIENTED_EDGE('',*,*,#5274,.T.);
#2745=ORIENTED_EDGE('',*,*,#5270,.F.);
#2746=ORIENTED_EDGE('',*,*,#5275,.T.);
#2747=ORIENTED_EDGE('',*,*,#5225,.F.);
#2748=ORIENTED_EDGE('',*,*,#5276,.T.);
#2749=ORIENTED_EDGE('',*,*,#5273,.T.);
#2750=ORIENTED_EDGE('',*,*,#5277,.T.);
#2751=ORIENTED_EDGE('',*,*,#4792,.T.);
#2752=ORIENTED_EDGE('',*,*,#4877,.T.);
#2753=ORIENTED_EDGE('',*,*,#5278,.F.);
#2754=ORIENTED_EDGE('',*,*,#5279,.T.);
#2755=ORIENTED_EDGE('',*,*,#5280,.F.);
#2756=ORIENTED_EDGE('',*,*,#5281,.F.);
#2757=ORIENTED_EDGE('',*,*,#5280,.T.);
#2758=ORIENTED_EDGE('',*,*,#5282,.T.);
#2759=ORIENTED_EDGE('',*,*,#4785,.F.);
#2760=ORIENTED_EDGE('',*,*,#4881,.T.);
#2761=ORIENTED_EDGE('',*,*,#5283,.T.);
#2762=ORIENTED_EDGE('',*,*,#4787,.T.);
#2763=ORIENTED_EDGE('',*,*,#5284,.T.);
#2764=ORIENTED_EDGE('',*,*,#5278,.T.);
#2765=ORIENTED_EDGE('',*,*,#5285,.F.);
#2766=ORIENTED_EDGE('',*,*,#4879,.T.);
#2767=ORIENTED_EDGE('',*,*,#4880,.T.);
#2768=ORIENTED_EDGE('',*,*,#5285,.T.);
#2769=ORIENTED_EDGE('',*,*,#5281,.T.);
#2770=ORIENTED_EDGE('',*,*,#5283,.F.);
#2771=ORIENTED_EDGE('',*,*,#5236,.T.);
#2772=ORIENTED_EDGE('',*,*,#5238,.T.);
#2773=ORIENTED_EDGE('',*,*,#5232,.F.);
#2774=ORIENTED_EDGE('',*,*,#4816,.T.);
#2775=ORIENTED_EDGE('',*,*,#5286,.F.);
#2776=ORIENTED_EDGE('',*,*,#5287,.F.);
#2777=ORIENTED_EDGE('',*,*,#5288,.T.);
#2778=ORIENTED_EDGE('',*,*,#4911,.T.);
#2779=ORIENTED_EDGE('',*,*,#5289,.F.);
#2780=ORIENTED_EDGE('',*,*,#5290,.F.);
#2781=ORIENTED_EDGE('',*,*,#5286,.T.);
#2782=ORIENTED_EDGE('',*,*,#4933,.T.);
#2783=ORIENTED_EDGE('',*,*,#5291,.F.);
#2784=ORIENTED_EDGE('',*,*,#5292,.T.);
#2785=ORIENTED_EDGE('',*,*,#5289,.T.);
#2786=ORIENTED_EDGE('',*,*,#4932,.F.);
#2787=ORIENTED_EDGE('',*,*,#5293,.F.);
#2788=ORIENTED_EDGE('',*,*,#5294,.T.);
#2789=ORIENTED_EDGE('',*,*,#5291,.T.);
#2790=ORIENTED_EDGE('',*,*,#4931,.F.);
#2791=ORIENTED_EDGE('',*,*,#5295,.F.);
#2792=ORIENTED_EDGE('',*,*,#5296,.F.);
#2793=ORIENTED_EDGE('',*,*,#5293,.T.);
#2794=ORIENTED_EDGE('',*,*,#4930,.T.);
#2795=ORIENTED_EDGE('',*,*,#5297,.F.);
#2796=ORIENTED_EDGE('',*,*,#5298,.T.);
#2797=ORIENTED_EDGE('',*,*,#5295,.T.);
#2798=ORIENTED_EDGE('',*,*,#4929,.F.);
#2799=ORIENTED_EDGE('',*,*,#5299,.F.);
#2800=ORIENTED_EDGE('',*,*,#5300,.T.);
#2801=ORIENTED_EDGE('',*,*,#5297,.T.);
#2802=ORIENTED_EDGE('',*,*,#4928,.F.);
#2803=ORIENTED_EDGE('',*,*,#5301,.F.);
#2804=ORIENTED_EDGE('',*,*,#5302,.F.);
#2805=ORIENTED_EDGE('',*,*,#5299,.T.);
#2806=ORIENTED_EDGE('',*,*,#4927,.T.);
#2807=ORIENTED_EDGE('',*,*,#5303,.F.);
#2808=ORIENTED_EDGE('',*,*,#5304,.T.);
#2809=ORIENTED_EDGE('',*,*,#5301,.T.);
#2810=ORIENTED_EDGE('',*,*,#4926,.F.);
#2811=ORIENTED_EDGE('',*,*,#5305,.F.);
#2812=ORIENTED_EDGE('',*,*,#5306,.F.);
#2813=ORIENTED_EDGE('',*,*,#5303,.T.);
#2814=ORIENTED_EDGE('',*,*,#4925,.T.);
#2815=ORIENTED_EDGE('',*,*,#5307,.F.);
#2816=ORIENTED_EDGE('',*,*,#5308,.F.);
#2817=ORIENTED_EDGE('',*,*,#5305,.T.);
#2818=ORIENTED_EDGE('',*,*,#4924,.T.);
#2819=ORIENTED_EDGE('',*,*,#5309,.F.);
#2820=ORIENTED_EDGE('',*,*,#5310,.F.);
#2821=ORIENTED_EDGE('',*,*,#5307,.T.);
#2822=ORIENTED_EDGE('',*,*,#4923,.T.);
#2823=ORIENTED_EDGE('',*,*,#5311,.F.);
#2824=ORIENTED_EDGE('',*,*,#5312,.F.);
#2825=ORIENTED_EDGE('',*,*,#5309,.T.);
#2826=ORIENTED_EDGE('',*,*,#4922,.T.);
#2827=ORIENTED_EDGE('',*,*,#5313,.F.);
#2828=ORIENTED_EDGE('',*,*,#5314,.F.);
#2829=ORIENTED_EDGE('',*,*,#5311,.T.);
#2830=ORIENTED_EDGE('',*,*,#4921,.T.);
#2831=ORIENTED_EDGE('',*,*,#5315,.F.);
#2832=ORIENTED_EDGE('',*,*,#5316,.T.);
#2833=ORIENTED_EDGE('',*,*,#5313,.T.);
#2834=ORIENTED_EDGE('',*,*,#4920,.F.);
#2835=ORIENTED_EDGE('',*,*,#5317,.F.);
#2836=ORIENTED_EDGE('',*,*,#5318,.T.);
#2837=ORIENTED_EDGE('',*,*,#5315,.T.);
#2838=ORIENTED_EDGE('',*,*,#4919,.F.);
#2839=ORIENTED_EDGE('',*,*,#5319,.F.);
#2840=ORIENTED_EDGE('',*,*,#5320,.F.);
#2841=ORIENTED_EDGE('',*,*,#5317,.T.);
#2842=ORIENTED_EDGE('',*,*,#4918,.T.);
#2843=ORIENTED_EDGE('',*,*,#5321,.F.);
#2844=ORIENTED_EDGE('',*,*,#5322,.F.);
#2845=ORIENTED_EDGE('',*,*,#5319,.T.);
#2846=ORIENTED_EDGE('',*,*,#4917,.T.);
#2847=ORIENTED_EDGE('',*,*,#5323,.F.);
#2848=ORIENTED_EDGE('',*,*,#5324,.T.);
#2849=ORIENTED_EDGE('',*,*,#5321,.T.);
#2850=ORIENTED_EDGE('',*,*,#4916,.F.);
#2851=ORIENTED_EDGE('',*,*,#5325,.F.);
#2852=ORIENTED_EDGE('',*,*,#5326,.T.);
#2853=ORIENTED_EDGE('',*,*,#5323,.T.);
#2854=ORIENTED_EDGE('',*,*,#4915,.F.);
#2855=ORIENTED_EDGE('',*,*,#5327,.F.);
#2856=ORIENTED_EDGE('',*,*,#5328,.T.);
#2857=ORIENTED_EDGE('',*,*,#5325,.T.);
#2858=ORIENTED_EDGE('',*,*,#4914,.F.);
#2859=ORIENTED_EDGE('',*,*,#5329,.F.);
#2860=ORIENTED_EDGE('',*,*,#5330,.F.);
#2861=ORIENTED_EDGE('',*,*,#5327,.T.);
#2862=ORIENTED_EDGE('',*,*,#4913,.T.);
#2863=ORIENTED_EDGE('',*,*,#5331,.F.);
#2864=ORIENTED_EDGE('',*,*,#5332,.T.);
#2865=ORIENTED_EDGE('',*,*,#5333,.T.);
#2866=ORIENTED_EDGE('',*,*,#5334,.F.);
#2867=ORIENTED_EDGE('',*,*,#5335,.F.);
#2868=ORIENTED_EDGE('',*,*,#5336,.F.);
#2869=ORIENTED_EDGE('',*,*,#5331,.T.);
#2870=ORIENTED_EDGE('',*,*,#5337,.T.);
#2871=ORIENTED_EDGE('',*,*,#5338,.F.);
#2872=ORIENTED_EDGE('',*,*,#5335,.T.);
#2873=ORIENTED_EDGE('',*,*,#5339,.T.);
#2874=ORIENTED_EDGE('',*,*,#5333,.F.);
#2875=ORIENTED_EDGE('',*,*,#5340,.T.);
#2876=ORIENTED_EDGE('',*,*,#5329,.T.);
#2877=ORIENTED_EDGE('',*,*,#4912,.F.);
#2878=ORIENTED_EDGE('',*,*,#5288,.F.);
#2879=ORIENTED_EDGE('',*,*,#5332,.F.);
#2880=ORIENTED_EDGE('',*,*,#5336,.T.);
#2881=ORIENTED_EDGE('',*,*,#5338,.T.);
#2882=ORIENTED_EDGE('',*,*,#5287,.T.);
#2883=ORIENTED_EDGE('',*,*,#5290,.T.);
#2884=ORIENTED_EDGE('',*,*,#5292,.F.);
#2885=ORIENTED_EDGE('',*,*,#5294,.F.);
#2886=ORIENTED_EDGE('',*,*,#5296,.T.);
#2887=ORIENTED_EDGE('',*,*,#5298,.F.);
#2888=ORIENTED_EDGE('',*,*,#5300,.F.);
#2889=ORIENTED_EDGE('',*,*,#5302,.T.);
#2890=ORIENTED_EDGE('',*,*,#5304,.F.);
#2891=ORIENTED_EDGE('',*,*,#5306,.T.);
#2892=ORIENTED_EDGE('',*,*,#5308,.T.);
#2893=ORIENTED_EDGE('',*,*,#5310,.T.);
#2894=ORIENTED_EDGE('',*,*,#5312,.T.);
#2895=ORIENTED_EDGE('',*,*,#5314,.T.);
#2896=ORIENTED_EDGE('',*,*,#5316,.F.);
#2897=ORIENTED_EDGE('',*,*,#5318,.F.);
#2898=ORIENTED_EDGE('',*,*,#5320,.T.);
#2899=ORIENTED_EDGE('',*,*,#5322,.T.);
#2900=ORIENTED_EDGE('',*,*,#5324,.F.);
#2901=ORIENTED_EDGE('',*,*,#5326,.F.);
#2902=ORIENTED_EDGE('',*,*,#5328,.F.);
#2903=ORIENTED_EDGE('',*,*,#5330,.T.);
#2904=ORIENTED_EDGE('',*,*,#5340,.F.);
#2905=ORIENTED_EDGE('',*,*,#5337,.F.);
#2906=ORIENTED_EDGE('',*,*,#5334,.T.);
#2907=ORIENTED_EDGE('',*,*,#5339,.F.);
#2908=ORIENTED_EDGE('',*,*,#5341,.T.);
#2909=ORIENTED_EDGE('',*,*,#4939,.F.);
#2910=ORIENTED_EDGE('',*,*,#5342,.F.);
#2911=ORIENTED_EDGE('',*,*,#5343,.T.);
#2912=ORIENTED_EDGE('',*,*,#5344,.T.);
#2913=ORIENTED_EDGE('',*,*,#4940,.F.);
#2914=ORIENTED_EDGE('',*,*,#5341,.F.);
#2915=ORIENTED_EDGE('',*,*,#5345,.T.);
#2916=ORIENTED_EDGE('',*,*,#5346,.T.);
#2917=ORIENTED_EDGE('',*,*,#4941,.T.);
#2918=ORIENTED_EDGE('',*,*,#5344,.F.);
#2919=ORIENTED_EDGE('',*,*,#5347,.F.);
#2920=ORIENTED_EDGE('',*,*,#5348,.T.);
#2921=ORIENTED_EDGE('',*,*,#4942,.T.);
#2922=ORIENTED_EDGE('',*,*,#5346,.F.);
#2923=ORIENTED_EDGE('',*,*,#5349,.F.);
#2924=ORIENTED_EDGE('',*,*,#5350,.T.);
#2925=ORIENTED_EDGE('',*,*,#4943,.T.);
#2926=ORIENTED_EDGE('',*,*,#5348,.F.);
#2927=ORIENTED_EDGE('',*,*,#5351,.F.);
#2928=ORIENTED_EDGE('',*,*,#5352,.T.);
#2929=ORIENTED_EDGE('',*,*,#4944,.T.);
#2930=ORIENTED_EDGE('',*,*,#5350,.F.);
#2931=ORIENTED_EDGE('',*,*,#5353,.F.);
#2932=ORIENTED_EDGE('',*,*,#5354,.T.);
#2933=ORIENTED_EDGE('',*,*,#4945,.T.);
#2934=ORIENTED_EDGE('',*,*,#5352,.F.);
#2935=ORIENTED_EDGE('',*,*,#5355,.F.);
#2936=ORIENTED_EDGE('',*,*,#5356,.T.);
#2937=ORIENTED_EDGE('',*,*,#4946,.T.);
#2938=ORIENTED_EDGE('',*,*,#5354,.F.);
#2939=ORIENTED_EDGE('',*,*,#5357,.F.);
#2940=ORIENTED_EDGE('',*,*,#5358,.T.);
#2941=ORIENTED_EDGE('',*,*,#4947,.T.);
#2942=ORIENTED_EDGE('',*,*,#5356,.F.);
#2943=ORIENTED_EDGE('',*,*,#5359,.F.);
#2944=ORIENTED_EDGE('',*,*,#5360,.T.);
#2945=ORIENTED_EDGE('',*,*,#4948,.T.);
#2946=ORIENTED_EDGE('',*,*,#5358,.F.);
#2947=ORIENTED_EDGE('',*,*,#5361,.F.);
#2948=ORIENTED_EDGE('',*,*,#5362,.F.);
#2949=ORIENTED_EDGE('',*,*,#5342,.T.);
#2950=ORIENTED_EDGE('',*,*,#4938,.T.);
#2951=ORIENTED_EDGE('',*,*,#5360,.F.);
#2952=ORIENTED_EDGE('',*,*,#5343,.F.);
#2953=ORIENTED_EDGE('',*,*,#5362,.T.);
#2954=ORIENTED_EDGE('',*,*,#5361,.T.);
#2955=ORIENTED_EDGE('',*,*,#5359,.T.);
#2956=ORIENTED_EDGE('',*,*,#5357,.T.);
#2957=ORIENTED_EDGE('',*,*,#5355,.T.);
#2958=ORIENTED_EDGE('',*,*,#5353,.T.);
#2959=ORIENTED_EDGE('',*,*,#5351,.T.);
#2960=ORIENTED_EDGE('',*,*,#5349,.T.);
#2961=ORIENTED_EDGE('',*,*,#5347,.T.);
#2962=ORIENTED_EDGE('',*,*,#5345,.F.);
#2963=ORIENTED_EDGE('',*,*,#5363,.F.);
#2964=ORIENTED_EDGE('',*,*,#5364,.F.);
#2965=ORIENTED_EDGE('',*,*,#5365,.T.);
#2966=ORIENTED_EDGE('',*,*,#4949,.T.);
#2967=ORIENTED_EDGE('',*,*,#5366,.F.);
#2968=ORIENTED_EDGE('',*,*,#5367,.F.);
#2969=ORIENTED_EDGE('',*,*,#5363,.T.);
#2970=ORIENTED_EDGE('',*,*,#4964,.T.);
#2971=ORIENTED_EDGE('',*,*,#5368,.F.);
#2972=ORIENTED_EDGE('',*,*,#5369,.T.);
#2973=ORIENTED_EDGE('',*,*,#5366,.T.);
#2974=ORIENTED_EDGE('',*,*,#4963,.F.);
#2975=ORIENTED_EDGE('',*,*,#5370,.F.);
#2976=ORIENTED_EDGE('',*,*,#5371,.T.);
#2977=ORIENTED_EDGE('',*,*,#5368,.T.);
#2978=ORIENTED_EDGE('',*,*,#4962,.F.);
#2979=ORIENTED_EDGE('',*,*,#5372,.F.);
#2980=ORIENTED_EDGE('',*,*,#5373,.T.);
#2981=ORIENTED_EDGE('',*,*,#5370,.T.);
#2982=ORIENTED_EDGE('',*,*,#4961,.F.);
#2983=ORIENTED_EDGE('',*,*,#5374,.F.);
#2984=ORIENTED_EDGE('',*,*,#5375,.T.);
#2985=ORIENTED_EDGE('',*,*,#5372,.T.);
#2986=ORIENTED_EDGE('',*,*,#4960,.F.);
#2987=ORIENTED_EDGE('',*,*,#5376,.F.);
#2988=ORIENTED_EDGE('',*,*,#5377,.T.);
#2989=ORIENTED_EDGE('',*,*,#5374,.T.);
#2990=ORIENTED_EDGE('',*,*,#4959,.F.);
#2991=ORIENTED_EDGE('',*,*,#5378,.F.);
#2992=ORIENTED_EDGE('',*,*,#5379,.T.);
#2993=ORIENTED_EDGE('',*,*,#5376,.T.);
#2994=ORIENTED_EDGE('',*,*,#4958,.F.);
#2995=ORIENTED_EDGE('',*,*,#5380,.F.);
#2996=ORIENTED_EDGE('',*,*,#5381,.T.);
#2997=ORIENTED_EDGE('',*,*,#5378,.T.);
#2998=ORIENTED_EDGE('',*,*,#4957,.F.);
#2999=ORIENTED_EDGE('',*,*,#5382,.F.);
#3000=ORIENTED_EDGE('',*,*,#5383,.T.);
#3001=ORIENTED_EDGE('',*,*,#5380,.T.);
#3002=ORIENTED_EDGE('',*,*,#4956,.F.);
#3003=ORIENTED_EDGE('',*,*,#5384,.F.);
#3004=ORIENTED_EDGE('',*,*,#5385,.T.);
#3005=ORIENTED_EDGE('',*,*,#5382,.T.);
#3006=ORIENTED_EDGE('',*,*,#4955,.F.);
#3007=ORIENTED_EDGE('',*,*,#5386,.F.);
#3008=ORIENTED_EDGE('',*,*,#5387,.F.);
#3009=ORIENTED_EDGE('',*,*,#5384,.T.);
#3010=ORIENTED_EDGE('',*,*,#4954,.T.);
#3011=ORIENTED_EDGE('',*,*,#5388,.F.);
#3012=ORIENTED_EDGE('',*,*,#5389,.F.);
#3013=ORIENTED_EDGE('',*,*,#5386,.T.);
#3014=ORIENTED_EDGE('',*,*,#4953,.T.);
#3015=ORIENTED_EDGE('',*,*,#5390,.F.);
#3016=ORIENTED_EDGE('',*,*,#5391,.F.);
#3017=ORIENTED_EDGE('',*,*,#5388,.T.);
#3018=ORIENTED_EDGE('',*,*,#4952,.T.);
#3019=ORIENTED_EDGE('',*,*,#5392,.F.);
#3020=ORIENTED_EDGE('',*,*,#5393,.F.);
#3021=ORIENTED_EDGE('',*,*,#5390,.T.);
#3022=ORIENTED_EDGE('',*,*,#4951,.T.);
#3023=ORIENTED_EDGE('',*,*,#5394,.F.);
#3024=ORIENTED_EDGE('',*,*,#5392,.T.);
#3025=ORIENTED_EDGE('',*,*,#4950,.T.);
#3026=ORIENTED_EDGE('',*,*,#5365,.F.);
#3027=ORIENTED_EDGE('',*,*,#5364,.T.);
#3028=ORIENTED_EDGE('',*,*,#5367,.T.);
#3029=ORIENTED_EDGE('',*,*,#5369,.F.);
#3030=ORIENTED_EDGE('',*,*,#5371,.F.);
#3031=ORIENTED_EDGE('',*,*,#5373,.F.);
#3032=ORIENTED_EDGE('',*,*,#5375,.F.);
#3033=ORIENTED_EDGE('',*,*,#5377,.F.);
#3034=ORIENTED_EDGE('',*,*,#5379,.F.);
#3035=ORIENTED_EDGE('',*,*,#5381,.F.);
#3036=ORIENTED_EDGE('',*,*,#5383,.F.);
#3037=ORIENTED_EDGE('',*,*,#5385,.F.);
#3038=ORIENTED_EDGE('',*,*,#5387,.T.);
#3039=ORIENTED_EDGE('',*,*,#5389,.T.);
#3040=ORIENTED_EDGE('',*,*,#5391,.T.);
#3041=ORIENTED_EDGE('',*,*,#5393,.T.);
#3042=ORIENTED_EDGE('',*,*,#5394,.T.);
#3043=ORIENTED_EDGE('',*,*,#5395,.T.);
#3044=ORIENTED_EDGE('',*,*,#4887,.F.);
#3045=ORIENTED_EDGE('',*,*,#5396,.F.);
#3046=ORIENTED_EDGE('',*,*,#5397,.T.);
#3047=ORIENTED_EDGE('',*,*,#5398,.T.);
#3048=ORIENTED_EDGE('',*,*,#4888,.F.);
#3049=ORIENTED_EDGE('',*,*,#5395,.F.);
#3050=ORIENTED_EDGE('',*,*,#5399,.T.);
#3051=ORIENTED_EDGE('',*,*,#5400,.T.);
#3052=ORIENTED_EDGE('',*,*,#4889,.F.);
#3053=ORIENTED_EDGE('',*,*,#5398,.F.);
#3054=ORIENTED_EDGE('',*,*,#5401,.T.);
#3055=ORIENTED_EDGE('',*,*,#5402,.T.);
#3056=ORIENTED_EDGE('',*,*,#4890,.F.);
#3057=ORIENTED_EDGE('',*,*,#5400,.F.);
#3058=ORIENTED_EDGE('',*,*,#5403,.T.);
#3059=ORIENTED_EDGE('',*,*,#5404,.T.);
#3060=ORIENTED_EDGE('',*,*,#4891,.F.);
#3061=ORIENTED_EDGE('',*,*,#5402,.F.);
#3062=ORIENTED_EDGE('',*,*,#5405,.T.);
#3063=ORIENTED_EDGE('',*,*,#5406,.T.);
#3064=ORIENTED_EDGE('',*,*,#4892,.F.);
#3065=ORIENTED_EDGE('',*,*,#5404,.F.);
#3066=ORIENTED_EDGE('',*,*,#5407,.T.);
#3067=ORIENTED_EDGE('',*,*,#5408,.T.);
#3068=ORIENTED_EDGE('',*,*,#4893,.F.);
#3069=ORIENTED_EDGE('',*,*,#5406,.F.);
#3070=ORIENTED_EDGE('',*,*,#5409,.T.);
#3071=ORIENTED_EDGE('',*,*,#5410,.T.);
#3072=ORIENTED_EDGE('',*,*,#4894,.F.);
#3073=ORIENTED_EDGE('',*,*,#5408,.F.);
#3074=ORIENTED_EDGE('',*,*,#5411,.T.);
#3075=ORIENTED_EDGE('',*,*,#5412,.T.);
#3076=ORIENTED_EDGE('',*,*,#4895,.F.);
#3077=ORIENTED_EDGE('',*,*,#5410,.F.);
#3078=ORIENTED_EDGE('',*,*,#5413,.T.);
#3079=ORIENTED_EDGE('',*,*,#5414,.T.);
#3080=ORIENTED_EDGE('',*,*,#4896,.T.);
#3081=ORIENTED_EDGE('',*,*,#5412,.F.);
#3082=ORIENTED_EDGE('',*,*,#5415,.F.);
#3083=ORIENTED_EDGE('',*,*,#5416,.T.);
#3084=ORIENTED_EDGE('',*,*,#4897,.T.);
#3085=ORIENTED_EDGE('',*,*,#5414,.F.);
#3086=ORIENTED_EDGE('',*,*,#5417,.F.);
#3087=ORIENTED_EDGE('',*,*,#5418,.T.);
#3088=ORIENTED_EDGE('',*,*,#4898,.T.);
#3089=ORIENTED_EDGE('',*,*,#5416,.F.);
#3090=ORIENTED_EDGE('',*,*,#5419,.F.);
#3091=ORIENTED_EDGE('',*,*,#5420,.T.);
#3092=ORIENTED_EDGE('',*,*,#4899,.T.);
#3093=ORIENTED_EDGE('',*,*,#5418,.F.);
#3094=ORIENTED_EDGE('',*,*,#5421,.F.);
#3095=ORIENTED_EDGE('',*,*,#5422,.T.);
#3096=ORIENTED_EDGE('',*,*,#4900,.T.);
#3097=ORIENTED_EDGE('',*,*,#5420,.F.);
#3098=ORIENTED_EDGE('',*,*,#5423,.F.);
#3099=ORIENTED_EDGE('',*,*,#5424,.T.);
#3100=ORIENTED_EDGE('',*,*,#4901,.T.);
#3101=ORIENTED_EDGE('',*,*,#5422,.F.);
#3102=ORIENTED_EDGE('',*,*,#5425,.F.);
#3103=ORIENTED_EDGE('',*,*,#5426,.T.);
#3104=ORIENTED_EDGE('',*,*,#4902,.F.);
#3105=ORIENTED_EDGE('',*,*,#5424,.F.);
#3106=ORIENTED_EDGE('',*,*,#5427,.T.);
#3107=ORIENTED_EDGE('',*,*,#5428,.T.);
#3108=ORIENTED_EDGE('',*,*,#4903,.T.);
#3109=ORIENTED_EDGE('',*,*,#5426,.F.);
#3110=ORIENTED_EDGE('',*,*,#5429,.F.);
#3111=ORIENTED_EDGE('',*,*,#5430,.T.);
#3112=ORIENTED_EDGE('',*,*,#4904,.T.);
#3113=ORIENTED_EDGE('',*,*,#5428,.F.);
#3114=ORIENTED_EDGE('',*,*,#5431,.F.);
#3115=ORIENTED_EDGE('',*,*,#5432,.T.);
#3116=ORIENTED_EDGE('',*,*,#4905,.T.);
#3117=ORIENTED_EDGE('',*,*,#5430,.F.);
#3118=ORIENTED_EDGE('',*,*,#5433,.F.);
#3119=ORIENTED_EDGE('',*,*,#5434,.T.);
#3120=ORIENTED_EDGE('',*,*,#4906,.T.);
#3121=ORIENTED_EDGE('',*,*,#5432,.F.);
#3122=ORIENTED_EDGE('',*,*,#5435,.F.);
#3123=ORIENTED_EDGE('',*,*,#5436,.T.);
#3124=ORIENTED_EDGE('',*,*,#4907,.T.);
#3125=ORIENTED_EDGE('',*,*,#5434,.F.);
#3126=ORIENTED_EDGE('',*,*,#5437,.F.);
#3127=ORIENTED_EDGE('',*,*,#5438,.T.);
#3128=ORIENTED_EDGE('',*,*,#4908,.T.);
#3129=ORIENTED_EDGE('',*,*,#5436,.F.);
#3130=ORIENTED_EDGE('',*,*,#5439,.F.);
#3131=ORIENTED_EDGE('',*,*,#5440,.T.);
#3132=ORIENTED_EDGE('',*,*,#4909,.T.);
#3133=ORIENTED_EDGE('',*,*,#5438,.F.);
#3134=ORIENTED_EDGE('',*,*,#5441,.F.);
#3135=ORIENTED_EDGE('',*,*,#5442,.T.);
#3136=ORIENTED_EDGE('',*,*,#4910,.F.);
#3137=ORIENTED_EDGE('',*,*,#5440,.F.);
#3138=ORIENTED_EDGE('',*,*,#5443,.T.);
#3139=ORIENTED_EDGE('',*,*,#5444,.T.);
#3140=ORIENTED_EDGE('',*,*,#5396,.T.);
#3141=ORIENTED_EDGE('',*,*,#4886,.F.);
#3142=ORIENTED_EDGE('',*,*,#5442,.F.);
#3143=ORIENTED_EDGE('',*,*,#5397,.F.);
#3144=ORIENTED_EDGE('',*,*,#5444,.F.);
#3145=ORIENTED_EDGE('',*,*,#5443,.F.);
#3146=ORIENTED_EDGE('',*,*,#5441,.T.);
#3147=ORIENTED_EDGE('',*,*,#5439,.T.);
#3148=ORIENTED_EDGE('',*,*,#5437,.T.);
#3149=ORIENTED_EDGE('',*,*,#5435,.T.);
#3150=ORIENTED_EDGE('',*,*,#5433,.T.);
#3151=ORIENTED_EDGE('',*,*,#5431,.T.);
#3152=ORIENTED_EDGE('',*,*,#5429,.T.);
#3153=ORIENTED_EDGE('',*,*,#5427,.F.);
#3154=ORIENTED_EDGE('',*,*,#5425,.T.);
#3155=ORIENTED_EDGE('',*,*,#5423,.T.);
#3156=ORIENTED_EDGE('',*,*,#5421,.T.);
#3157=ORIENTED_EDGE('',*,*,#5419,.T.);
#3158=ORIENTED_EDGE('',*,*,#5417,.T.);
#3159=ORIENTED_EDGE('',*,*,#5415,.T.);
#3160=ORIENTED_EDGE('',*,*,#5413,.F.);
#3161=ORIENTED_EDGE('',*,*,#5411,.F.);
#3162=ORIENTED_EDGE('',*,*,#5409,.F.);
#3163=ORIENTED_EDGE('',*,*,#5407,.F.);
#3164=ORIENTED_EDGE('',*,*,#5405,.F.);
#3165=ORIENTED_EDGE('',*,*,#5403,.F.);
#3166=ORIENTED_EDGE('',*,*,#5401,.F.);
#3167=ORIENTED_EDGE('',*,*,#5399,.F.);
#3168=ORIENTED_EDGE('',*,*,#5282,.F.);
#3169=ORIENTED_EDGE('',*,*,#5279,.F.);
#3170=ORIENTED_EDGE('',*,*,#5284,.F.);
#3171=ORIENTED_EDGE('',*,*,#4786,.F.);
#3172=ORIENTED_EDGE('',*,*,#5271,.F.);
#3173=ORIENTED_EDGE('',*,*,#5274,.F.);
#3174=ORIENTED_EDGE('',*,*,#5276,.F.);
#3175=ORIENTED_EDGE('',*,*,#5227,.F.);
#3176=ORIENTED_EDGE('',*,*,#5277,.F.);
#3177=ORIENTED_EDGE('',*,*,#5275,.F.);
#3178=ORIENTED_EDGE('',*,*,#5272,.F.);
#3179=ORIENTED_EDGE('',*,*,#4793,.F.);
#3180=ORIENTED_EDGE('',*,*,#5445,.T.);
#3181=ORIENTED_EDGE('',*,*,#4853,.F.);
#3182=ORIENTED_EDGE('',*,*,#5446,.F.);
#3183=ORIENTED_EDGE('',*,*,#5447,.T.);
#3184=ORIENTED_EDGE('',*,*,#5448,.T.);
#3185=ORIENTED_EDGE('',*,*,#4854,.T.);
#3186=ORIENTED_EDGE('',*,*,#5445,.F.);
#3187=ORIENTED_EDGE('',*,*,#5449,.F.);
#3188=ORIENTED_EDGE('',*,*,#5450,.T.);
#3189=ORIENTED_EDGE('',*,*,#4855,.T.);
#3190=ORIENTED_EDGE('',*,*,#5448,.F.);
#3191=ORIENTED_EDGE('',*,*,#5451,.F.);
#3192=ORIENTED_EDGE('',*,*,#5452,.T.);
#3193=ORIENTED_EDGE('',*,*,#4856,.T.);
#3194=ORIENTED_EDGE('',*,*,#5450,.F.);
#3195=ORIENTED_EDGE('',*,*,#5453,.F.);
#3196=ORIENTED_EDGE('',*,*,#5454,.T.);
#3197=ORIENTED_EDGE('',*,*,#4857,.F.);
#3198=ORIENTED_EDGE('',*,*,#5452,.F.);
#3199=ORIENTED_EDGE('',*,*,#5455,.T.);
#3200=ORIENTED_EDGE('',*,*,#5456,.T.);
#3201=ORIENTED_EDGE('',*,*,#5446,.T.);
#3202=ORIENTED_EDGE('',*,*,#4858,.F.);
#3203=ORIENTED_EDGE('',*,*,#5454,.F.);
#3204=ORIENTED_EDGE('',*,*,#5447,.F.);
#3205=ORIENTED_EDGE('',*,*,#5456,.F.);
#3206=ORIENTED_EDGE('',*,*,#5455,.F.);
#3207=ORIENTED_EDGE('',*,*,#5453,.T.);
#3208=ORIENTED_EDGE('',*,*,#5451,.T.);
#3209=ORIENTED_EDGE('',*,*,#5449,.T.);
#3210=ORIENTED_EDGE('',*,*,#5457,.T.);
#3211=ORIENTED_EDGE('',*,*,#4845,.F.);
#3212=ORIENTED_EDGE('',*,*,#5458,.F.);
#3213=ORIENTED_EDGE('',*,*,#5459,.T.);
#3214=ORIENTED_EDGE('',*,*,#5460,.T.);
#3215=ORIENTED_EDGE('',*,*,#4846,.F.);
#3216=ORIENTED_EDGE('',*,*,#5457,.F.);
#3217=ORIENTED_EDGE('',*,*,#5461,.T.);
#3218=ORIENTED_EDGE('',*,*,#5462,.T.);
#3219=ORIENTED_EDGE('',*,*,#4847,.F.);
#3220=ORIENTED_EDGE('',*,*,#5460,.F.);
#3221=ORIENTED_EDGE('',*,*,#5463,.T.);
#3222=ORIENTED_EDGE('',*,*,#5464,.T.);
#3223=ORIENTED_EDGE('',*,*,#4848,.F.);
#3224=ORIENTED_EDGE('',*,*,#5462,.F.);
#3225=ORIENTED_EDGE('',*,*,#5465,.T.);
#3226=ORIENTED_EDGE('',*,*,#5466,.T.);
#3227=ORIENTED_EDGE('',*,*,#4849,.F.);
#3228=ORIENTED_EDGE('',*,*,#5464,.F.);
#3229=ORIENTED_EDGE('',*,*,#5467,.T.);
#3230=ORIENTED_EDGE('',*,*,#5468,.T.);
#3231=ORIENTED_EDGE('',*,*,#4850,.F.);
#3232=ORIENTED_EDGE('',*,*,#5466,.F.);
#3233=ORIENTED_EDGE('',*,*,#5469,.T.);
#3234=ORIENTED_EDGE('',*,*,#5470,.T.);
#3235=ORIENTED_EDGE('',*,*,#4851,.T.);
#3236=ORIENTED_EDGE('',*,*,#5468,.F.);
#3237=ORIENTED_EDGE('',*,*,#5471,.F.);
#3238=ORIENTED_EDGE('',*,*,#5472,.T.);
#3239=ORIENTED_EDGE('',*,*,#5473,.T.);
#3240=ORIENTED_EDGE('',*,*,#5474,.F.);
#3241=ORIENTED_EDGE('',*,*,#5475,.F.);
#3242=ORIENTED_EDGE('',*,*,#5476,.T.);
#3243=ORIENTED_EDGE('',*,*,#5477,.T.);
#3244=ORIENTED_EDGE('',*,*,#5472,.F.);
#3245=ORIENTED_EDGE('',*,*,#5478,.F.);
#3246=ORIENTED_EDGE('',*,*,#5479,.T.);
#3247=ORIENTED_EDGE('',*,*,#5480,.T.);
#3248=ORIENTED_EDGE('',*,*,#5476,.F.);
#3249=ORIENTED_EDGE('',*,*,#5481,.F.);
#3250=ORIENTED_EDGE('',*,*,#5482,.T.);
#3251=ORIENTED_EDGE('',*,*,#5483,.T.);
#3252=ORIENTED_EDGE('',*,*,#5479,.F.);
#3253=ORIENTED_EDGE('',*,*,#5484,.F.);
#3254=ORIENTED_EDGE('',*,*,#5485,.T.);
#3255=ORIENTED_EDGE('',*,*,#5486,.T.);
#3256=ORIENTED_EDGE('',*,*,#5482,.F.);
#3257=ORIENTED_EDGE('',*,*,#5487,.F.);
#3258=ORIENTED_EDGE('',*,*,#5488,.F.);
#3259=ORIENTED_EDGE('',*,*,#5474,.T.);
#3260=ORIENTED_EDGE('',*,*,#5489,.T.);
#3261=ORIENTED_EDGE('',*,*,#5485,.F.);
#3262=ORIENTED_EDGE('',*,*,#5490,.F.);
#3263=ORIENTED_EDGE('',*,*,#5458,.T.);
#3264=ORIENTED_EDGE('',*,*,#4852,.T.);
#3265=ORIENTED_EDGE('',*,*,#5470,.F.);
#3266=ORIENTED_EDGE('',*,*,#5475,.T.);
#3267=ORIENTED_EDGE('',*,*,#5488,.T.);
#3268=ORIENTED_EDGE('',*,*,#5487,.T.);
#3269=ORIENTED_EDGE('',*,*,#5484,.T.);
#3270=ORIENTED_EDGE('',*,*,#5481,.T.);
#3271=ORIENTED_EDGE('',*,*,#5478,.T.);
#3272=ORIENTED_EDGE('',*,*,#5459,.F.);
#3273=ORIENTED_EDGE('',*,*,#5490,.T.);
#3274=ORIENTED_EDGE('',*,*,#5471,.T.);
#3275=ORIENTED_EDGE('',*,*,#5469,.F.);
#3276=ORIENTED_EDGE('',*,*,#5467,.F.);
#3277=ORIENTED_EDGE('',*,*,#5465,.F.);
#3278=ORIENTED_EDGE('',*,*,#5463,.F.);
#3279=ORIENTED_EDGE('',*,*,#5461,.F.);
#3280=ORIENTED_EDGE('',*,*,#5489,.F.);
#3281=ORIENTED_EDGE('',*,*,#5473,.F.);
#3282=ORIENTED_EDGE('',*,*,#5477,.F.);
#3283=ORIENTED_EDGE('',*,*,#5480,.F.);
#3284=ORIENTED_EDGE('',*,*,#5483,.F.);
#3285=ORIENTED_EDGE('',*,*,#5486,.F.);
#3286=ORIENTED_EDGE('',*,*,#5491,.F.);
#3287=ORIENTED_EDGE('',*,*,#5492,.F.);
#3288=ORIENTED_EDGE('',*,*,#5493,.T.);
#3289=ORIENTED_EDGE('',*,*,#4839,.T.);
#3290=ORIENTED_EDGE('',*,*,#5494,.F.);
#3291=ORIENTED_EDGE('',*,*,#5495,.F.);
#3292=ORIENTED_EDGE('',*,*,#5491,.T.);
#3293=ORIENTED_EDGE('',*,*,#4838,.T.);
#3294=ORIENTED_EDGE('',*,*,#5496,.F.);
#3295=ORIENTED_EDGE('',*,*,#5497,.F.);
#3296=ORIENTED_EDGE('',*,*,#5494,.T.);
#3297=ORIENTED_EDGE('',*,*,#4844,.T.);
#3298=ORIENTED_EDGE('',*,*,#5498,.F.);
#3299=ORIENTED_EDGE('',*,*,#5499,.T.);
#3300=ORIENTED_EDGE('',*,*,#5496,.T.);
#3301=ORIENTED_EDGE('',*,*,#4843,.F.);
#3302=ORIENTED_EDGE('',*,*,#5500,.F.);
#3303=ORIENTED_EDGE('',*,*,#5501,.F.);
#3304=ORIENTED_EDGE('',*,*,#5498,.T.);
#3305=ORIENTED_EDGE('',*,*,#4842,.T.);
#3306=ORIENTED_EDGE('',*,*,#5502,.F.);
#3307=ORIENTED_EDGE('',*,*,#5503,.T.);
#3308=ORIENTED_EDGE('',*,*,#5500,.T.);
#3309=ORIENTED_EDGE('',*,*,#4841,.F.);
#3310=ORIENTED_EDGE('',*,*,#5504,.F.);
#3311=ORIENTED_EDGE('',*,*,#5505,.T.);
#3312=ORIENTED_EDGE('',*,*,#5506,.T.);
#3313=ORIENTED_EDGE('',*,*,#5507,.F.);
#3314=ORIENTED_EDGE('',*,*,#5508,.F.);
#3315=ORIENTED_EDGE('',*,*,#5509,.T.);
#3316=ORIENTED_EDGE('',*,*,#5504,.T.);
#3317=ORIENTED_EDGE('',*,*,#5510,.F.);
#3318=ORIENTED_EDGE('',*,*,#5511,.T.);
#3319=ORIENTED_EDGE('',*,*,#5508,.T.);
#3320=ORIENTED_EDGE('',*,*,#5512,.F.);
#3321=ORIENTED_EDGE('',*,*,#5506,.F.);
#3322=ORIENTED_EDGE('',*,*,#5513,.F.);
#3323=ORIENTED_EDGE('',*,*,#5502,.T.);
#3324=ORIENTED_EDGE('',*,*,#4840,.T.);
#3325=ORIENTED_EDGE('',*,*,#5493,.F.);
#3326=ORIENTED_EDGE('',*,*,#5505,.F.);
#3327=ORIENTED_EDGE('',*,*,#5509,.F.);
#3328=ORIENTED_EDGE('',*,*,#5511,.F.);
#3329=ORIENTED_EDGE('',*,*,#5492,.T.);
#3330=ORIENTED_EDGE('',*,*,#5495,.T.);
#3331=ORIENTED_EDGE('',*,*,#5497,.T.);
#3332=ORIENTED_EDGE('',*,*,#5499,.F.);
#3333=ORIENTED_EDGE('',*,*,#5501,.T.);
#3334=ORIENTED_EDGE('',*,*,#5503,.F.);
#3335=ORIENTED_EDGE('',*,*,#5513,.T.);
#3336=ORIENTED_EDGE('',*,*,#5507,.T.);
#3337=ORIENTED_EDGE('',*,*,#5512,.T.);
#3338=ORIENTED_EDGE('',*,*,#5510,.T.);
#3339=ORIENTED_EDGE('',*,*,#5514,.F.);
#3340=ORIENTED_EDGE('',*,*,#5515,.F.);
#3341=ORIENTED_EDGE('',*,*,#5516,.T.);
#3342=ORIENTED_EDGE('',*,*,#4871,.T.);
#3343=ORIENTED_EDGE('',*,*,#5517,.F.);
#3344=ORIENTED_EDGE('',*,*,#5518,.F.);
#3345=ORIENTED_EDGE('',*,*,#5514,.T.);
#3346=ORIENTED_EDGE('',*,*,#4870,.T.);
#3347=ORIENTED_EDGE('',*,*,#5519,.F.);
#3348=ORIENTED_EDGE('',*,*,#5520,.F.);
#3349=ORIENTED_EDGE('',*,*,#5517,.T.);
#3350=ORIENTED_EDGE('',*,*,#4875,.T.);
#3351=ORIENTED_EDGE('',*,*,#5521,.F.);
#3352=ORIENTED_EDGE('',*,*,#5522,.T.);
#3353=ORIENTED_EDGE('',*,*,#5519,.T.);
#3354=ORIENTED_EDGE('',*,*,#4874,.F.);
#3355=ORIENTED_EDGE('',*,*,#5523,.F.);
#3356=ORIENTED_EDGE('',*,*,#5524,.T.);
#3357=ORIENTED_EDGE('',*,*,#5521,.T.);
#3358=ORIENTED_EDGE('',*,*,#4873,.F.);
#3359=ORIENTED_EDGE('',*,*,#5525,.T.);
#3360=ORIENTED_EDGE('',*,*,#5523,.T.);
#3361=ORIENTED_EDGE('',*,*,#4872,.F.);
#3362=ORIENTED_EDGE('',*,*,#5516,.F.);
#3363=ORIENTED_EDGE('',*,*,#5515,.T.);
#3364=ORIENTED_EDGE('',*,*,#5518,.T.);
#3365=ORIENTED_EDGE('',*,*,#5520,.T.);
#3366=ORIENTED_EDGE('',*,*,#5522,.F.);
#3367=ORIENTED_EDGE('',*,*,#5524,.F.);
#3368=ORIENTED_EDGE('',*,*,#5525,.F.);
#3369=ORIENTED_EDGE('',*,*,#5526,.T.);
#3370=ORIENTED_EDGE('',*,*,#4837,.T.);
#3371=ORIENTED_EDGE('',*,*,#5527,.T.);
#3372=ORIENTED_EDGE('',*,*,#5093,.F.);
#3373=ORIENTED_EDGE('',*,*,#4818,.F.);
#3374=ORIENTED_EDGE('',*,*,#5526,.F.);
#3375=ORIENTED_EDGE('',*,*,#5043,.F.);
#3376=ORIENTED_EDGE('',*,*,#5528,.T.);
#3377=ORIENTED_EDGE('',*,*,#4998,.F.);
#3378=ORIENTED_EDGE('',*,*,#5528,.F.);
#3379=ORIENTED_EDGE('',*,*,#5042,.F.);
#3380=ORIENTED_EDGE('',*,*,#5529,.T.);
#3381=ORIENTED_EDGE('',*,*,#4999,.F.);
#3382=ORIENTED_EDGE('',*,*,#5527,.F.);
#3383=ORIENTED_EDGE('',*,*,#4836,.T.);
#3384=ORIENTED_EDGE('',*,*,#5000,.F.);
#3385=ORIENTED_EDGE('',*,*,#5529,.F.);
#3386=ORIENTED_EDGE('',*,*,#5051,.F.);
#3387=ORIENTED_EDGE('',*,*,#5262,.T.);
#3388=ORIENTED_EDGE('',*,*,#4788,.F.);
#3389=ORIENTED_EDGE('',*,*,#4776,.T.);
#3390=ORIENTED_EDGE('',*,*,#5530,.T.);
#3391=ORIENTED_EDGE('',*,*,#5531,.F.);
#3392=ORIENTED_EDGE('',*,*,#4809,.F.);
#3393=ORIENTED_EDGE('',*,*,#5532,.F.);
#3394=ORIENTED_EDGE('',*,*,#4882,.T.);
#3395=ORIENTED_EDGE('',*,*,#5533,.F.);
#3396=ORIENTED_EDGE('',*,*,#5534,.F.);
#3397=ORIENTED_EDGE('',*,*,#5535,.F.);
#3398=ORIENTED_EDGE('',*,*,#4884,.T.);
#3399=ORIENTED_EDGE('',*,*,#5536,.F.);
#3400=ORIENTED_EDGE('',*,*,#5537,.F.);
#3401=ORIENTED_EDGE('',*,*,#4883,.T.);
#3402=ORIENTED_EDGE('',*,*,#5532,.T.);
#3403=ORIENTED_EDGE('',*,*,#5538,.F.);
#3404=ORIENTED_EDGE('',*,*,#5539,.F.);
#3405=ORIENTED_EDGE('',*,*,#5540,.T.);
#3406=ORIENTED_EDGE('',*,*,#5541,.F.);
#3407=ORIENTED_EDGE('',*,*,#5542,.F.);
#3408=ORIENTED_EDGE('',*,*,#5543,.F.);
#3409=ORIENTED_EDGE('',*,*,#5544,.T.);
#3410=ORIENTED_EDGE('',*,*,#5545,.T.);
#3411=ORIENTED_EDGE('',*,*,#5546,.T.);
#3412=ORIENTED_EDGE('',*,*,#5547,.T.);
#3413=ORIENTED_EDGE('',*,*,#5548,.F.);
#3414=ORIENTED_EDGE('',*,*,#5549,.T.);
#3415=ORIENTED_EDGE('',*,*,#5550,.T.);
#3416=ORIENTED_EDGE('',*,*,#5536,.T.);
#3417=ORIENTED_EDGE('',*,*,#5535,.T.);
#3418=ORIENTED_EDGE('',*,*,#5551,.T.);
#3419=ORIENTED_EDGE('',*,*,#5552,.F.);
#3420=ORIENTED_EDGE('',*,*,#5553,.F.);
#3421=ORIENTED_EDGE('',*,*,#5554,.F.);
#3422=ORIENTED_EDGE('',*,*,#5555,.T.);
#3423=ORIENTED_EDGE('',*,*,#5556,.F.);
#3424=ORIENTED_EDGE('',*,*,#5557,.T.);
#3425=ORIENTED_EDGE('',*,*,#5558,.T.);
#3426=ORIENTED_EDGE('',*,*,#5559,.F.);
#3427=ORIENTED_EDGE('',*,*,#5560,.T.);
#3428=ORIENTED_EDGE('',*,*,#5561,.T.);
#3429=ORIENTED_EDGE('',*,*,#5562,.T.);
#3430=ORIENTED_EDGE('',*,*,#5563,.F.);
#3431=ORIENTED_EDGE('',*,*,#5533,.T.);
#3432=ORIENTED_EDGE('',*,*,#4885,.F.);
#3433=ORIENTED_EDGE('',*,*,#5564,.F.);
#3434=ORIENTED_EDGE('',*,*,#5538,.T.);
#3435=ORIENTED_EDGE('',*,*,#5534,.T.);
#3436=ORIENTED_EDGE('',*,*,#5563,.T.);
#3437=ORIENTED_EDGE('',*,*,#5550,.F.);
#3438=ORIENTED_EDGE('',*,*,#5565,.T.);
#3439=ORIENTED_EDGE('',*,*,#5551,.F.);
#3440=ORIENTED_EDGE('',*,*,#5537,.T.);
#3441=ORIENTED_EDGE('',*,*,#5552,.T.);
#3442=ORIENTED_EDGE('',*,*,#5565,.F.);
#3443=ORIENTED_EDGE('',*,*,#5549,.F.);
#3444=ORIENTED_EDGE('',*,*,#5566,.T.);
#3445=ORIENTED_EDGE('',*,*,#5539,.T.);
#3446=ORIENTED_EDGE('',*,*,#5564,.T.);
#3447=ORIENTED_EDGE('',*,*,#5562,.F.);
#3448=ORIENTED_EDGE('',*,*,#5567,.T.);
#3449=ORIENTED_EDGE('',*,*,#5553,.T.);
#3450=ORIENTED_EDGE('',*,*,#5566,.F.);
#3451=ORIENTED_EDGE('',*,*,#5548,.T.);
#3452=ORIENTED_EDGE('',*,*,#5568,.T.);
#3453=ORIENTED_EDGE('',*,*,#5567,.F.);
#3454=ORIENTED_EDGE('',*,*,#5561,.F.);
#3455=ORIENTED_EDGE('',*,*,#5569,.F.);
#3456=ORIENTED_EDGE('',*,*,#5540,.F.);
#3457=ORIENTED_EDGE('',*,*,#5554,.T.);
#3458=ORIENTED_EDGE('',*,*,#5568,.F.);
#3459=ORIENTED_EDGE('',*,*,#5547,.F.);
#3460=ORIENTED_EDGE('',*,*,#5570,.T.);
#3461=ORIENTED_EDGE('',*,*,#5541,.T.);
#3462=ORIENTED_EDGE('',*,*,#5569,.T.);
#3463=ORIENTED_EDGE('',*,*,#5560,.F.);
#3464=ORIENTED_EDGE('',*,*,#5571,.T.);
#3465=ORIENTED_EDGE('',*,*,#5571,.F.);
#3466=ORIENTED_EDGE('',*,*,#5559,.T.);
#3467=ORIENTED_EDGE('',*,*,#5572,.T.);
#3468=ORIENTED_EDGE('',*,*,#5542,.T.);
#3469=ORIENTED_EDGE('',*,*,#5555,.F.);
#3470=ORIENTED_EDGE('',*,*,#5570,.F.);
#3471=ORIENTED_EDGE('',*,*,#5546,.F.);
#3472=ORIENTED_EDGE('',*,*,#5573,.F.);
#3473=ORIENTED_EDGE('',*,*,#5545,.F.);
#3474=ORIENTED_EDGE('',*,*,#5574,.T.);
#3475=ORIENTED_EDGE('',*,*,#5556,.T.);
#3476=ORIENTED_EDGE('',*,*,#5573,.T.);
#3477=ORIENTED_EDGE('',*,*,#5558,.F.);
#3478=ORIENTED_EDGE('',*,*,#5575,.T.);
#3479=ORIENTED_EDGE('',*,*,#5543,.T.);
#3480=ORIENTED_EDGE('',*,*,#5572,.F.);
#3481=ORIENTED_EDGE('',*,*,#5576,.T.);
#3482=ORIENTED_EDGE('',*,*,#5577,.T.);
#3483=ORIENTED_EDGE('',*,*,#5578,.T.);
#3484=ORIENTED_EDGE('',*,*,#5579,.T.);
#3485=ORIENTED_EDGE('',*,*,#5575,.F.);
#3486=ORIENTED_EDGE('',*,*,#5580,.T.);
#3487=ORIENTED_EDGE('',*,*,#5576,.F.);
#3488=ORIENTED_EDGE('',*,*,#5581,.T.);
#3489=ORIENTED_EDGE('',*,*,#5578,.F.);
#3490=ORIENTED_EDGE('',*,*,#5582,.T.);
#3491=ORIENTED_EDGE('',*,*,#5574,.F.);
#3492=ORIENTED_EDGE('',*,*,#5583,.T.);
#3493=ORIENTED_EDGE('',*,*,#5582,.F.);
#3494=ORIENTED_EDGE('',*,*,#5577,.F.);
#3495=ORIENTED_EDGE('',*,*,#5580,.F.);
#3496=ORIENTED_EDGE('',*,*,#5557,.F.);
#3497=ORIENTED_EDGE('',*,*,#5581,.F.);
#3498=ORIENTED_EDGE('',*,*,#5579,.F.);
#3499=ORIENTED_EDGE('',*,*,#5583,.F.);
#3500=ORIENTED_EDGE('',*,*,#5544,.F.);
#3501=ORIENTED_EDGE('',*,*,#4965,.F.);
#3502=ORIENTED_EDGE('',*,*,#4799,.T.);
#3503=ORIENTED_EDGE('',*,*,#5531,.T.);
#3504=ORIENTED_EDGE('',*,*,#5584,.F.);
#3505=ORIENTED_EDGE('',*,*,#5585,.F.);
#3506=ORIENTED_EDGE('',*,*,#4966,.F.);
#3507=ORIENTED_EDGE('',*,*,#5585,.T.);
#3508=ORIENTED_EDGE('',*,*,#5586,.T.);
#3509=ORIENTED_EDGE('',*,*,#4774,.T.);
#3510=ORIENTED_EDGE('',*,*,#5584,.T.);
#3511=ORIENTED_EDGE('',*,*,#5530,.F.);
#3512=ORIENTED_EDGE('',*,*,#4775,.F.);
#3513=ORIENTED_EDGE('',*,*,#5586,.F.);
#3514=ORIENTED_EDGE('',*,*,#5229,.F.);
#3515=ORIENTED_EDGE('',*,*,#5587,.F.);
#3516=ORIENTED_EDGE('',*,*,#5588,.T.);
#3517=ORIENTED_EDGE('',*,*,#4781,.T.);
#3518=ORIENTED_EDGE('',*,*,#4805,.F.);
#3519=ORIENTED_EDGE('',*,*,#5228,.F.);
#3520=ORIENTED_EDGE('',*,*,#4770,.T.);
#3521=ORIENTED_EDGE('',*,*,#5589,.T.);
#3522=ORIENTED_EDGE('',*,*,#5587,.T.);
#3523=ORIENTED_EDGE('',*,*,#4769,.T.);
#3524=ORIENTED_EDGE('',*,*,#4782,.F.);
#3525=ORIENTED_EDGE('',*,*,#5588,.F.);
#3526=ORIENTED_EDGE('',*,*,#5589,.F.);
#3527=ORIENTED_EDGE('',*,*,#5590,.T.);
#3528=ORIENTED_EDGE('',*,*,#4810,.T.);
#3529=ORIENTED_EDGE('',*,*,#5591,.T.);
#3530=ORIENTED_EDGE('',*,*,#5592,.T.);
#3531=ORIENTED_EDGE('',*,*,#5593,.T.);
#3532=ORIENTED_EDGE('',*,*,#4812,.T.);
#3533=ORIENTED_EDGE('',*,*,#5594,.T.);
#3534=ORIENTED_EDGE('',*,*,#5595,.T.);
#3535=ORIENTED_EDGE('',*,*,#4813,.F.);
#3536=ORIENTED_EDGE('',*,*,#5593,.F.);
#3537=ORIENTED_EDGE('',*,*,#5596,.F.);
#3538=ORIENTED_EDGE('',*,*,#5597,.F.);
#3539=ORIENTED_EDGE('',*,*,#5598,.T.);
#3540=ORIENTED_EDGE('',*,*,#5599,.F.);
#3541=ORIENTED_EDGE('',*,*,#5600,.F.);
#3542=ORIENTED_EDGE('',*,*,#5601,.F.);
#3543=ORIENTED_EDGE('',*,*,#5602,.F.);
#3544=ORIENTED_EDGE('',*,*,#5603,.T.);
#3545=ORIENTED_EDGE('',*,*,#5604,.T.);
#3546=ORIENTED_EDGE('',*,*,#5605,.T.);
#3547=ORIENTED_EDGE('',*,*,#5606,.F.);
#3548=ORIENTED_EDGE('',*,*,#5607,.T.);
#3549=ORIENTED_EDGE('',*,*,#5608,.T.);
#3550=ORIENTED_EDGE('',*,*,#5591,.F.);
#3551=ORIENTED_EDGE('',*,*,#5594,.F.);
#3552=ORIENTED_EDGE('',*,*,#4811,.T.);
#3553=ORIENTED_EDGE('',*,*,#5590,.F.);
#3554=ORIENTED_EDGE('',*,*,#5609,.T.);
#3555=ORIENTED_EDGE('',*,*,#5610,.F.);
#3556=ORIENTED_EDGE('',*,*,#5611,.F.);
#3557=ORIENTED_EDGE('',*,*,#5612,.F.);
#3558=ORIENTED_EDGE('',*,*,#5613,.T.);
#3559=ORIENTED_EDGE('',*,*,#5614,.F.);
#3560=ORIENTED_EDGE('',*,*,#5615,.F.);
#3561=ORIENTED_EDGE('',*,*,#5616,.T.);
#3562=ORIENTED_EDGE('',*,*,#5617,.F.);
#3563=ORIENTED_EDGE('',*,*,#5618,.T.);
#3564=ORIENTED_EDGE('',*,*,#5619,.T.);
#3565=ORIENTED_EDGE('',*,*,#5620,.T.);
#3566=ORIENTED_EDGE('',*,*,#5621,.F.);
#3567=ORIENTED_EDGE('',*,*,#5622,.T.);
#3568=ORIENTED_EDGE('',*,*,#5609,.F.);
#3569=ORIENTED_EDGE('',*,*,#5592,.F.);
#3570=ORIENTED_EDGE('',*,*,#5608,.F.);
#3571=ORIENTED_EDGE('',*,*,#5596,.T.);
#3572=ORIENTED_EDGE('',*,*,#5595,.F.);
#3573=ORIENTED_EDGE('',*,*,#5621,.T.);
#3574=ORIENTED_EDGE('',*,*,#5623,.F.);
#3575=ORIENTED_EDGE('',*,*,#5620,.F.);
#3576=ORIENTED_EDGE('',*,*,#5624,.F.);
#3577=ORIENTED_EDGE('',*,*,#5597,.T.);
#3578=ORIENTED_EDGE('',*,*,#5623,.T.);
#3579=ORIENTED_EDGE('',*,*,#5607,.F.);
#3580=ORIENTED_EDGE('',*,*,#5625,.F.);
#3581=ORIENTED_EDGE('',*,*,#5610,.T.);
#3582=ORIENTED_EDGE('',*,*,#5622,.F.);
#3583=ORIENTED_EDGE('',*,*,#5619,.F.);
#3584=ORIENTED_EDGE('',*,*,#5626,.F.);
#3585=ORIENTED_EDGE('',*,*,#5598,.F.);
#3586=ORIENTED_EDGE('',*,*,#5624,.T.);
#3587=ORIENTED_EDGE('',*,*,#5625,.T.);
#3588=ORIENTED_EDGE('',*,*,#5606,.T.);
#3589=ORIENTED_EDGE('',*,*,#5627,.T.);
#3590=ORIENTED_EDGE('',*,*,#5611,.T.);
#3591=ORIENTED_EDGE('',*,*,#5618,.F.);
#3592=ORIENTED_EDGE('',*,*,#5628,.F.);
#3593=ORIENTED_EDGE('',*,*,#5599,.T.);
#3594=ORIENTED_EDGE('',*,*,#5626,.T.);
#3595=ORIENTED_EDGE('',*,*,#5605,.F.);
#3596=ORIENTED_EDGE('',*,*,#5629,.F.);
#3597=ORIENTED_EDGE('',*,*,#5612,.T.);
#3598=ORIENTED_EDGE('',*,*,#5627,.F.);
#3599=ORIENTED_EDGE('',*,*,#5629,.T.);
#3600=ORIENTED_EDGE('',*,*,#5604,.F.);
#3601=ORIENTED_EDGE('',*,*,#5630,.F.);
#3602=ORIENTED_EDGE('',*,*,#5613,.F.);
#3603=ORIENTED_EDGE('',*,*,#5617,.T.);
#3604=ORIENTED_EDGE('',*,*,#5631,.T.);
#3605=ORIENTED_EDGE('',*,*,#5600,.T.);
#3606=ORIENTED_EDGE('',*,*,#5628,.T.);
#3607=ORIENTED_EDGE('',*,*,#5601,.T.);
#3608=ORIENTED_EDGE('',*,*,#5631,.F.);
#3609=ORIENTED_EDGE('',*,*,#5616,.F.);
#3610=ORIENTED_EDGE('',*,*,#5632,.F.);
#3611=ORIENTED_EDGE('',*,*,#5614,.T.);
#3612=ORIENTED_EDGE('',*,*,#5630,.T.);
#3613=ORIENTED_EDGE('',*,*,#5603,.F.);
#3614=ORIENTED_EDGE('',*,*,#5633,.F.);
#3615=ORIENTED_EDGE('',*,*,#5634,.F.);
#3616=ORIENTED_EDGE('',*,*,#5635,.F.);
#3617=ORIENTED_EDGE('',*,*,#5636,.F.);
#3618=ORIENTED_EDGE('',*,*,#5637,.F.);
#3619=ORIENTED_EDGE('',*,*,#5633,.T.);
#3620=ORIENTED_EDGE('',*,*,#5638,.F.);
#3621=ORIENTED_EDGE('',*,*,#5634,.T.);
#3622=ORIENTED_EDGE('',*,*,#5639,.F.);
#3623=ORIENTED_EDGE('',*,*,#5636,.T.);
#3624=ORIENTED_EDGE('',*,*,#5640,.F.);
#3625=ORIENTED_EDGE('',*,*,#5632,.T.);
#3626=ORIENTED_EDGE('',*,*,#5641,.F.);
#3627=ORIENTED_EDGE('',*,*,#5641,.T.);
#3628=ORIENTED_EDGE('',*,*,#5615,.T.);
#3629=ORIENTED_EDGE('',*,*,#5639,.T.);
#3630=ORIENTED_EDGE('',*,*,#5637,.T.);
#3631=ORIENTED_EDGE('',*,*,#5638,.T.);
#3632=ORIENTED_EDGE('',*,*,#5602,.T.);
#3633=ORIENTED_EDGE('',*,*,#5640,.T.);
#3634=ORIENTED_EDGE('',*,*,#5635,.T.);
#3635=ORIENTED_EDGE('',*,*,#5642,.F.);
#3636=ORIENTED_EDGE('',*,*,#4795,.T.);
#3637=ORIENTED_EDGE('',*,*,#5643,.F.);
#3638=ORIENTED_EDGE('',*,*,#5644,.F.);
#3639=ORIENTED_EDGE('',*,*,#5645,.F.);
#3640=ORIENTED_EDGE('',*,*,#4797,.T.);
#3641=ORIENTED_EDGE('',*,*,#5646,.F.);
#3642=ORIENTED_EDGE('',*,*,#5647,.F.);
#3643=ORIENTED_EDGE('',*,*,#4796,.T.);
#3644=ORIENTED_EDGE('',*,*,#5642,.T.);
#3645=ORIENTED_EDGE('',*,*,#5648,.F.);
#3646=ORIENTED_EDGE('',*,*,#5649,.F.);
#3647=ORIENTED_EDGE('',*,*,#5650,.T.);
#3648=ORIENTED_EDGE('',*,*,#5651,.F.);
#3649=ORIENTED_EDGE('',*,*,#5652,.F.);
#3650=ORIENTED_EDGE('',*,*,#5653,.F.);
#3651=ORIENTED_EDGE('',*,*,#5654,.T.);
#3652=ORIENTED_EDGE('',*,*,#5655,.T.);
#3653=ORIENTED_EDGE('',*,*,#5656,.T.);
#3654=ORIENTED_EDGE('',*,*,#5657,.T.);
#3655=ORIENTED_EDGE('',*,*,#5658,.F.);
#3656=ORIENTED_EDGE('',*,*,#5659,.T.);
#3657=ORIENTED_EDGE('',*,*,#5660,.T.);
#3658=ORIENTED_EDGE('',*,*,#5646,.T.);
#3659=ORIENTED_EDGE('',*,*,#5645,.T.);
#3660=ORIENTED_EDGE('',*,*,#5661,.T.);
#3661=ORIENTED_EDGE('',*,*,#5662,.F.);
#3662=ORIENTED_EDGE('',*,*,#5663,.F.);
#3663=ORIENTED_EDGE('',*,*,#5664,.F.);
#3664=ORIENTED_EDGE('',*,*,#5665,.T.);
#3665=ORIENTED_EDGE('',*,*,#5666,.F.);
#3666=ORIENTED_EDGE('',*,*,#5667,.T.);
#3667=ORIENTED_EDGE('',*,*,#5668,.T.);
#3668=ORIENTED_EDGE('',*,*,#5669,.F.);
#3669=ORIENTED_EDGE('',*,*,#5670,.T.);
#3670=ORIENTED_EDGE('',*,*,#5671,.T.);
#3671=ORIENTED_EDGE('',*,*,#5672,.T.);
#3672=ORIENTED_EDGE('',*,*,#5673,.F.);
#3673=ORIENTED_EDGE('',*,*,#5643,.T.);
#3674=ORIENTED_EDGE('',*,*,#4798,.F.);
#3675=ORIENTED_EDGE('',*,*,#5674,.F.);
#3676=ORIENTED_EDGE('',*,*,#5648,.T.);
#3677=ORIENTED_EDGE('',*,*,#5644,.T.);
#3678=ORIENTED_EDGE('',*,*,#5673,.T.);
#3679=ORIENTED_EDGE('',*,*,#5660,.F.);
#3680=ORIENTED_EDGE('',*,*,#5675,.T.);
#3681=ORIENTED_EDGE('',*,*,#5661,.F.);
#3682=ORIENTED_EDGE('',*,*,#5647,.T.);
#3683=ORIENTED_EDGE('',*,*,#5662,.T.);
#3684=ORIENTED_EDGE('',*,*,#5675,.F.);
#3685=ORIENTED_EDGE('',*,*,#5659,.F.);
#3686=ORIENTED_EDGE('',*,*,#5676,.T.);
#3687=ORIENTED_EDGE('',*,*,#5649,.T.);
#3688=ORIENTED_EDGE('',*,*,#5674,.T.);
#3689=ORIENTED_EDGE('',*,*,#5672,.F.);
#3690=ORIENTED_EDGE('',*,*,#5677,.T.);
#3691=ORIENTED_EDGE('',*,*,#5663,.T.);
#3692=ORIENTED_EDGE('',*,*,#5676,.F.);
#3693=ORIENTED_EDGE('',*,*,#5658,.T.);
#3694=ORIENTED_EDGE('',*,*,#5678,.T.);
#3695=ORIENTED_EDGE('',*,*,#5677,.F.);
#3696=ORIENTED_EDGE('',*,*,#5671,.F.);
#3697=ORIENTED_EDGE('',*,*,#5679,.F.);
#3698=ORIENTED_EDGE('',*,*,#5650,.F.);
#3699=ORIENTED_EDGE('',*,*,#5664,.T.);
#3700=ORIENTED_EDGE('',*,*,#5678,.F.);
#3701=ORIENTED_EDGE('',*,*,#5657,.F.);
#3702=ORIENTED_EDGE('',*,*,#5680,.T.);
#3703=ORIENTED_EDGE('',*,*,#5651,.T.);
#3704=ORIENTED_EDGE('',*,*,#5679,.T.);
#3705=ORIENTED_EDGE('',*,*,#5670,.F.);
#3706=ORIENTED_EDGE('',*,*,#5681,.T.);
#3707=ORIENTED_EDGE('',*,*,#5681,.F.);
#3708=ORIENTED_EDGE('',*,*,#5669,.T.);
#3709=ORIENTED_EDGE('',*,*,#5682,.T.);
#3710=ORIENTED_EDGE('',*,*,#5652,.T.);
#3711=ORIENTED_EDGE('',*,*,#5665,.F.);
#3712=ORIENTED_EDGE('',*,*,#5680,.F.);
#3713=ORIENTED_EDGE('',*,*,#5656,.F.);
#3714=ORIENTED_EDGE('',*,*,#5683,.F.);
#3715=ORIENTED_EDGE('',*,*,#5655,.F.);
#3716=ORIENTED_EDGE('',*,*,#5684,.T.);
#3717=ORIENTED_EDGE('',*,*,#5666,.T.);
#3718=ORIENTED_EDGE('',*,*,#5683,.T.);
#3719=ORIENTED_EDGE('',*,*,#5668,.F.);
#3720=ORIENTED_EDGE('',*,*,#5685,.T.);
#3721=ORIENTED_EDGE('',*,*,#5653,.T.);
#3722=ORIENTED_EDGE('',*,*,#5682,.F.);
#3723=ORIENTED_EDGE('',*,*,#5686,.T.);
#3724=ORIENTED_EDGE('',*,*,#5687,.T.);
#3725=ORIENTED_EDGE('',*,*,#5688,.T.);
#3726=ORIENTED_EDGE('',*,*,#5689,.T.);
#3727=ORIENTED_EDGE('',*,*,#5685,.F.);
#3728=ORIENTED_EDGE('',*,*,#5690,.T.);
#3729=ORIENTED_EDGE('',*,*,#5686,.F.);
#3730=ORIENTED_EDGE('',*,*,#5691,.T.);
#3731=ORIENTED_EDGE('',*,*,#5688,.F.);
#3732=ORIENTED_EDGE('',*,*,#5692,.T.);
#3733=ORIENTED_EDGE('',*,*,#5684,.F.);
#3734=ORIENTED_EDGE('',*,*,#5693,.T.);
#3735=ORIENTED_EDGE('',*,*,#5692,.F.);
#3736=ORIENTED_EDGE('',*,*,#5687,.F.);
#3737=ORIENTED_EDGE('',*,*,#5690,.F.);
#3738=ORIENTED_EDGE('',*,*,#5667,.F.);
#3739=ORIENTED_EDGE('',*,*,#5691,.F.);
#3740=ORIENTED_EDGE('',*,*,#5689,.F.);
#3741=ORIENTED_EDGE('',*,*,#5693,.F.);
#3742=ORIENTED_EDGE('',*,*,#5654,.F.);
#3743=ORIENTED_EDGE('',*,*,#5218,.F.);
#3744=ORIENTED_EDGE('',*,*,#4765,.T.);
#3745=ORIENTED_EDGE('',*,*,#5222,.F.);
#3746=ORIENTED_EDGE('',*,*,#5220,.F.);
#3747=ORIENTED_EDGE('',*,*,#5240,.T.);
#3748=ORIENTED_EDGE('',*,*,#5245,.T.);
#3749=ORIENTED_EDGE('',*,*,#5246,.T.);
#3750=ORIENTED_EDGE('',*,*,#5242,.T.);
#3751=ORIENTED_EDGE('',*,*,#5171,.F.);
#3752=ORIENTED_EDGE('',*,*,#5694,.F.);
#3753=ORIENTED_EDGE('',*,*,#4748,.F.);
#3754=ORIENTED_EDGE('',*,*,#5695,.F.);
#3755=ORIENTED_EDGE('',*,*,#5170,.F.);
#3756=ORIENTED_EDGE('',*,*,#5696,.T.);
#3757=ORIENTED_EDGE('',*,*,#4749,.T.);
#3758=ORIENTED_EDGE('',*,*,#5694,.T.);
#3759=ORIENTED_EDGE('',*,*,#4750,.F.);
#3760=ORIENTED_EDGE('',*,*,#5696,.F.);
#3761=ORIENTED_EDGE('',*,*,#5169,.F.);
#3762=ORIENTED_EDGE('',*,*,#5697,.F.);
#3763=ORIENTED_EDGE('',*,*,#5698,.T.);
#3764=ORIENTED_EDGE('',*,*,#5252,.T.);
#3765=ORIENTED_EDGE('',*,*,#5699,.F.);
#3766=ORIENTED_EDGE('',*,*,#5700,.T.);
#3767=ORIENTED_EDGE('',*,*,#5701,.T.);
#3768=ORIENTED_EDGE('',*,*,#5168,.T.);
#3769=ORIENTED_EDGE('',*,*,#5702,.T.);
#3770=ORIENTED_EDGE('',*,*,#5699,.T.);
#3771=ORIENTED_EDGE('',*,*,#4751,.T.);
#3772=ORIENTED_EDGE('',*,*,#5697,.T.);
#3773=ORIENTED_EDGE('',*,*,#5167,.F.);
#3774=ORIENTED_EDGE('',*,*,#5703,.F.);
#3775=ORIENTED_EDGE('',*,*,#5700,.F.);
#3776=ORIENTED_EDGE('',*,*,#5702,.F.);
#3777=ORIENTED_EDGE('',*,*,#4762,.T.);
#3778=ORIENTED_EDGE('',*,*,#5248,.T.);
#3779=ORIENTED_EDGE('',*,*,#5698,.F.);
#3780=ORIENTED_EDGE('',*,*,#5704,.T.);
#3781=ORIENTED_EDGE('',*,*,#5705,.F.);
#3782=ORIENTED_EDGE('',*,*,#5250,.T.);
#3783=ORIENTED_EDGE('',*,*,#5706,.F.);
#3784=ORIENTED_EDGE('',*,*,#5707,.T.);
#3785=ORIENTED_EDGE('',*,*,#5708,.T.);
#3786=ORIENTED_EDGE('',*,*,#5706,.T.);
#3787=ORIENTED_EDGE('',*,*,#5253,.T.);
#3788=ORIENTED_EDGE('',*,*,#4760,.F.);
#3789=ORIENTED_EDGE('',*,*,#5709,.T.);
#3790=ORIENTED_EDGE('',*,*,#5708,.F.);
#3791=ORIENTED_EDGE('',*,*,#5710,.F.);
#3792=ORIENTED_EDGE('',*,*,#5165,.F.);
#3793=ORIENTED_EDGE('',*,*,#5711,.F.);
#3794=ORIENTED_EDGE('',*,*,#4753,.T.);
#3795=ORIENTED_EDGE('',*,*,#5705,.T.);
#3796=ORIENTED_EDGE('',*,*,#5711,.T.);
#3797=ORIENTED_EDGE('',*,*,#5164,.T.);
#3798=ORIENTED_EDGE('',*,*,#5712,.T.);
#3799=ORIENTED_EDGE('',*,*,#5177,.F.);
#3800=ORIENTED_EDGE('',*,*,#5713,.F.);
#3801=ORIENTED_EDGE('',*,*,#4754,.F.);
#3802=ORIENTED_EDGE('',*,*,#5712,.F.);
#3803=ORIENTED_EDGE('',*,*,#5176,.F.);
#3804=ORIENTED_EDGE('',*,*,#5714,.T.);
#3805=ORIENTED_EDGE('',*,*,#4755,.T.);
#3806=ORIENTED_EDGE('',*,*,#5713,.T.);
#3807=ORIENTED_EDGE('',*,*,#4756,.F.);
#3808=ORIENTED_EDGE('',*,*,#5714,.F.);
#3809=ORIENTED_EDGE('',*,*,#5175,.F.);
#3810=ORIENTED_EDGE('',*,*,#5715,.F.);
#3811=ORIENTED_EDGE('',*,*,#5174,.T.);
#3812=ORIENTED_EDGE('',*,*,#5716,.T.);
#3813=ORIENTED_EDGE('',*,*,#4757,.T.);
#3814=ORIENTED_EDGE('',*,*,#5715,.T.);
#3815=ORIENTED_EDGE('',*,*,#5173,.F.);
#3816=ORIENTED_EDGE('',*,*,#5717,.F.);
#3817=ORIENTED_EDGE('',*,*,#5251,.T.);
#3818=ORIENTED_EDGE('',*,*,#5716,.F.);
#3819=ORIENTED_EDGE('',*,*,#4747,.T.);
#3820=ORIENTED_EDGE('',*,*,#5717,.T.);
#3821=ORIENTED_EDGE('',*,*,#5172,.T.);
#3822=ORIENTED_EDGE('',*,*,#5695,.T.);
#3823=ORIENTED_EDGE('',*,*,#5195,.F.);
#3824=ORIENTED_EDGE('',*,*,#5710,.T.);
#3825=ORIENTED_EDGE('',*,*,#5707,.F.);
#3826=ORIENTED_EDGE('',*,*,#5709,.F.);
#3827=ORIENTED_EDGE('',*,*,#5701,.F.);
#3828=ORIENTED_EDGE('',*,*,#5703,.T.);
#3829=ORIENTED_EDGE('',*,*,#5194,.F.);
#3830=ORIENTED_EDGE('',*,*,#5704,.F.);
#3831=ORIENTED_EDGE('',*,*,#5718,.T.);
#3832=ORIENTED_EDGE('',*,*,#5719,.F.);
#3833=ORIENTED_EDGE('',*,*,#5720,.T.);
#3834=ORIENTED_EDGE('',*,*,#5721,.F.);
#3835=ORIENTED_EDGE('',*,*,#5722,.T.);
#3836=ORIENTED_EDGE('',*,*,#5723,.F.);
#3837=ORIENTED_EDGE('',*,*,#5720,.F.);
#3838=ORIENTED_EDGE('',*,*,#5724,.F.);
#3839=ORIENTED_EDGE('',*,*,#5725,.T.);
#3840=ORIENTED_EDGE('',*,*,#5726,.F.);
#3841=ORIENTED_EDGE('',*,*,#5718,.F.);
#3842=ORIENTED_EDGE('',*,*,#5727,.F.);
#3843=ORIENTED_EDGE('',*,*,#5722,.F.);
#3844=ORIENTED_EDGE('',*,*,#5728,.F.);
#3845=ORIENTED_EDGE('',*,*,#5725,.F.);
#3846=ORIENTED_EDGE('',*,*,#5729,.F.);
#3847=ORIENTED_EDGE('',*,*,#5730,.F.);
#3848=ORIENTED_EDGE('',*,*,#4868,.F.);
#3849=ORIENTED_EDGE('',*,*,#5731,.T.);
#3850=ORIENTED_EDGE('',*,*,#5723,.T.);
#3851=ORIENTED_EDGE('',*,*,#5732,.F.);
#3852=ORIENTED_EDGE('',*,*,#4866,.F.);
#3853=ORIENTED_EDGE('',*,*,#5733,.T.);
#3854=ORIENTED_EDGE('',*,*,#5727,.T.);
#3855=ORIENTED_EDGE('',*,*,#5724,.T.);
#3856=ORIENTED_EDGE('',*,*,#5719,.T.);
#3857=ORIENTED_EDGE('',*,*,#5726,.T.);
#3858=ORIENTED_EDGE('',*,*,#5728,.T.);
#3859=ORIENTED_EDGE('',*,*,#5733,.F.);
#3860=ORIENTED_EDGE('',*,*,#4869,.F.);
#3861=ORIENTED_EDGE('',*,*,#5730,.T.);
#3862=ORIENTED_EDGE('',*,*,#5729,.T.);
#3863=ORIENTED_EDGE('',*,*,#5731,.F.);
#3864=ORIENTED_EDGE('',*,*,#4867,.F.);
#3865=ORIENTED_EDGE('',*,*,#5732,.T.);
#3866=ORIENTED_EDGE('',*,*,#5721,.T.);
#3867=ORIENTED_EDGE('',*,*,#5734,.F.);
#3868=ORIENTED_EDGE('',*,*,#4740,.T.);
#3869=ORIENTED_EDGE('',*,*,#5260,.T.);
#3870=ORIENTED_EDGE('',*,*,#5258,.T.);
#3871=ORIENTED_EDGE('',*,*,#4743,.F.);
#3872=ORIENTED_EDGE('',*,*,#4735,.T.);
#3873=ORIENTED_EDGE('',*,*,#5735,.T.);
#3874=ORIENTED_EDGE('',*,*,#5736,.T.);
#3875=ORIENTED_EDGE('',*,*,#4737,.T.);
#3876=ORIENTED_EDGE('',*,*,#5734,.T.);
#3877=ORIENTED_EDGE('',*,*,#5737,.F.);
#3878=ORIENTED_EDGE('',*,*,#5738,.T.);
#3879=ORIENTED_EDGE('',*,*,#5737,.T.);
#3880=ORIENTED_EDGE('',*,*,#5257,.T.);
#3881=ORIENTED_EDGE('',*,*,#5736,.F.);
#3882=ORIENTED_EDGE('',*,*,#5739,.T.);
#3883=ORIENTED_EDGE('',*,*,#5740,.T.);
#3884=ORIENTED_EDGE('',*,*,#4734,.F.);
#3885=ORIENTED_EDGE('',*,*,#5741,.F.);
#3886=ORIENTED_EDGE('',*,*,#5739,.F.);
#3887=ORIENTED_EDGE('',*,*,#5735,.F.);
#3888=ORIENTED_EDGE('',*,*,#5740,.F.);
#3889=ORIENTED_EDGE('',*,*,#5741,.T.);
#3890=ORIENTED_EDGE('',*,*,#5200,.F.);
#3891=ORIENTED_EDGE('',*,*,#5738,.F.);
#3892=ORIENTED_EDGE('',*,*,#5742,.T.);
#3893=ORIENTED_EDGE('',*,*,#5254,.T.);
#3894=ORIENTED_EDGE('',*,*,#4745,.F.);
#3895=ORIENTED_EDGE('',*,*,#5743,.T.);
#3896=ORIENTED_EDGE('',*,*,#4742,.F.);
#3897=ORIENTED_EDGE('',*,*,#5744,.T.);
#3898=ORIENTED_EDGE('',*,*,#5745,.T.);
#3899=ORIENTED_EDGE('',*,*,#4731,.T.);
#3900=ORIENTED_EDGE('',*,*,#5744,.F.);
#3901=ORIENTED_EDGE('',*,*,#5256,.T.);
#3902=ORIENTED_EDGE('',*,*,#5742,.F.);
#3903=ORIENTED_EDGE('',*,*,#5746,.T.);
#3904=ORIENTED_EDGE('',*,*,#5747,.T.);
#3905=ORIENTED_EDGE('',*,*,#5747,.F.);
#3906=ORIENTED_EDGE('',*,*,#5748,.F.);
#3907=ORIENTED_EDGE('',*,*,#4732,.F.);
#3908=ORIENTED_EDGE('',*,*,#5745,.F.);
#3909=ORIENTED_EDGE('',*,*,#5201,.F.);
#3910=ORIENTED_EDGE('',*,*,#5748,.T.);
#3911=ORIENTED_EDGE('',*,*,#5746,.F.);
#3912=ORIENTED_EDGE('',*,*,#5743,.F.);
#3913=ORIENTED_EDGE('',*,*,#5749,.F.);
#3914=ORIENTED_EDGE('',*,*,#4865,.F.);
#3915=ORIENTED_EDGE('',*,*,#5750,.T.);
#3916=ORIENTED_EDGE('',*,*,#5751,.T.);
#3917=ORIENTED_EDGE('',*,*,#5752,.F.);
#3918=ORIENTED_EDGE('',*,*,#4863,.F.);
#3919=ORIENTED_EDGE('',*,*,#5753,.T.);
#3920=ORIENTED_EDGE('',*,*,#5754,.T.);
#3921=ORIENTED_EDGE('',*,*,#5755,.T.);
#3922=ORIENTED_EDGE('',*,*,#5756,.T.);
#3923=ORIENTED_EDGE('',*,*,#5757,.T.);
#3924=ORIENTED_EDGE('',*,*,#5758,.T.);
#3925=ORIENTED_EDGE('',*,*,#5753,.F.);
#3926=ORIENTED_EDGE('',*,*,#4862,.F.);
#3927=ORIENTED_EDGE('',*,*,#5749,.T.);
#3928=ORIENTED_EDGE('',*,*,#5759,.T.);
#3929=ORIENTED_EDGE('',*,*,#5750,.F.);
#3930=ORIENTED_EDGE('',*,*,#4864,.F.);
#3931=ORIENTED_EDGE('',*,*,#5752,.T.);
#3932=ORIENTED_EDGE('',*,*,#5760,.T.);
#3933=ORIENTED_EDGE('',*,*,#5761,.F.);
#3934=ORIENTED_EDGE('',*,*,#5758,.F.);
#3935=ORIENTED_EDGE('',*,*,#5762,.F.);
#3936=ORIENTED_EDGE('',*,*,#5751,.F.);
#3937=ORIENTED_EDGE('',*,*,#5762,.T.);
#3938=ORIENTED_EDGE('',*,*,#5757,.F.);
#3939=ORIENTED_EDGE('',*,*,#5763,.F.);
#3940=ORIENTED_EDGE('',*,*,#5759,.F.);
#3941=ORIENTED_EDGE('',*,*,#5761,.T.);
#3942=ORIENTED_EDGE('',*,*,#5760,.F.);
#3943=ORIENTED_EDGE('',*,*,#5764,.F.);
#3944=ORIENTED_EDGE('',*,*,#5755,.F.);
#3945=ORIENTED_EDGE('',*,*,#5763,.T.);
#3946=ORIENTED_EDGE('',*,*,#5756,.F.);
#3947=ORIENTED_EDGE('',*,*,#5764,.T.);
#3948=ORIENTED_EDGE('',*,*,#5754,.F.);
#3949=ORIENTED_EDGE('',*,*,#5765,.T.);
#3950=ORIENTED_EDGE('',*,*,#5766,.T.);
#3951=ORIENTED_EDGE('',*,*,#5767,.F.);
#3952=ORIENTED_EDGE('',*,*,#5768,.T.);
#3953=ORIENTED_EDGE('',*,*,#5769,.F.);
#3954=ORIENTED_EDGE('',*,*,#5770,.F.);
#3955=ORIENTED_EDGE('',*,*,#5771,.F.);
#3956=ORIENTED_EDGE('',*,*,#5768,.F.);
#3957=ORIENTED_EDGE('',*,*,#5772,.F.);
#3958=ORIENTED_EDGE('',*,*,#5773,.T.);
#3959=ORIENTED_EDGE('',*,*,#5774,.F.);
#3960=ORIENTED_EDGE('',*,*,#5770,.T.);
#3961=ORIENTED_EDGE('',*,*,#5775,.F.);
#3962=ORIENTED_EDGE('',*,*,#5766,.F.);
#3963=ORIENTED_EDGE('',*,*,#5776,.F.);
#3964=ORIENTED_EDGE('',*,*,#5773,.F.);
#3965=ORIENTED_EDGE('',*,*,#5775,.T.);
#3966=ORIENTED_EDGE('',*,*,#5772,.T.);
#3967=ORIENTED_EDGE('',*,*,#5769,.T.);
#3968=ORIENTED_EDGE('',*,*,#5767,.T.);
#3969=ORIENTED_EDGE('',*,*,#5765,.F.);
#3970=ORIENTED_EDGE('',*,*,#5771,.T.);
#3971=ORIENTED_EDGE('',*,*,#5774,.T.);
#3972=ORIENTED_EDGE('',*,*,#5776,.T.);
#3973=ORIENTED_EDGE('',*,*,#5777,.F.);
#3974=ORIENTED_EDGE('',*,*,#5778,.T.);
#3975=ORIENTED_EDGE('',*,*,#5779,.T.);
#3976=ORIENTED_EDGE('',*,*,#5780,.F.);
#3977=ORIENTED_EDGE('',*,*,#5781,.F.);
#3978=ORIENTED_EDGE('',*,*,#5782,.T.);
#3979=ORIENTED_EDGE('',*,*,#5777,.T.);
#3980=ORIENTED_EDGE('',*,*,#5779,.F.);
#3981=ORIENTED_EDGE('',*,*,#5783,.T.);
#3982=ORIENTED_EDGE('',*,*,#5784,.F.);
#3983=ORIENTED_EDGE('',*,*,#5784,.T.);
#3984=ORIENTED_EDGE('',*,*,#5785,.T.);
#3985=ORIENTED_EDGE('',*,*,#5781,.T.);
#3986=ORIENTED_EDGE('',*,*,#5780,.T.);
#3987=ORIENTED_EDGE('',*,*,#5778,.F.);
#3988=ORIENTED_EDGE('',*,*,#5782,.F.);
#3989=ORIENTED_EDGE('',*,*,#5785,.F.);
#3990=ORIENTED_EDGE('',*,*,#5783,.F.);
#3991=ORIENTED_EDGE('',*,*,#5786,.F.);
#3992=ORIENTED_EDGE('',*,*,#5787,.T.);
#3993=ORIENTED_EDGE('',*,*,#5788,.T.);
#3994=ORIENTED_EDGE('',*,*,#5789,.F.);
#3995=ORIENTED_EDGE('',*,*,#5788,.F.);
#3996=ORIENTED_EDGE('',*,*,#5790,.T.);
#3997=ORIENTED_EDGE('',*,*,#5791,.F.);
#3998=ORIENTED_EDGE('',*,*,#5792,.F.);
#3999=ORIENTED_EDGE('',*,*,#5793,.T.);
#4000=ORIENTED_EDGE('',*,*,#5786,.T.);
#4001=ORIENTED_EDGE('',*,*,#5791,.T.);
#4002=ORIENTED_EDGE('',*,*,#5794,.T.);
#4003=ORIENTED_EDGE('',*,*,#5792,.T.);
#4004=ORIENTED_EDGE('',*,*,#5789,.T.);
#4005=ORIENTED_EDGE('',*,*,#5787,.F.);
#4006=ORIENTED_EDGE('',*,*,#5793,.F.);
#4007=ORIENTED_EDGE('',*,*,#5794,.F.);
#4008=ORIENTED_EDGE('',*,*,#5790,.F.);
#4009=ORIENTED_EDGE('',*,*,#5795,.T.);
#4010=ORIENTED_EDGE('',*,*,#5796,.T.);
#4011=ORIENTED_EDGE('',*,*,#5797,.F.);
#4012=ORIENTED_EDGE('',*,*,#5798,.T.);
#4013=ORIENTED_EDGE('',*,*,#5799,.F.);
#4014=ORIENTED_EDGE('',*,*,#5800,.T.);
#4015=ORIENTED_EDGE('',*,*,#5801,.F.);
#4016=ORIENTED_EDGE('',*,*,#5802,.T.);
#4017=ORIENTED_EDGE('',*,*,#5803,.F.);
#4018=ORIENTED_EDGE('',*,*,#5802,.F.);
#4019=ORIENTED_EDGE('',*,*,#5804,.F.);
#4020=ORIENTED_EDGE('',*,*,#5798,.F.);
#4021=ORIENTED_EDGE('',*,*,#5805,.F.);
#4022=ORIENTED_EDGE('',*,*,#5796,.F.);
#4023=ORIENTED_EDGE('',*,*,#5806,.F.);
#4024=ORIENTED_EDGE('',*,*,#5800,.F.);
#4025=ORIENTED_EDGE('',*,*,#5795,.F.);
#4026=ORIENTED_EDGE('',*,*,#5804,.T.);
#4027=ORIENTED_EDGE('',*,*,#5801,.T.);
#4028=ORIENTED_EDGE('',*,*,#5806,.T.);
#4029=ORIENTED_EDGE('',*,*,#5805,.T.);
#4030=ORIENTED_EDGE('',*,*,#5799,.T.);
#4031=ORIENTED_EDGE('',*,*,#5803,.T.);
#4032=ORIENTED_EDGE('',*,*,#5797,.T.);
#4033=VERTEX_POINT('',#10231);
#4034=VERTEX_POINT('',#10232);
#4035=VERTEX_POINT('',#10234);
#4036=VERTEX_POINT('',#10236);
#4037=VERTEX_POINT('',#10238);
#4038=VERTEX_POINT('',#10240);
#4039=VERTEX_POINT('',#10244);
#4040=VERTEX_POINT('',#10245);
#4041=VERTEX_POINT('',#10247);
#4042=VERTEX_POINT('',#10249);
#4043=VERTEX_POINT('',#10253);
#4044=VERTEX_POINT('',#10254);
#4045=VERTEX_POINT('',#10259);
#4046=VERTEX_POINT('',#10260);
#4047=VERTEX_POINT('',#10262);
#4048=VERTEX_POINT('',#10266);
#4049=VERTEX_POINT('',#10267);
#4050=VERTEX_POINT('',#10269);
#4051=VERTEX_POINT('',#10271);
#4052=VERTEX_POINT('',#10273);
#4053=VERTEX_POINT('',#10275);
#4054=VERTEX_POINT('',#10279);
#4055=VERTEX_POINT('',#10280);
#4056=VERTEX_POINT('',#10282);
#4057=VERTEX_POINT('',#10284);
#4058=VERTEX_POINT('',#10286);
#4059=VERTEX_POINT('',#10288);
#4060=VERTEX_POINT('',#10292);
#4061=VERTEX_POINT('',#10293);
#4062=VERTEX_POINT('',#10295);
#4063=VERTEX_POINT('',#10299);
#4064=VERTEX_POINT('',#10300);
#4065=VERTEX_POINT('',#10302);
#4066=VERTEX_POINT('',#10306);
#4067=VERTEX_POINT('',#10307);
#4068=VERTEX_POINT('',#10309);
#4069=VERTEX_POINT('',#10311);
#4070=VERTEX_POINT('',#10315);
#4071=VERTEX_POINT('',#10316);
#4072=VERTEX_POINT('',#10318);
#4073=VERTEX_POINT('',#10320);
#4074=VERTEX_POINT('',#10322);
#4075=VERTEX_POINT('',#10326);
#4076=VERTEX_POINT('',#10327);
#4077=VERTEX_POINT('',#10329);
#4078=VERTEX_POINT('',#10331);
#4079=VERTEX_POINT('',#10333);
#4080=VERTEX_POINT('',#10337);
#4081=VERTEX_POINT('',#10338);
#4082=VERTEX_POINT('',#10340);
#4083=VERTEX_POINT('',#10342);
#4084=VERTEX_POINT('',#10347);
#4085=VERTEX_POINT('',#10348);
#4086=VERTEX_POINT('',#10350);
#4087=VERTEX_POINT('',#10352);
#4088=VERTEX_POINT('',#10356);
#4089=VERTEX_POINT('',#10358);
#4090=VERTEX_POINT('',#10362);
#4091=VERTEX_POINT('',#10363);
#4092=VERTEX_POINT('',#10365);
#4093=VERTEX_POINT('',#10367);
#4094=VERTEX_POINT('',#10371);
#4095=VERTEX_POINT('',#10372);
#4096=VERTEX_POINT('',#10374);
#4097=VERTEX_POINT('',#10376);
#4098=VERTEX_POINT('',#10379);
#4099=VERTEX_POINT('',#10380);
#4100=VERTEX_POINT('',#10382);
#4101=VERTEX_POINT('',#10384);
#4102=VERTEX_POINT('',#10386);
#4103=VERTEX_POINT('',#10388);
#4104=VERTEX_POINT('',#10390);
#4105=VERTEX_POINT('',#10393);
#4106=VERTEX_POINT('',#10395);
#4107=VERTEX_POINT('',#10397);
#4108=VERTEX_POINT('',#10400);
#4109=VERTEX_POINT('',#10401);
#4110=VERTEX_POINT('',#10403);
#4111=VERTEX_POINT('',#10405);
#4112=VERTEX_POINT('',#10408);
#4113=VERTEX_POINT('',#10409);
#4114=VERTEX_POINT('',#10411);
#4115=VERTEX_POINT('',#10413);
#4116=VERTEX_POINT('',#10416);
#4117=VERTEX_POINT('',#10417);
#4118=VERTEX_POINT('',#10419);
#4119=VERTEX_POINT('',#10421);
#4120=VERTEX_POINT('',#10423);
#4121=VERTEX_POINT('',#10425);
#4122=VERTEX_POINT('',#10427);
#4123=VERTEX_POINT('',#10429);
#4124=VERTEX_POINT('',#10431);
#4125=VERTEX_POINT('',#10433);
#4126=VERTEX_POINT('',#10435);
#4127=VERTEX_POINT('',#10437);
#4128=VERTEX_POINT('',#10439);
#4129=VERTEX_POINT('',#10441);
#4130=VERTEX_POINT('',#10443);
#4131=VERTEX_POINT('',#10445);
#4132=VERTEX_POINT('',#10447);
#4133=VERTEX_POINT('',#10449);
#4134=VERTEX_POINT('',#10451);
#4135=VERTEX_POINT('',#10453);
#4136=VERTEX_POINT('',#10456);
#4137=VERTEX_POINT('',#10457);
#4138=VERTEX_POINT('',#10459);
#4139=VERTEX_POINT('',#10461);
#4140=VERTEX_POINT('',#10463);
#4141=VERTEX_POINT('',#10465);
#4142=VERTEX_POINT('',#10467);
#4143=VERTEX_POINT('',#10470);
#4144=VERTEX_POINT('',#10471);
#4145=VERTEX_POINT('',#10473);
#4146=VERTEX_POINT('',#10475);
#4147=VERTEX_POINT('',#10477);
#4148=VERTEX_POINT('',#10479);
#4149=VERTEX_POINT('',#10481);
#4150=VERTEX_POINT('',#10483);
#4151=VERTEX_POINT('',#10486);
#4152=VERTEX_POINT('',#10487);
#4153=VERTEX_POINT('',#10489);
#4154=VERTEX_POINT('',#10491);
#4155=VERTEX_POINT('',#10493);
#4156=VERTEX_POINT('',#10495);
#4157=VERTEX_POINT('',#10498);
#4158=VERTEX_POINT('',#10500);
#4159=VERTEX_POINT('',#10503);
#4160=VERTEX_POINT('',#10504);
#4161=VERTEX_POINT('',#10506);
#4162=VERTEX_POINT('',#10508);
#4163=VERTEX_POINT('',#10511);
#4164=VERTEX_POINT('',#10512);
#4165=VERTEX_POINT('',#10514);
#4166=VERTEX_POINT('',#10516);
#4167=VERTEX_POINT('',#10519);
#4168=VERTEX_POINT('',#10520);
#4169=VERTEX_POINT('',#10522);
#4170=VERTEX_POINT('',#10524);
#4171=VERTEX_POINT('',#10526);
#4172=VERTEX_POINT('',#10528);
#4173=VERTEX_POINT('',#10531);
#4174=VERTEX_POINT('',#10532);
#4175=VERTEX_POINT('',#10536);
#4176=VERTEX_POINT('',#10538);
#4177=VERTEX_POINT('',#10541);
#4178=VERTEX_POINT('',#10542);
#4179=VERTEX_POINT('',#10544);
#4180=VERTEX_POINT('',#10546);
#4181=VERTEX_POINT('',#10550);
#4182=VERTEX_POINT('',#10551);
#4183=VERTEX_POINT('',#10553);
#4184=VERTEX_POINT('',#10555);
#4185=VERTEX_POINT('',#10557);
#4186=VERTEX_POINT('',#10559);
#4187=VERTEX_POINT('',#10561);
#4188=VERTEX_POINT('',#10563);
#4189=VERTEX_POINT('',#10565);
#4190=VERTEX_POINT('',#10567);
#4191=VERTEX_POINT('',#10569);
#4192=VERTEX_POINT('',#10571);
#4193=VERTEX_POINT('',#10573);
#4194=VERTEX_POINT('',#10575);
#4195=VERTEX_POINT('',#10577);
#4196=VERTEX_POINT('',#10579);
#4197=VERTEX_POINT('',#10581);
#4198=VERTEX_POINT('',#10583);
#4199=VERTEX_POINT('',#10585);
#4200=VERTEX_POINT('',#10587);
#4201=VERTEX_POINT('',#10589);
#4202=VERTEX_POINT('',#10591);
#4203=VERTEX_POINT('',#10593);
#4204=VERTEX_POINT('',#10595);
#4205=VERTEX_POINT('',#10597);
#4206=VERTEX_POINT('',#10600);
#4207=VERTEX_POINT('',#10601);
#4208=VERTEX_POINT('',#10622);
#4209=VERTEX_POINT('',#10624);
#4210=VERTEX_POINT('',#10626);
#4211=VERTEX_POINT('',#10628);
#4212=VERTEX_POINT('',#10630);
#4213=VERTEX_POINT('',#10632);
#4214=VERTEX_POINT('',#10634);
#4215=VERTEX_POINT('',#10636);
#4216=VERTEX_POINT('',#10638);
#4217=VERTEX_POINT('',#10640);
#4218=VERTEX_POINT('',#10642);
#4219=VERTEX_POINT('',#10644);
#4220=VERTEX_POINT('',#10646);
#4221=VERTEX_POINT('',#10648);
#4222=VERTEX_POINT('',#10650);
#4223=VERTEX_POINT('',#10671);
#4224=VERTEX_POINT('',#10673);
#4225=VERTEX_POINT('',#10700);
#4226=VERTEX_POINT('',#10702);
#4227=VERTEX_POINT('',#10704);
#4228=VERTEX_POINT('',#10706);
#4229=VERTEX_POINT('',#10723);
#4230=VERTEX_POINT('',#10724);
#4231=VERTEX_POINT('',#10726);
#4232=VERTEX_POINT('',#10728);
#4233=VERTEX_POINT('',#10731);
#4234=VERTEX_POINT('',#10732);
#4235=VERTEX_POINT('',#10734);
#4236=VERTEX_POINT('',#10736);
#4237=VERTEX_POINT('',#10738);
#4238=VERTEX_POINT('',#10740);
#4239=VERTEX_POINT('',#10742);
#4240=VERTEX_POINT('',#10744);
#4241=VERTEX_POINT('',#10746);
#4242=VERTEX_POINT('',#10748);
#4243=VERTEX_POINT('',#10750);
#4244=VERTEX_POINT('',#10753);
#4245=VERTEX_POINT('',#10754);
#4246=VERTEX_POINT('',#10756);
#4247=VERTEX_POINT('',#10758);
#4248=VERTEX_POINT('',#10760);
#4249=VERTEX_POINT('',#10762);
#4250=VERTEX_POINT('',#10764);
#4251=VERTEX_POINT('',#10766);
#4252=VERTEX_POINT('',#10768);
#4253=VERTEX_POINT('',#10770);
#4254=VERTEX_POINT('',#10772);
#4255=VERTEX_POINT('',#10774);
#4256=VERTEX_POINT('',#10776);
#4257=VERTEX_POINT('',#10778);
#4258=VERTEX_POINT('',#10780);
#4259=VERTEX_POINT('',#10782);
#4260=VERTEX_POINT('',#10786);
#4261=VERTEX_POINT('',#10791);
#4262=VERTEX_POINT('',#10792);
#4263=VERTEX_POINT('',#10794);
#4264=VERTEX_POINT('',#10796);
#4265=VERTEX_POINT('',#10798);
#4266=VERTEX_POINT('',#10800);
#4267=VERTEX_POINT('',#10802);
#4268=VERTEX_POINT('',#10806);
#4269=VERTEX_POINT('',#10807);
#4270=VERTEX_POINT('',#10809);
#4271=VERTEX_POINT('',#10811);
#4272=VERTEX_POINT('',#10815);
#4273=VERTEX_POINT('',#10816);
#4274=VERTEX_POINT('',#10818);
#4275=VERTEX_POINT('',#10820);
#4276=VERTEX_POINT('',#10824);
#4277=VERTEX_POINT('',#10826);
#4278=VERTEX_POINT('',#10830);
#4279=VERTEX_POINT('',#10831);
#4280=VERTEX_POINT('',#10833);
#4281=VERTEX_POINT('',#10835);
#4282=VERTEX_POINT('',#10839);
#4283=VERTEX_POINT('',#10840);
#4284=VERTEX_POINT('',#10842);
#4285=VERTEX_POINT('',#10844);
#4286=VERTEX_POINT('',#10846);
#4287=VERTEX_POINT('',#10848);
#4288=VERTEX_POINT('',#10850);
#4289=VERTEX_POINT('',#10852);
#4290=VERTEX_POINT('',#10856);
#4291=VERTEX_POINT('',#10858);
#4292=VERTEX_POINT('',#10861);
#4293=VERTEX_POINT('',#10863);
#4294=VERTEX_POINT('',#10866);
#4295=VERTEX_POINT('',#10868);
#4296=VERTEX_POINT('',#10872);
#4297=VERTEX_POINT('',#10873);
#4298=VERTEX_POINT('',#10875);
#4299=VERTEX_POINT('',#10877);
#4300=VERTEX_POINT('',#10880);
#4301=VERTEX_POINT('',#10883);
#4302=VERTEX_POINT('',#10885);
#4303=VERTEX_POINT('',#10887);
#4304=VERTEX_POINT('',#10889);
#4305=VERTEX_POINT('',#10891);
#4306=VERTEX_POINT('',#10894);
#4307=VERTEX_POINT('',#10896);
#4308=VERTEX_POINT('',#10899);
#4309=VERTEX_POINT('',#10903);
#4310=VERTEX_POINT('',#10905);
#4311=VERTEX_POINT('',#10908);
#4312=VERTEX_POINT('',#10911);
#4313=VERTEX_POINT('',#10913);
#4314=VERTEX_POINT('',#10917);
#4315=VERTEX_POINT('',#10920);
#4316=VERTEX_POINT('',#10923);
#4317=VERTEX_POINT('',#10927);
#4318=VERTEX_POINT('',#10929);
#4319=VERTEX_POINT('',#10933);
#4320=VERTEX_POINT('',#10934);
#4321=VERTEX_POINT('',#10936);
#4322=VERTEX_POINT('',#10938);
#4323=VERTEX_POINT('',#10940);
#4324=VERTEX_POINT('',#10944);
#4325=VERTEX_POINT('',#10946);
#4326=VERTEX_POINT('',#10948);
#4327=VERTEX_POINT('',#10952);
#4328=VERTEX_POINT('',#10953);
#4329=VERTEX_POINT('',#10956);
#4330=VERTEX_POINT('',#10958);
#4331=VERTEX_POINT('',#10960);
#4332=VERTEX_POINT('',#10964);
#4333=VERTEX_POINT('',#10968);
#4334=VERTEX_POINT('',#10969);
#4335=VERTEX_POINT('',#10971);
#4336=VERTEX_POINT('',#10975);
#4337=VERTEX_POINT('',#10979);
#4338=VERTEX_POINT('',#10980);
#4339=VERTEX_POINT('',#10982);
#4340=VERTEX_POINT('',#10986);
#4341=VERTEX_POINT('',#10990);
#4342=VERTEX_POINT('',#10991);
#4343=VERTEX_POINT('',#10993);
#4344=VERTEX_POINT('',#10995);
#4345=VERTEX_POINT('',#10998);
#4346=VERTEX_POINT('',#10999);
#4347=VERTEX_POINT('',#11002);
#4348=VERTEX_POINT('',#11004);
#4349=VERTEX_POINT('',#11007);
#4350=VERTEX_POINT('',#11009);
#4351=VERTEX_POINT('',#11012);
#4352=VERTEX_POINT('',#11014);
#4353=VERTEX_POINT('',#11018);
#4354=VERTEX_POINT('',#11020);
#4355=VERTEX_POINT('',#11022);
#4356=VERTEX_POINT('',#11024);
#4357=VERTEX_POINT('',#11029);
#4358=VERTEX_POINT('',#11031);
#4359=VERTEX_POINT('',#11042);
#4360=VERTEX_POINT('',#11047);
#4361=VERTEX_POINT('',#11053);
#4362=VERTEX_POINT('',#11057);
#4363=VERTEX_POINT('',#11060);
#4364=VERTEX_POINT('',#11062);
#4365=VERTEX_POINT('',#11076);
#4366=VERTEX_POINT('',#11077);
#4367=VERTEX_POINT('',#11079);
#4368=VERTEX_POINT('',#11081);
#4369=VERTEX_POINT('',#11085);
#4370=VERTEX_POINT('',#11087);
#4371=VERTEX_POINT('',#11091);
#4372=VERTEX_POINT('',#11093);
#4373=VERTEX_POINT('',#11097);
#4374=VERTEX_POINT('',#11098);
#4375=VERTEX_POINT('',#11100);
#4376=VERTEX_POINT('',#11102);
#4377=VERTEX_POINT('',#11105);
#4378=VERTEX_POINT('',#11106);
#4379=VERTEX_POINT('',#11108);
#4380=VERTEX_POINT('',#11110);
#4381=VERTEX_POINT('',#11113);
#4382=VERTEX_POINT('',#11114);
#4383=VERTEX_POINT('',#11116);
#4384=VERTEX_POINT('',#11118);
#4385=VERTEX_POINT('',#11121);
#4386=VERTEX_POINT('',#11122);
#4387=VERTEX_POINT('',#11124);
#4388=VERTEX_POINT('',#11126);
#4389=VERTEX_POINT('',#11133);
#4390=VERTEX_POINT('',#11140);
#4391=VERTEX_POINT('',#11147);
#4392=VERTEX_POINT('',#11154);
#4393=VERTEX_POINT('',#11161);
#4394=VERTEX_POINT('',#11162);
#4395=VERTEX_POINT('',#11164);
#4396=VERTEX_POINT('',#11166);
#4397=VERTEX_POINT('',#11170);
#4398=VERTEX_POINT('',#11171);
#4399=VERTEX_POINT('',#11173);
#4400=VERTEX_POINT('',#11175);
#4401=VERTEX_POINT('',#11177);
#4402=VERTEX_POINT('',#11179);
#4403=VERTEX_POINT('',#11181);
#4404=VERTEX_POINT('',#11183);
#4405=VERTEX_POINT('',#11185);
#4406=VERTEX_POINT('',#11187);
#4407=VERTEX_POINT('',#11189);
#4408=VERTEX_POINT('',#11191);
#4409=VERTEX_POINT('',#11193);
#4410=VERTEX_POINT('',#11195);
#4411=VERTEX_POINT('',#11199);
#4412=VERTEX_POINT('',#11200);
#4413=VERTEX_POINT('',#11202);
#4414=VERTEX_POINT('',#11204);
#4415=VERTEX_POINT('',#11208);
#4416=VERTEX_POINT('',#11209);
#4417=VERTEX_POINT('',#11211);
#4418=VERTEX_POINT('',#11213);
#4419=VERTEX_POINT('',#11285);
#4420=VERTEX_POINT('',#11289);
#4421=VERTEX_POINT('',#11295);
#4422=VERTEX_POINT('',#11299);
#4423=VERTEX_POINT('',#11301);
#4424=VERTEX_POINT('',#11305);
#4425=VERTEX_POINT('',#11310);
#4426=VERTEX_POINT('',#11312);
#4427=VERTEX_POINT('',#11316);
#4428=VERTEX_POINT('',#11318);
#4429=VERTEX_POINT('',#11326);
#4430=VERTEX_POINT('',#11328);
#4431=VERTEX_POINT('',#11332);
#4432=VERTEX_POINT('',#11336);
#4433=VERTEX_POINT('',#11342);
#4434=VERTEX_POINT('',#11346);
#4435=VERTEX_POINT('',#11354);
#4436=VERTEX_POINT('',#11359);
#4437=VERTEX_POINT('',#11361);
#4438=VERTEX_POINT('',#11367);
#4439=VERTEX_POINT('',#11370);
#4440=VERTEX_POINT('',#11374);
#4441=VERTEX_POINT('',#11378);
#4442=VERTEX_POINT('',#11385);
#4443=VERTEX_POINT('',#11386);
#4444=VERTEX_POINT('',#11391);
#4445=VERTEX_POINT('',#11392);
#4446=VERTEX_POINT('',#11400);
#4447=VERTEX_POINT('',#11401);
#4448=VERTEX_POINT('',#11403);
#4449=VERTEX_POINT('',#11405);
#4450=VERTEX_POINT('',#11417);
#4451=VERTEX_POINT('',#11419);
#4452=VERTEX_POINT('',#11423);
#4453=VERTEX_POINT('',#11455);
#4454=VERTEX_POINT('',#11459);
#4455=VERTEX_POINT('',#11463);
#4456=VERTEX_POINT('',#11467);
#4457=VERTEX_POINT('',#11521);
#4458=VERTEX_POINT('',#11525);
#4459=VERTEX_POINT('',#11567);
#4460=VERTEX_POINT('',#11571);
#4461=VERTEX_POINT('',#11575);
#4462=VERTEX_POINT('',#11579);
#4463=VERTEX_POINT('',#11583);
#4464=VERTEX_POINT('',#11587);
#4465=VERTEX_POINT('',#11591);
#4466=VERTEX_POINT('',#11595);
#4467=VERTEX_POINT('',#11599);
#4468=VERTEX_POINT('',#11603);
#4469=VERTEX_POINT('',#11607);
#4470=VERTEX_POINT('',#11611);
#4471=VERTEX_POINT('',#11615);
#4472=VERTEX_POINT('',#11619);
#4473=VERTEX_POINT('',#11623);
#4474=VERTEX_POINT('',#11624);
#4475=VERTEX_POINT('',#11635);
#4476=VERTEX_POINT('',#11637);
#4477=VERTEX_POINT('',#11659);
#4478=VERTEX_POINT('',#11660);
#4479=VERTEX_POINT('',#11734);
#4480=VERTEX_POINT('',#11736);
#4481=VERTEX_POINT('',#11740);
#4482=VERTEX_POINT('',#11744);
#4483=VERTEX_POINT('',#11748);
#4484=VERTEX_POINT('',#11752);
#4485=VERTEX_POINT('',#11756);
#4486=VERTEX_POINT('',#11760);
#4487=VERTEX_POINT('',#11764);
#4488=VERTEX_POINT('',#11768);
#4489=VERTEX_POINT('',#11772);
#4490=VERTEX_POINT('',#11779);
#4491=VERTEX_POINT('',#11781);
#4492=VERTEX_POINT('',#11785);
#4493=VERTEX_POINT('',#11789);
#4494=VERTEX_POINT('',#11793);
#4495=VERTEX_POINT('',#11797);
#4496=VERTEX_POINT('',#11801);
#4497=VERTEX_POINT('',#11805);
#4498=VERTEX_POINT('',#11809);
#4499=VERTEX_POINT('',#11813);
#4500=VERTEX_POINT('',#11817);
#4501=VERTEX_POINT('',#11821);
#4502=VERTEX_POINT('',#11825);
#4503=VERTEX_POINT('',#11829);
#4504=VERTEX_POINT('',#11833);
#4505=VERTEX_POINT('',#11837);
#4506=VERTEX_POINT('',#11844);
#4507=VERTEX_POINT('',#11846);
#4508=VERTEX_POINT('',#11850);
#4509=VERTEX_POINT('',#11854);
#4510=VERTEX_POINT('',#11858);
#4511=VERTEX_POINT('',#11862);
#4512=VERTEX_POINT('',#11866);
#4513=VERTEX_POINT('',#11870);
#4514=VERTEX_POINT('',#11874);
#4515=VERTEX_POINT('',#11878);
#4516=VERTEX_POINT('',#11882);
#4517=VERTEX_POINT('',#11886);
#4518=VERTEX_POINT('',#11890);
#4519=VERTEX_POINT('',#11894);
#4520=VERTEX_POINT('',#11898);
#4521=VERTEX_POINT('',#11902);
#4522=VERTEX_POINT('',#11906);
#4523=VERTEX_POINT('',#11910);
#4524=VERTEX_POINT('',#11914);
#4525=VERTEX_POINT('',#11918);
#4526=VERTEX_POINT('',#11922);
#4527=VERTEX_POINT('',#11926);
#4528=VERTEX_POINT('',#11930);
#4529=VERTEX_POINT('',#11934);
#4530=VERTEX_POINT('',#11938);
#4531=VERTEX_POINT('',#11948);
#4532=VERTEX_POINT('',#11950);
#4533=VERTEX_POINT('',#11954);
#4534=VERTEX_POINT('',#11958);
#4535=VERTEX_POINT('',#11962);
#4536=VERTEX_POINT('',#11966);
#4537=VERTEX_POINT('',#11973);
#4538=VERTEX_POINT('',#11975);
#4539=VERTEX_POINT('',#11979);
#4540=VERTEX_POINT('',#11983);
#4541=VERTEX_POINT('',#11987);
#4542=VERTEX_POINT('',#11991);
#4543=VERTEX_POINT('',#11995);
#4544=VERTEX_POINT('',#11999);
#4545=VERTEX_POINT('',#12003);
#4546=VERTEX_POINT('',#12004);
#4547=VERTEX_POINT('',#12006);
#4548=VERTEX_POINT('',#12008);
#4549=VERTEX_POINT('',#12012);
#4550=VERTEX_POINT('',#12013);
#4551=VERTEX_POINT('',#12018);
#4552=VERTEX_POINT('',#12019);
#4553=VERTEX_POINT('',#12024);
#4554=VERTEX_POINT('',#12025);
#4555=VERTEX_POINT('',#12030);
#4556=VERTEX_POINT('',#12031);
#4557=VERTEX_POINT('',#12043);
#4558=VERTEX_POINT('',#12045);
#4559=VERTEX_POINT('',#12049);
#4560=VERTEX_POINT('',#12053);
#4561=VERTEX_POINT('',#12057);
#4562=VERTEX_POINT('',#12061);
#4563=VERTEX_POINT('',#12065);
#4564=VERTEX_POINT('',#12069);
#4565=VERTEX_POINT('',#12070);
#4566=VERTEX_POINT('',#12072);
#4567=VERTEX_POINT('',#12074);
#4568=VERTEX_POINT('',#12078);
#4569=VERTEX_POINT('',#12079);
#4570=VERTEX_POINT('',#12091);
#4571=VERTEX_POINT('',#12093);
#4572=VERTEX_POINT('',#12097);
#4573=VERTEX_POINT('',#12101);
#4574=VERTEX_POINT('',#12105);
#4575=VERTEX_POINT('',#12109);
#4576=VERTEX_POINT('',#12124);
#4577=VERTEX_POINT('',#12128);
#4578=VERTEX_POINT('',#12130);
#4579=VERTEX_POINT('',#12134);
#4580=VERTEX_POINT('',#12136);
#4581=VERTEX_POINT('',#12140);
#4582=VERTEX_POINT('',#12142);
#4583=VERTEX_POINT('',#12144);
#4584=VERTEX_POINT('',#12146);
#4585=VERTEX_POINT('',#12148);
#4586=VERTEX_POINT('',#12150);
#4587=VERTEX_POINT('',#12152);
#4588=VERTEX_POINT('',#12154);
#4589=VERTEX_POINT('',#12156);
#4590=VERTEX_POINT('',#12158);
#4591=VERTEX_POINT('',#12160);
#4592=VERTEX_POINT('',#12162);
#4593=VERTEX_POINT('',#12166);
#4594=VERTEX_POINT('',#12168);
#4595=VERTEX_POINT('',#12170);
#4596=VERTEX_POINT('',#12172);
#4597=VERTEX_POINT('',#12174);
#4598=VERTEX_POINT('',#12176);
#4599=VERTEX_POINT('',#12178);
#4600=VERTEX_POINT('',#12180);
#4601=VERTEX_POINT('',#12182);
#4602=VERTEX_POINT('',#12184);
#4603=VERTEX_POINT('',#12186);
#4604=VERTEX_POINT('',#12188);
#4605=VERTEX_POINT('',#12216);
#4606=VERTEX_POINT('',#12217);
#4607=VERTEX_POINT('',#12219);
#4608=VERTEX_POINT('',#12221);
#4609=VERTEX_POINT('',#12233);
#4610=VERTEX_POINT('',#12240);
#4611=VERTEX_POINT('',#12247);
#4612=VERTEX_POINT('',#12249);
#4613=VERTEX_POINT('',#12253);
#4614=VERTEX_POINT('',#12255);
#4615=VERTEX_POINT('',#12259);
#4616=VERTEX_POINT('',#12261);
#4617=VERTEX_POINT('',#12263);
#4618=VERTEX_POINT('',#12265);
#4619=VERTEX_POINT('',#12267);
#4620=VERTEX_POINT('',#12269);
#4621=VERTEX_POINT('',#12271);
#4622=VERTEX_POINT('',#12273);
#4623=VERTEX_POINT('',#12275);
#4624=VERTEX_POINT('',#12277);
#4625=VERTEX_POINT('',#12279);
#4626=VERTEX_POINT('',#12281);
#4627=VERTEX_POINT('',#12285);
#4628=VERTEX_POINT('',#12287);
#4629=VERTEX_POINT('',#12289);
#4630=VERTEX_POINT('',#12291);
#4631=VERTEX_POINT('',#12293);
#4632=VERTEX_POINT('',#12295);
#4633=VERTEX_POINT('',#12297);
#4634=VERTEX_POINT('',#12299);
#4635=VERTEX_POINT('',#12301);
#4636=VERTEX_POINT('',#12303);
#4637=VERTEX_POINT('',#12305);
#4638=VERTEX_POINT('',#12307);
#4639=VERTEX_POINT('',#12335);
#4640=VERTEX_POINT('',#12336);
#4641=VERTEX_POINT('',#12338);
#4642=VERTEX_POINT('',#12340);
#4643=VERTEX_POINT('',#12352);
#4644=VERTEX_POINT('',#12354);
#4645=VERTEX_POINT('',#12358);
#4646=VERTEX_POINT('',#12360);
#4647=VERTEX_POINT('',#12364);
#4648=VERTEX_POINT('',#12366);
#4649=VERTEX_POINT('',#12368);
#4650=VERTEX_POINT('',#12370);
#4651=VERTEX_POINT('',#12372);
#4652=VERTEX_POINT('',#12374);
#4653=VERTEX_POINT('',#12376);
#4654=VERTEX_POINT('',#12378);
#4655=VERTEX_POINT('',#12380);
#4656=VERTEX_POINT('',#12382);
#4657=VERTEX_POINT('',#12384);
#4658=VERTEX_POINT('',#12386);
#4659=VERTEX_POINT('',#12390);
#4660=VERTEX_POINT('',#12392);
#4661=VERTEX_POINT('',#12394);
#4662=VERTEX_POINT('',#12396);
#4663=VERTEX_POINT('',#12398);
#4664=VERTEX_POINT('',#12400);
#4665=VERTEX_POINT('',#12402);
#4666=VERTEX_POINT('',#12404);
#4667=VERTEX_POINT('',#12406);
#4668=VERTEX_POINT('',#12408);
#4669=VERTEX_POINT('',#12410);
#4670=VERTEX_POINT('',#12412);
#4671=VERTEX_POINT('',#12440);
#4672=VERTEX_POINT('',#12441);
#4673=VERTEX_POINT('',#12443);
#4674=VERTEX_POINT('',#12445);
#4675=VERTEX_POINT('',#12466);
#4676=VERTEX_POINT('',#12468);
#4677=VERTEX_POINT('',#12470);
#4678=VERTEX_POINT('',#12480);
#4679=VERTEX_POINT('',#12482);
#4680=VERTEX_POINT('',#12484);
#4681=VERTEX_POINT('',#12508);
#4682=VERTEX_POINT('',#12509);
#4683=VERTEX_POINT('',#12511);
#4684=VERTEX_POINT('',#12513);
#4685=VERTEX_POINT('',#12517);
#4686=VERTEX_POINT('',#12518);
#4687=VERTEX_POINT('',#12523);
#4688=VERTEX_POINT('',#12524);
#4689=VERTEX_POINT('',#12543);
#4690=VERTEX_POINT('',#12547);
#4691=VERTEX_POINT('',#12551);
#4692=VERTEX_POINT('',#12558);
#4693=VERTEX_POINT('',#12562);
#4694=VERTEX_POINT('',#12566);
#4695=VERTEX_POINT('',#12573);
#4696=VERTEX_POINT('',#12575);
#4697=VERTEX_POINT('',#12579);
#4698=VERTEX_POINT('',#12581);
#4699=VERTEX_POINT('',#12585);
#4700=VERTEX_POINT('',#12586);
#4701=VERTEX_POINT('',#12588);
#4702=VERTEX_POINT('',#12590);
#4703=VERTEX_POINT('',#12606);
#4704=VERTEX_POINT('',#12607);
#4705=VERTEX_POINT('',#12609);
#4706=VERTEX_POINT('',#12611);
#4707=VERTEX_POINT('',#12615);
#4708=VERTEX_POINT('',#12617);
#4709=VERTEX_POINT('',#12621);
#4710=VERTEX_POINT('',#12623);
#4711=VERTEX_POINT('',#12632);
#4712=VERTEX_POINT('',#12633);
#4713=VERTEX_POINT('',#12635);
#4714=VERTEX_POINT('',#12637);
#4715=VERTEX_POINT('',#12641);
#4716=VERTEX_POINT('',#12645);
#4717=VERTEX_POINT('',#12652);
#4718=VERTEX_POINT('',#12653);
#4719=VERTEX_POINT('',#12655);
#4720=VERTEX_POINT('',#12657);
#4721=VERTEX_POINT('',#12661);
#4722=VERTEX_POINT('',#12665);
#4723=VERTEX_POINT('',#12672);
#4724=VERTEX_POINT('',#12673);
#4725=VERTEX_POINT('',#12675);
#4726=VERTEX_POINT('',#12677);
#4727=VERTEX_POINT('',#12681);
#4728=VERTEX_POINT('',#12682);
#4729=VERTEX_POINT('',#12684);
#4730=VERTEX_POINT('',#12686);
#4731=EDGE_CURVE('',#4033,#4034,#5807,.T.);
#4732=EDGE_CURVE('',#4033,#4035,#1821,.T.);
#4733=EDGE_CURVE('',#4036,#4035,#5808,.T.);
#4734=EDGE_CURVE('',#4036,#4037,#1822,.T.);
#4735=EDGE_CURVE('',#4038,#4037,#5809,.T.);
#4736=EDGE_CURVE('',#4034,#4038,#5810,.T.);
#4737=EDGE_CURVE('',#4039,#4040,#5811,.T.);
#4738=EDGE_CURVE('',#4041,#4039,#5812,.T.);
#4739=EDGE_CURVE('',#4041,#4042,#5813,.T.);
#4740=EDGE_CURVE('',#4040,#4042,#5814,.T.);
#4741=EDGE_CURVE('',#4043,#4044,#5815,.T.);
#4742=EDGE_CURVE('',#4044,#4034,#5816,.T.);
#4743=EDGE_CURVE('',#4038,#4043,#5817,.T.);
#4744=EDGE_CURVE('',#4045,#4046,#5818,.T.);
#4745=EDGE_CURVE('',#4045,#4047,#5819,.T.);
#4746=EDGE_CURVE('',#4047,#4046,#5820,.T.);
#4747=EDGE_CURVE('',#4048,#4049,#5821,.T.);
#4748=EDGE_CURVE('',#4048,#4050,#1823,.T.);
#4749=EDGE_CURVE('',#4051,#4050,#5822,.T.);
#4750=EDGE_CURVE('',#4051,#4052,#1824,.T.);
#4751=EDGE_CURVE('',#4053,#4052,#5823,.T.);
#4752=EDGE_CURVE('',#4053,#4049,#5824,.T.);
#4753=EDGE_CURVE('',#4054,#4055,#5825,.T.);
#4754=EDGE_CURVE('',#4054,#4056,#1825,.T.);
#4755=EDGE_CURVE('',#4057,#4056,#5826,.T.);
#4756=EDGE_CURVE('',#4057,#4058,#1826,.T.);
#4757=EDGE_CURVE('',#4059,#4058,#5827,.T.);
#4758=EDGE_CURVE('',#4059,#4055,#5828,.T.);
#4759=EDGE_CURVE('',#4060,#4061,#5829,.T.);
#4760=EDGE_CURVE('',#4060,#4062,#5830,.T.);
#4761=EDGE_CURVE('',#4062,#4061,#5831,.T.);
#4762=EDGE_CURVE('',#4063,#4064,#5832,.T.);
#4763=EDGE_CURVE('',#4065,#4063,#5833,.T.);
#4764=EDGE_CURVE('',#4065,#4064,#5834,.T.);
#4765=EDGE_CURVE('',#4066,#4067,#5835,.T.);
#4766=EDGE_CURVE('',#4066,#4068,#5836,.T.);
#4767=EDGE_CURVE('',#4069,#4068,#5837,.T.);
#4768=EDGE_CURVE('',#4067,#4069,#5838,.T.);
#4769=EDGE_CURVE('',#4070,#4071,#5839,.T.);
#4770=EDGE_CURVE('',#4072,#4070,#5840,.T.);
#4771=EDGE_CURVE('',#4073,#4072,#5841,.T.);
#4772=EDGE_CURVE('',#4074,#4073,#5842,.T.);
#4773=EDGE_CURVE('',#4071,#4074,#5843,.T.);
#4774=EDGE_CURVE('',#4075,#4076,#5844,.T.);
#4775=EDGE_CURVE('',#4075,#4077,#5845,.T.);
#4776=EDGE_CURVE('',#4078,#4077,#5846,.T.);
#4777=EDGE_CURVE('',#4079,#4078,#5847,.T.);
#4778=EDGE_CURVE('',#4079,#4076,#5848,.T.);
#4779=EDGE_CURVE('',#4080,#4081,#5849,.T.);
#4780=EDGE_CURVE('',#4082,#4081,#5850,.T.);
#4781=EDGE_CURVE('',#4083,#4082,#5851,.T.);
#4782=EDGE_CURVE('',#4083,#4071,#5852,.T.);
#4783=EDGE_CURVE('',#4080,#4074,#5853,.T.);
#4784=EDGE_CURVE('',#4084,#4085,#5854,.T.);
#4785=EDGE_CURVE('',#4084,#4086,#5855,.T.);
#4786=EDGE_CURVE('',#4086,#4087,#5856,.T.);
#4787=EDGE_CURVE('',#4085,#4087,#5857,.T.);
#4788=EDGE_CURVE('',#4078,#4088,#5858,.T.);
#4789=EDGE_CURVE('',#4089,#4088,#5859,.T.);
#4790=EDGE_CURVE('',#4089,#4079,#5860,.T.);
#4791=EDGE_CURVE('',#4090,#4091,#5861,.T.);
#4792=EDGE_CURVE('',#4092,#4090,#5862,.T.);
#4793=EDGE_CURVE('',#4092,#4093,#5863,.T.);
#4794=EDGE_CURVE('',#4093,#4091,#5864,.T.);
#4795=EDGE_CURVE('',#4094,#4095,#5865,.T.);
#4796=EDGE_CURVE('',#4096,#4094,#5866,.T.);
#4797=EDGE_CURVE('',#4097,#4096,#5867,.T.);
#4798=EDGE_CURVE('',#4097,#4095,#5868,.T.);
#4799=EDGE_CURVE('',#4098,#4099,#5869,.T.);
#4800=EDGE_CURVE('',#4098,#4100,#5870,.T.);
#4801=EDGE_CURVE('',#4101,#4100,#5871,.T.);
#4802=EDGE_CURVE('',#4101,#4102,#5872,.T.);
#4803=EDGE_CURVE('',#4103,#4102,#5873,.T.);
#4804=EDGE_CURVE('',#4103,#4104,#5874,.T.);
#4805=EDGE_CURVE('',#4104,#4082,#5875,.T.);
#4806=EDGE_CURVE('',#4081,#4105,#5876,.T.);
#4807=EDGE_CURVE('',#4105,#4106,#5877,.T.);
#4808=EDGE_CURVE('',#4106,#4107,#5878,.T.);
#4809=EDGE_CURVE('',#4107,#4099,#5879,.T.);
#4810=EDGE_CURVE('',#4108,#4109,#5880,.T.);
#4811=EDGE_CURVE('',#4110,#4108,#5881,.T.);
#4812=EDGE_CURVE('',#4111,#4110,#5882,.T.);
#4813=EDGE_CURVE('',#4111,#4109,#5883,.T.);
#4814=EDGE_CURVE('',#4112,#4113,#5884,.T.);
#4815=EDGE_CURVE('',#4114,#4113,#5885,.T.);
#4816=EDGE_CURVE('',#4115,#4114,#5886,.T.);
#4817=EDGE_CURVE('',#4112,#4115,#5887,.T.);
#4818=EDGE_CURVE('',#4116,#4117,#5888,.T.);
#4819=EDGE_CURVE('',#4118,#4117,#5889,.T.);
#4820=EDGE_CURVE('',#4119,#4118,#5890,.T.);
#4821=EDGE_CURVE('',#4120,#4119,#5891,.T.);
#4822=EDGE_CURVE('',#4121,#4120,#5892,.T.);
#4823=EDGE_CURVE('',#4122,#4121,#5893,.T.);
#4824=EDGE_CURVE('',#4123,#4122,#5894,.T.);
#4825=EDGE_CURVE('',#4124,#4123,#5895,.T.);
#4826=EDGE_CURVE('',#4125,#4124,#5896,.T.);
#4827=EDGE_CURVE('',#4125,#4126,#5897,.T.);
#4828=EDGE_CURVE('',#4127,#4126,#5898,.T.);
#4829=EDGE_CURVE('',#4128,#4127,#5899,.T.);
#4830=EDGE_CURVE('',#4129,#4128,#5900,.T.);
#4831=EDGE_CURVE('',#4130,#4129,#5901,.T.);
#4832=EDGE_CURVE('',#4131,#4130,#5902,.T.);
#4833=EDGE_CURVE('',#4132,#4131,#5903,.T.);
#4834=EDGE_CURVE('',#4133,#4132,#5904,.T.);
#4835=EDGE_CURVE('',#4134,#4133,#5905,.T.);
#4836=EDGE_CURVE('',#4135,#4134,#5906,.T.);
#4837=EDGE_CURVE('',#4116,#4135,#5907,.T.);
#4838=EDGE_CURVE('',#4136,#4137,#5908,.T.);
#4839=EDGE_CURVE('',#4138,#4136,#5909,.T.);
#4840=EDGE_CURVE('',#4139,#4138,#5910,.T.);
#4841=EDGE_CURVE('',#4139,#4140,#5911,.T.);
#4842=EDGE_CURVE('',#4141,#4140,#5912,.T.);
#4843=EDGE_CURVE('',#4141,#4142,#5913,.T.);
#4844=EDGE_CURVE('',#4137,#4142,#5914,.T.);
#4845=EDGE_CURVE('',#4143,#4144,#5915,.T.);
#4846=EDGE_CURVE('',#4144,#4145,#5916,.T.);
#4847=EDGE_CURVE('',#4145,#4146,#5917,.T.);
#4848=EDGE_CURVE('',#4146,#4147,#5918,.T.);
#4849=EDGE_CURVE('',#4147,#4148,#5919,.T.);
#4850=EDGE_CURVE('',#4148,#4149,#5920,.T.);
#4851=EDGE_CURVE('',#4150,#4149,#5921,.T.);
#4852=EDGE_CURVE('',#4143,#4150,#5922,.T.);
#4853=EDGE_CURVE('',#4151,#4152,#5923,.T.);
#4854=EDGE_CURVE('',#4153,#4152,#5924,.T.);
#4855=EDGE_CURVE('',#4154,#4153,#5925,.T.);
#4856=EDGE_CURVE('',#4155,#4154,#5926,.T.);
#4857=EDGE_CURVE('',#4155,#4156,#5927,.T.);
#4858=EDGE_CURVE('',#4156,#4151,#5928,.T.);
#4859=EDGE_CURVE('',#4068,#4157,#5929,.T.);
#4860=EDGE_CURVE('',#4157,#4158,#5930,.T.);
#4861=EDGE_CURVE('',#4158,#4069,#5931,.T.);
#4862=EDGE_CURVE('',#4159,#4160,#5932,.T.);
#4863=EDGE_CURVE('',#4160,#4161,#5933,.T.);
#4864=EDGE_CURVE('',#4161,#4162,#5934,.T.);
#4865=EDGE_CURVE('',#4162,#4159,#5935,.T.);
#4866=EDGE_CURVE('',#4163,#4164,#5936,.T.);
#4867=EDGE_CURVE('',#4164,#4165,#5937,.T.);
#4868=EDGE_CURVE('',#4165,#4166,#5938,.T.);
#4869=EDGE_CURVE('',#4166,#4163,#5939,.T.);
#4870=EDGE_CURVE('',#4167,#4168,#5940,.T.);
#4871=EDGE_CURVE('',#4169,#4167,#5941,.T.);
#4872=EDGE_CURVE('',#4169,#4170,#5942,.T.);
#4873=EDGE_CURVE('',#4170,#4171,#5943,.T.);
#4874=EDGE_CURVE('',#4171,#4172,#5944,.T.);
#4875=EDGE_CURVE('',#4168,#4172,#5945,.T.);
#4876=EDGE_CURVE('',#4173,#4174,#5946,.T.);
#4877=EDGE_CURVE('',#4090,#4173,#5947,.T.);
#4878=EDGE_CURVE('',#4174,#4091,#5948,.T.);
#4879=EDGE_CURVE('',#4175,#4085,#5949,.T.);
#4880=EDGE_CURVE('',#4176,#4175,#5950,.T.);
#4881=EDGE_CURVE('',#4084,#4176,#5951,.T.);
#4882=EDGE_CURVE('',#4177,#4178,#5952,.T.);
#4883=EDGE_CURVE('',#4179,#4177,#5953,.T.);
#4884=EDGE_CURVE('',#4180,#4179,#5954,.T.);
#4885=EDGE_CURVE('',#4180,#4178,#5955,.T.);
#4886=EDGE_CURVE('',#4181,#4182,#5956,.T.);
#4887=EDGE_CURVE('',#4182,#4183,#5957,.T.);
#4888=EDGE_CURVE('',#4183,#4184,#5958,.T.);
#4889=EDGE_CURVE('',#4184,#4185,#5959,.T.);
#4890=EDGE_CURVE('',#4185,#4186,#5960,.T.);
#4891=EDGE_CURVE('',#4186,#4187,#5961,.T.);
#4892=EDGE_CURVE('',#4187,#4188,#5962,.T.);
#4893=EDGE_CURVE('',#4188,#4189,#5963,.T.);
#4894=EDGE_CURVE('',#4189,#4190,#5964,.T.);
#4895=EDGE_CURVE('',#4190,#4191,#5965,.T.);
#4896=EDGE_CURVE('',#4192,#4191,#5966,.T.);
#4897=EDGE_CURVE('',#4193,#4192,#5967,.T.);
#4898=EDGE_CURVE('',#4194,#4193,#5968,.T.);
#4899=EDGE_CURVE('',#4195,#4194,#5969,.T.);
#4900=EDGE_CURVE('',#4196,#4195,#5970,.T.);
#4901=EDGE_CURVE('',#4197,#4196,#5971,.T.);
#4902=EDGE_CURVE('',#4197,#4198,#5972,.T.);
#4903=EDGE_CURVE('',#4199,#4198,#5973,.T.);
#4904=EDGE_CURVE('',#4200,#4199,#5974,.T.);
#4905=EDGE_CURVE('',#4201,#4200,#5975,.T.);
#4906=EDGE_CURVE('',#4202,#4201,#5976,.T.);
#4907=EDGE_CURVE('',#4203,#4202,#5977,.T.);
#4908=EDGE_CURVE('',#4204,#4203,#5978,.T.);
#4909=EDGE_CURVE('',#4205,#4204,#5979,.T.);
#4910=EDGE_CURVE('',#4205,#4181,#5980,.T.);
#4911=EDGE_CURVE('',#4206,#4207,#5981,.T.);
#4912=EDGE_CURVE('',#4206,#4208,#141,.T.);
#4913=EDGE_CURVE('',#4209,#4208,#5982,.T.);
#4914=EDGE_CURVE('',#4209,#4210,#5983,.T.);
#4915=EDGE_CURVE('',#4210,#4211,#5984,.T.);
#4916=EDGE_CURVE('',#4211,#4212,#5985,.T.);
#4917=EDGE_CURVE('',#4213,#4212,#5986,.T.);
#4918=EDGE_CURVE('',#4214,#4213,#5987,.T.);
#4919=EDGE_CURVE('',#4214,#4215,#5988,.T.);
#4920=EDGE_CURVE('',#4215,#4216,#5989,.T.);
#4921=EDGE_CURVE('',#4217,#4216,#5990,.T.);
#4922=EDGE_CURVE('',#4218,#4217,#5991,.T.);
#4923=EDGE_CURVE('',#4219,#4218,#5992,.T.);
#4924=EDGE_CURVE('',#4220,#4219,#5993,.T.);
#4925=EDGE_CURVE('',#4221,#4220,#5994,.T.);
#4926=EDGE_CURVE('',#4221,#4222,#5995,.T.);
#4927=EDGE_CURVE('',#4223,#4222,#142,.T.);
#4928=EDGE_CURVE('',#4223,#4224,#5996,.T.);
#4929=EDGE_CURVE('',#4224,#4225,#143,.T.);
#4930=EDGE_CURVE('',#4226,#4225,#5997,.T.);
#4931=EDGE_CURVE('',#4226,#4227,#5998,.T.);
#4932=EDGE_CURVE('',#4227,#4228,#5999,.T.);
#4933=EDGE_CURVE('',#4207,#4228,#144,.T.);
#4934=EDGE_CURVE('',#4229,#4230,#6000,.T.);
#4935=EDGE_CURVE('',#4230,#4231,#6001,.T.);
#4936=EDGE_CURVE('',#4231,#4232,#6002,.T.);
#4937=EDGE_CURVE('',#4232,#4229,#6003,.T.);
#4938=EDGE_CURVE('',#4233,#4234,#6004,.T.);
#4939=EDGE_CURVE('',#4233,#4235,#6005,.T.);
#4940=EDGE_CURVE('',#4235,#4236,#6006,.T.);
#4941=EDGE_CURVE('',#4237,#4236,#6007,.T.);
#4942=EDGE_CURVE('',#4238,#4237,#6008,.T.);
#4943=EDGE_CURVE('',#4239,#4238,#6009,.T.);
#4944=EDGE_CURVE('',#4240,#4239,#6010,.T.);
#4945=EDGE_CURVE('',#4241,#4240,#6011,.T.);
#4946=EDGE_CURVE('',#4242,#4241,#6012,.T.);
#4947=EDGE_CURVE('',#4243,#4242,#6013,.T.);
#4948=EDGE_CURVE('',#4234,#4243,#6014,.T.);
#4949=EDGE_CURVE('',#4244,#4245,#6015,.T.);
#4950=EDGE_CURVE('',#4246,#4244,#6016,.T.);
#4951=EDGE_CURVE('',#4247,#4246,#6017,.T.);
#4952=EDGE_CURVE('',#4248,#4247,#6018,.T.);
#4953=EDGE_CURVE('',#4249,#4248,#6019,.T.);
#4954=EDGE_CURVE('',#4250,#4249,#6020,.T.);
#4955=EDGE_CURVE('',#4250,#4251,#6021,.T.);
#4956=EDGE_CURVE('',#4251,#4252,#6022,.T.);
#4957=EDGE_CURVE('',#4252,#4253,#6023,.T.);
#4958=EDGE_CURVE('',#4253,#4254,#6024,.T.);
#4959=EDGE_CURVE('',#4254,#4255,#6025,.T.);
#4960=EDGE_CURVE('',#4255,#4256,#6026,.T.);
#4961=EDGE_CURVE('',#4256,#4257,#6027,.T.);
#4962=EDGE_CURVE('',#4257,#4258,#6028,.T.);
#4963=EDGE_CURVE('',#4258,#4259,#6029,.T.);
#4964=EDGE_CURVE('',#4245,#4259,#6030,.T.);
#4965=EDGE_CURVE('',#4098,#4260,#6031,.T.);
#4966=EDGE_CURVE('',#4260,#4076,#6032,.T.);
#4967=EDGE_CURVE('',#4089,#4100,#6033,.T.);
#4968=EDGE_CURVE('',#4261,#4262,#6034,.T.);
#4969=EDGE_CURVE('',#4262,#4263,#6035,.T.);
#4970=EDGE_CURVE('',#4263,#4264,#6036,.T.);
#4971=EDGE_CURVE('',#4265,#4264,#6037,.T.);
#4972=EDGE_CURVE('',#4266,#4265,#6038,.T.);
#4973=EDGE_CURVE('',#4266,#4267,#6039,.T.);
#4974=EDGE_CURVE('',#4261,#4267,#6040,.T.);
#4975=EDGE_CURVE('',#4268,#4269,#6041,.T.);
#4976=EDGE_CURVE('',#4269,#4270,#6042,.T.);
#4977=EDGE_CURVE('',#4270,#4271,#6043,.T.);
#4978=EDGE_CURVE('',#4271,#4268,#6044,.T.);
#4979=EDGE_CURVE('',#4272,#4273,#6045,.T.);
#4980=EDGE_CURVE('',#4273,#4274,#6046,.T.);
#4981=EDGE_CURVE('',#4274,#4275,#6047,.T.);
#4982=EDGE_CURVE('',#4275,#4272,#6048,.T.);
#4983=EDGE_CURVE('',#4267,#4276,#6049,.T.);
#4984=EDGE_CURVE('',#4276,#4277,#6050,.T.);
#4985=EDGE_CURVE('',#4277,#4261,#6051,.T.);
#4986=EDGE_CURVE('',#4278,#4279,#6052,.T.);
#4987=EDGE_CURVE('',#4278,#4280,#6053,.T.);
#4988=EDGE_CURVE('',#4281,#4280,#6054,.T.);
#4989=EDGE_CURVE('',#4279,#4281,#6055,.T.);
#4990=EDGE_CURVE('',#4282,#4283,#6056,.T.);
#4991=EDGE_CURVE('',#4283,#4284,#6057,.T.);
#4992=EDGE_CURVE('',#4285,#4284,#6058,.T.);
#4993=EDGE_CURVE('',#4286,#4285,#6059,.T.);
#4994=EDGE_CURVE('',#4287,#4286,#6060,.T.);
#4995=EDGE_CURVE('',#4287,#4288,#6061,.T.);
#4996=EDGE_CURVE('',#4288,#4289,#6062,.T.);
#4997=EDGE_CURVE('',#4289,#4282,#6063,.T.);
#4998=EDGE_CURVE('',#4117,#4290,#6064,.T.);
#4999=EDGE_CURVE('',#4290,#4291,#6065,.T.);
#5000=EDGE_CURVE('',#4291,#4134,#6066,.T.);
#5001=EDGE_CURVE('',#4292,#4133,#6067,.T.);
#5002=EDGE_CURVE('',#4292,#4293,#6068,.T.);
#5003=EDGE_CURVE('',#4293,#4279,#6069,.T.);
#5004=EDGE_CURVE('',#4294,#4281,#6070,.T.);
#5005=EDGE_CURVE('',#4294,#4295,#6071,.T.);
#5006=EDGE_CURVE('',#4295,#4118,#6072,.T.);
#5007=EDGE_CURVE('',#4296,#4297,#6073,.T.);
#5008=EDGE_CURVE('',#4297,#4298,#6074,.T.);
#5009=EDGE_CURVE('',#4298,#4299,#6075,.T.);
#5010=EDGE_CURVE('',#4299,#4296,#6076,.T.);
#5011=EDGE_CURVE('',#4280,#4300,#6077,.T.);
#5012=EDGE_CURVE('',#4272,#4300,#6078,.T.);
#5013=EDGE_CURVE('',#4301,#4275,#6079,.T.);
#5014=EDGE_CURVE('',#4302,#4301,#6080,.T.);
#5015=EDGE_CURVE('',#4302,#4303,#6081,.T.);
#5016=EDGE_CURVE('',#4304,#4303,#6082,.T.);
#5017=EDGE_CURVE('',#4304,#4305,#6083,.T.);
#5018=EDGE_CURVE('',#4305,#4287,#6084,.T.);
#5019=EDGE_CURVE('',#4306,#4286,#6085,.T.);
#5020=EDGE_CURVE('',#4306,#4307,#6086,.T.);
#5021=EDGE_CURVE('',#4307,#4121,#6087,.T.);
#5022=EDGE_CURVE('',#4308,#4120,#6088,.T.);
#5023=EDGE_CURVE('',#4308,#4294,#6089,.T.);
#5024=EDGE_CURVE('',#4309,#4127,#6090,.T.);
#5025=EDGE_CURVE('',#4310,#4309,#6091,.T.);
#5026=EDGE_CURVE('',#4124,#4310,#6092,.T.);
#5027=EDGE_CURVE('',#4311,#4123,#6093,.T.);
#5028=EDGE_CURVE('',#4311,#4306,#6094,.T.);
#5029=EDGE_CURVE('',#4312,#4285,#6095,.T.);
#5030=EDGE_CURVE('',#4312,#4313,#6096,.T.);
#5031=EDGE_CURVE('',#4313,#4128,#6097,.T.);
#5032=EDGE_CURVE('',#4271,#4314,#6098,.T.);
#5033=EDGE_CURVE('',#4314,#4278,#6099,.T.);
#5034=EDGE_CURVE('',#4293,#4315,#6100,.T.);
#5035=EDGE_CURVE('',#4315,#4131,#6101,.T.);
#5036=EDGE_CURVE('',#4316,#4130,#6102,.T.);
#5037=EDGE_CURVE('',#4316,#4312,#6103,.T.);
#5038=EDGE_CURVE('',#4284,#4262,#6104,.T.);
#5039=EDGE_CURVE('',#4317,#4277,#6105,.T.);
#5040=EDGE_CURVE('',#4318,#4317,#6106,.T.);
#5041=EDGE_CURVE('',#4318,#4268,#6107,.T.);
#5042=EDGE_CURVE('',#4319,#4320,#6108,.T.);
#5043=EDGE_CURVE('',#4320,#4321,#6109,.T.);
#5044=EDGE_CURVE('',#4322,#4321,#6110,.T.);
#5045=EDGE_CURVE('',#4323,#4322,#6111,.T.);
#5046=EDGE_CURVE('',#4323,#4273,#6112,.T.);
#5047=EDGE_CURVE('',#4300,#4314,#6113,.T.);
#5048=EDGE_CURVE('',#4270,#4324,#6114,.T.);
#5049=EDGE_CURVE('',#4324,#4325,#6115,.T.);
#5050=EDGE_CURVE('',#4326,#4325,#6116,.T.);
#5051=EDGE_CURVE('',#4326,#4319,#6117,.T.);
#5052=EDGE_CURVE('',#4327,#4328,#6118,.T.);
#5053=EDGE_CURVE('',#4327,#4305,#6119,.T.);
#5054=EDGE_CURVE('',#4329,#4304,#6120,.T.);
#5055=EDGE_CURVE('',#4329,#4330,#6121,.T.);
#5056=EDGE_CURVE('',#4330,#4331,#6122,.T.);
#5057=EDGE_CURVE('',#4328,#4331,#6123,.T.);
#5058=EDGE_CURVE('',#4303,#4332,#6124,.T.);
#5059=EDGE_CURVE('',#4332,#4329,#6125,.T.);
#5060=EDGE_CURVE('',#4333,#4334,#6126,.T.);
#5061=EDGE_CURVE('',#4334,#4335,#6127,.T.);
#5062=EDGE_CURVE('',#4335,#4266,#6128,.T.);
#5063=EDGE_CURVE('',#4325,#4265,#6129,.T.);
#5064=EDGE_CURVE('',#4324,#4336,#6130,.T.);
#5065=EDGE_CURVE('',#4336,#4333,#6131,.T.);
#5066=EDGE_CURVE('',#4337,#4338,#6132,.T.);
#5067=EDGE_CURVE('',#4338,#4339,#6133,.T.);
#5068=EDGE_CURVE('',#4339,#4323,#6134,.T.);
#5069=EDGE_CURVE('',#4331,#4322,#6135,.T.);
#5070=EDGE_CURVE('',#4330,#4340,#6136,.T.);
#5071=EDGE_CURVE('',#4340,#4337,#6137,.T.);
#5072=EDGE_CURVE('',#4341,#4342,#6138,.T.);
#5073=EDGE_CURVE('',#4342,#4343,#6139,.T.);
#5074=EDGE_CURVE('',#4343,#4344,#6140,.T.);
#5075=EDGE_CURVE('',#4344,#4341,#6141,.T.);
#5076=EDGE_CURVE('',#4345,#4346,#6142,.T.);
#5077=EDGE_CURVE('',#4346,#4041,#6143,.T.);
#5078=EDGE_CURVE('',#4041,#4347,#6144,.T.);
#5079=EDGE_CURVE('',#4347,#4348,#6145,.T.);
#5080=EDGE_CURVE('',#4348,#4061,#6146,.T.);
#5081=EDGE_CURVE('',#4061,#4349,#6147,.T.);
#5082=EDGE_CURVE('',#4349,#4350,#6148,.T.);
#5083=EDGE_CURVE('',#4350,#4065,#6149,.T.);
#5084=EDGE_CURVE('',#4065,#4351,#6150,.T.);
#5085=EDGE_CURVE('',#4351,#4352,#6151,.T.);
#5086=EDGE_CURVE('',#4352,#4046,#6152,.T.);
#5087=EDGE_CURVE('',#4046,#4345,#6153,.T.);
#5088=EDGE_CURVE('',#4264,#4353,#6154,.T.);
#5089=EDGE_CURVE('',#4353,#4354,#6155,.T.);
#5090=EDGE_CURVE('',#4354,#4355,#6156,.T.);
#5091=EDGE_CURVE('',#4355,#4356,#6157,.T.);
#5092=EDGE_CURVE('',#4356,#4328,#6158,.T.);
#5093=EDGE_CURVE('',#4321,#4326,#6159,.T.);
#5094=EDGE_CURVE('',#4301,#4357,#6160,.T.);
#5095=EDGE_CURVE('',#4357,#4358,#6161,.T.);
#5096=EDGE_CURVE('',#4358,#4302,#6162,.T.);
#5097=EDGE_CURVE('',#4340,#4332,#6163,.T.);
#5098=EDGE_CURVE('',#4358,#4337,#6164,.T.);
#5099=EDGE_CURVE('',#4274,#4339,#6165,.T.);
#5100=EDGE_CURVE('',#4338,#4357,#6166,.T.);
#5101=EDGE_CURVE('',#4336,#4269,#6167,.T.);
#5102=EDGE_CURVE('',#4359,#4318,#6168,.T.);
#5103=EDGE_CURVE('',#4359,#4333,#6169,.T.);
#5104=EDGE_CURVE('',#4276,#4335,#6170,.T.);
#5105=EDGE_CURVE('',#4334,#4360,#6171,.T.);
#5106=EDGE_CURVE('',#4317,#4360,#6172,.T.);
#5107=EDGE_CURVE('',#4360,#4359,#6173,.T.);
#5108=EDGE_CURVE('',#4263,#4361,#6174,.T.);
#5109=EDGE_CURVE('',#4361,#4353,#6175,.T.);
#5110=EDGE_CURVE('',#4361,#4362,#6176,.T.);
#5111=EDGE_CURVE('',#4362,#4356,#6177,.T.);
#5112=EDGE_CURVE('',#4363,#4355,#6178,.T.);
#5113=EDGE_CURVE('',#4363,#4364,#6179,.T.);
#5114=EDGE_CURVE('',#4364,#4354,#6180,.T.);
#5115=EDGE_CURVE('',#4362,#4327,#6181,.T.);
#5116=EDGE_CURVE('',#4126,#4354,#6182,.T.);
#5117=EDGE_CURVE('',#4355,#4125,#6183,.T.);
#5118=EDGE_CURVE('',#4364,#4309,#6184,.T.);
#5119=EDGE_CURVE('',#4310,#4363,#6185,.T.);
#5120=EDGE_CURVE('',#4365,#4366,#6186,.T.);
#5121=EDGE_CURVE('',#4366,#4367,#6187,.T.);
#5122=EDGE_CURVE('',#4368,#4367,#6188,.T.);
#5123=EDGE_CURVE('',#4368,#4365,#6189,.T.);
#5124=EDGE_CURVE('',#4367,#4369,#6190,.T.);
#5125=EDGE_CURVE('',#4370,#4369,#6191,.T.);
#5126=EDGE_CURVE('',#4370,#4368,#6192,.T.);
#5127=EDGE_CURVE('',#4369,#4371,#6193,.T.);
#5128=EDGE_CURVE('',#4372,#4371,#6194,.T.);
#5129=EDGE_CURVE('',#4372,#4370,#6195,.T.);
#5130=EDGE_CURVE('',#4373,#4374,#6196,.T.);
#5131=EDGE_CURVE('',#4374,#4375,#6197,.T.);
#5132=EDGE_CURVE('',#4375,#4376,#6198,.T.);
#5133=EDGE_CURVE('',#4376,#4373,#6199,.T.);
#5134=EDGE_CURVE('',#4377,#4378,#6200,.T.);
#5135=EDGE_CURVE('',#4378,#4379,#6201,.T.);
#5136=EDGE_CURVE('',#4379,#4380,#6202,.T.);
#5137=EDGE_CURVE('',#4380,#4377,#6203,.T.);
#5138=EDGE_CURVE('',#4381,#4382,#6204,.T.);
#5139=EDGE_CURVE('',#4382,#4383,#6205,.T.);
#5140=EDGE_CURVE('',#4383,#4384,#6206,.T.);
#5141=EDGE_CURVE('',#4384,#4381,#6207,.T.);
#5142=EDGE_CURVE('',#4385,#4386,#6208,.T.);
#5143=EDGE_CURVE('',#4386,#4387,#6209,.T.);
#5144=EDGE_CURVE('',#4387,#4388,#6210,.T.);
#5145=EDGE_CURVE('',#4388,#4385,#6211,.T.);
#5146=EDGE_CURVE('',#4371,#4366,#6212,.T.);
#5147=EDGE_CURVE('',#4365,#4372,#6213,.T.);
#5148=EDGE_CURVE('',#4389,#4129,#6214,.T.);
#5149=EDGE_CURVE('',#4313,#4389,#6215,.T.);
#5150=EDGE_CURVE('',#4389,#4316,#6216,.T.);
#5151=EDGE_CURVE('',#4390,#4122,#6217,.T.);
#5152=EDGE_CURVE('',#4307,#4390,#6218,.T.);
#5153=EDGE_CURVE('',#4390,#4311,#6219,.T.);
#5154=EDGE_CURVE('',#4391,#4119,#6220,.T.);
#5155=EDGE_CURVE('',#4391,#4308,#6221,.T.);
#5156=EDGE_CURVE('',#4295,#4391,#6222,.T.);
#5157=EDGE_CURVE('',#4392,#4132,#6223,.T.);
#5158=EDGE_CURVE('',#4392,#4292,#6224,.T.);
#5159=EDGE_CURVE('',#4315,#4392,#6225,.T.);
#5160=EDGE_CURVE('',#4393,#4394,#6226,.T.);
#5161=EDGE_CURVE('',#4394,#4395,#6227,.T.);
#5162=EDGE_CURVE('',#4395,#4396,#6228,.T.);
#5163=EDGE_CURVE('',#4396,#4393,#6229,.T.);
#5164=EDGE_CURVE('',#4397,#4398,#6230,.T.);
#5165=EDGE_CURVE('',#4397,#4399,#1827,.T.);
#5166=EDGE_CURVE('',#4400,#4399,#6231,.T.);
#5167=EDGE_CURVE('',#4400,#4401,#1828,.T.);
#5168=EDGE_CURVE('',#4402,#4401,#6232,.T.);
#5169=EDGE_CURVE('',#4402,#4403,#1829,.T.);
#5170=EDGE_CURVE('',#4403,#4404,#6233,.T.);
#5171=EDGE_CURVE('',#4404,#4405,#1830,.T.);
#5172=EDGE_CURVE('',#4406,#4405,#6234,.T.);
#5173=EDGE_CURVE('',#4406,#4407,#6235,.T.);
#5174=EDGE_CURVE('',#4408,#4407,#6236,.T.);
#5175=EDGE_CURVE('',#4408,#4409,#1831,.T.);
#5176=EDGE_CURVE('',#4409,#4410,#6237,.T.);
#5177=EDGE_CURVE('',#4410,#4398,#1832,.T.);
#5178=EDGE_CURVE('',#4411,#4412,#6238,.T.);
#5179=EDGE_CURVE('',#4412,#4413,#6239,.T.);
#5180=EDGE_CURVE('',#4413,#4414,#6240,.T.);
#5181=EDGE_CURVE('',#4414,#4411,#6241,.T.);
#5182=EDGE_CURVE('',#4415,#4416,#6242,.T.);
#5183=EDGE_CURVE('',#4416,#4417,#6243,.T.);
#5184=EDGE_CURVE('',#4417,#4418,#6244,.T.);
#5185=EDGE_CURVE('',#4418,#4415,#6245,.T.);
#5186=EDGE_CURVE('',#4288,#4327,#6246,.T.);
#5187=EDGE_CURVE('',#4289,#4362,#6247,.T.);
#5188=EDGE_CURVE('',#4282,#4361,#6248,.T.);
#5189=EDGE_CURVE('',#4283,#4263,#6249,.T.);
#5190=EDGE_CURVE('',#4373,#4370,#6250,.T.);
#5191=EDGE_CURVE('',#4368,#4376,#6251,.T.);
#5192=EDGE_CURVE('',#4365,#4375,#6252,.T.);
#5193=EDGE_CURVE('',#4374,#4372,#6253,.T.);
#5194=EDGE_CURVE('',#4063,#4400,#6254,.T.);
#5195=EDGE_CURVE('',#4399,#4060,#6255,.T.);
#5196=EDGE_CURVE('',#4369,#4348,#6256,.T.);
#5197=EDGE_CURVE('',#4351,#4367,#6257,.T.);
#5198=EDGE_CURVE('',#4371,#4347,#6258,.T.);
#5199=EDGE_CURVE('',#4352,#4366,#6259,.T.);
#5200=EDGE_CURVE('',#4039,#4036,#6260,.T.);
#5201=EDGE_CURVE('',#4035,#4045,#6261,.T.);
#5202=EDGE_CURVE('',#4383,#4414,#6262,.T.);
#5203=EDGE_CURVE('',#4411,#4382,#6263,.T.);
#5204=EDGE_CURVE('',#4412,#4381,#6264,.T.);
#5205=EDGE_CURVE('',#4384,#4413,#6265,.T.);
#5206=EDGE_CURVE('',#4379,#4418,#6266,.T.);
#5207=EDGE_CURVE('',#4415,#4378,#6267,.T.);
#5208=EDGE_CURVE('',#4416,#4377,#6268,.T.);
#5209=EDGE_CURVE('',#4380,#4417,#6269,.T.);
#5210=EDGE_CURVE('',#4387,#4396,#6270,.T.);
#5211=EDGE_CURVE('',#4393,#4386,#6271,.T.);
#5212=EDGE_CURVE('',#4394,#4385,#6272,.T.);
#5213=EDGE_CURVE('',#4388,#4395,#6273,.T.);
#5214=EDGE_CURVE('',#4229,#4296,#6274,.T.);
#5215=EDGE_CURVE('',#4232,#4297,#6275,.T.);
#5216=EDGE_CURVE('',#4231,#4298,#6276,.T.);
#5217=EDGE_CURVE('',#4230,#4299,#6277,.T.);
#5218=EDGE_CURVE('',#4066,#4419,#6278,.T.);
#5219=EDGE_CURVE('',#4419,#4157,#6279,.T.);
#5220=EDGE_CURVE('',#4419,#4420,#6280,.T.);
#5221=EDGE_CURVE('',#4420,#4158,#6281,.T.);
#5222=EDGE_CURVE('',#4420,#4067,#6282,.T.);
#5223=EDGE_CURVE('',#4080,#4421,#6283,.T.);
#5224=EDGE_CURVE('',#4073,#4421,#6284,.T.);
#5225=EDGE_CURVE('',#4422,#4173,#6285,.T.);
#5226=EDGE_CURVE('',#4423,#4174,#6286,.T.);
#5227=EDGE_CURVE('',#4423,#4422,#6287,.T.);
#5228=EDGE_CURVE('',#4072,#4424,#6288,.T.);
#5229=EDGE_CURVE('',#4424,#4104,#6289,.T.);
#5230=EDGE_CURVE('',#4103,#4421,#6290,.T.);
#5231=EDGE_CURVE('',#4425,#4112,#6291,.T.);
#5232=EDGE_CURVE('',#4115,#4426,#6292,.T.);
#5233=EDGE_CURVE('',#4426,#4425,#6293,.T.);
#5234=EDGE_CURVE('',#4427,#4113,#6294,.T.);
#5235=EDGE_CURVE('',#4427,#4428,#6295,.T.);
#5236=EDGE_CURVE('',#4114,#4428,#6296,.T.);
#5237=EDGE_CURVE('',#4425,#4427,#6297,.T.);
#5238=EDGE_CURVE('',#4428,#4426,#6298,.T.);
#5239=EDGE_CURVE('',#4429,#4344,#6299,.T.);
#5240=EDGE_CURVE('',#4430,#4429,#6300,.T.);
#5241=EDGE_CURVE('',#4341,#4430,#6301,.T.);
#5242=EDGE_CURVE('',#4431,#4430,#6302,.T.);
#5243=EDGE_CURVE('',#4342,#4431,#6303,.T.);
#5244=EDGE_CURVE('',#4432,#4343,#6304,.T.);
#5245=EDGE_CURVE('',#4429,#4432,#6305,.T.);
#5246=EDGE_CURVE('',#4432,#4431,#6306,.T.);
#5247=EDGE_CURVE('',#4433,#4350,#6307,.T.);
#5248=EDGE_CURVE('',#4064,#4433,#6308,.T.);
#5249=EDGE_CURVE('',#4434,#4349,#6309,.T.);
#5250=EDGE_CURVE('',#4055,#4434,#6310,.T.);
#5251=EDGE_CURVE('',#4049,#4059,#6311,.T.);
#5252=EDGE_CURVE('',#4433,#4053,#6312,.T.);
#5253=EDGE_CURVE('',#4434,#4062,#6313,.T.);
#5254=EDGE_CURVE('',#4435,#4047,#6314,.T.);
#5255=EDGE_CURVE('',#4345,#4435,#6315,.T.);
#5256=EDGE_CURVE('',#4044,#4435,#6316,.T.);
#5257=EDGE_CURVE('',#4436,#4043,#6317,.T.);
#5258=EDGE_CURVE('',#4437,#4436,#6318,.T.);
#5259=EDGE_CURVE('',#4346,#4437,#6319,.T.);
#5260=EDGE_CURVE('',#4042,#4437,#6320,.T.);
#5261=EDGE_CURVE('',#4438,#4101,#6321,.T.);
#5262=EDGE_CURVE('',#4107,#4088,#6322,.T.);
#5263=EDGE_CURVE('',#4439,#4106,#6323,.T.);
#5264=EDGE_CURVE('',#4439,#4438,#6324,.T.);
#5265=EDGE_CURVE('',#4440,#4105,#6325,.T.);
#5266=EDGE_CURVE('',#4440,#4439,#6326,.T.);
#5267=EDGE_CURVE('',#4441,#4102,#6327,.T.);
#5268=EDGE_CURVE('',#4441,#4440,#6328,.T.);
#5269=EDGE_CURVE('',#4438,#4441,#6329,.T.);
#5270=EDGE_CURVE('',#4442,#4443,#6330,.T.);
#5271=EDGE_CURVE('',#4443,#4423,#6331,.T.);
#5272=EDGE_CURVE('',#4093,#4442,#6332,.T.);
#5273=EDGE_CURVE('',#4444,#4445,#6333,.T.);
#5274=EDGE_CURVE('',#4444,#4443,#6334,.T.);
#5275=EDGE_CURVE('',#4442,#4445,#6335,.T.);
#5276=EDGE_CURVE('',#4422,#4444,#6336,.T.);
#5277=EDGE_CURVE('',#4445,#4092,#6337,.T.);
#5278=EDGE_CURVE('',#4446,#4447,#6338,.T.);
#5279=EDGE_CURVE('',#4446,#4448,#6339,.T.);
#5280=EDGE_CURVE('',#4449,#4448,#6340,.T.);
#5281=EDGE_CURVE('',#4447,#4449,#6341,.T.);
#5282=EDGE_CURVE('',#4448,#4086,#6342,.T.);
#5283=EDGE_CURVE('',#4176,#4449,#6343,.T.);
#5284=EDGE_CURVE('',#4087,#4446,#6344,.T.);
#5285=EDGE_CURVE('',#4175,#4447,#6345,.T.);
#5286=EDGE_CURVE('',#4450,#4207,#6346,.T.);
#5287=EDGE_CURVE('',#4451,#4450,#6347,.T.);
#5288=EDGE_CURVE('',#4451,#4206,#6348,.T.);
#5289=EDGE_CURVE('',#4452,#4228,#6349,.T.);
#5290=EDGE_CURVE('',#4450,#4452,#145,.T.);
#5291=EDGE_CURVE('',#4453,#4227,#6350,.T.);
#5292=EDGE_CURVE('',#4453,#4452,#6351,.T.);
#5293=EDGE_CURVE('',#4454,#4226,#6352,.T.);
#5294=EDGE_CURVE('',#4454,#4453,#6353,.T.);
#5295=EDGE_CURVE('',#4455,#4225,#6354,.T.);
#5296=EDGE_CURVE('',#4454,#4455,#6355,.T.);
#5297=EDGE_CURVE('',#4456,#4224,#6356,.T.);
#5298=EDGE_CURVE('',#4456,#4455,#147,.T.);
#5299=EDGE_CURVE('',#4457,#4223,#6357,.T.);
#5300=EDGE_CURVE('',#4457,#4456,#6358,.T.);
#5301=EDGE_CURVE('',#4458,#4222,#6359,.T.);
#5302=EDGE_CURVE('',#4457,#4458,#149,.T.);
#5303=EDGE_CURVE('',#4459,#4221,#6360,.T.);
#5304=EDGE_CURVE('',#4459,#4458,#6361,.T.);
#5305=EDGE_CURVE('',#4460,#4220,#6362,.T.);
#5306=EDGE_CURVE('',#4459,#4460,#6363,.T.);
#5307=EDGE_CURVE('',#4461,#4219,#6364,.T.);
#5308=EDGE_CURVE('',#4460,#4461,#6365,.T.);
#5309=EDGE_CURVE('',#4462,#4218,#6366,.T.);
#5310=EDGE_CURVE('',#4461,#4462,#6367,.T.);
#5311=EDGE_CURVE('',#4463,#4217,#6368,.T.);
#5312=EDGE_CURVE('',#4462,#4463,#6369,.T.);
#5313=EDGE_CURVE('',#4464,#4216,#6370,.T.);
#5314=EDGE_CURVE('',#4463,#4464,#6371,.T.);
#5315=EDGE_CURVE('',#4465,#4215,#6372,.T.);
#5316=EDGE_CURVE('',#4465,#4464,#6373,.T.);
#5317=EDGE_CURVE('',#4466,#4214,#6374,.T.);
#5318=EDGE_CURVE('',#4466,#4465,#6375,.T.);
#5319=EDGE_CURVE('',#4467,#4213,#6376,.T.);
#5320=EDGE_CURVE('',#4466,#4467,#6377,.T.);
#5321=EDGE_CURVE('',#4468,#4212,#6378,.T.);
#5322=EDGE_CURVE('',#4467,#4468,#6379,.T.);
#5323=EDGE_CURVE('',#4469,#4211,#6380,.T.);
#5324=EDGE_CURVE('',#4469,#4468,#6381,.T.);
#5325=EDGE_CURVE('',#4470,#4210,#6382,.T.);
#5326=EDGE_CURVE('',#4470,#4469,#6383,.T.);
#5327=EDGE_CURVE('',#4471,#4209,#6384,.T.);
#5328=EDGE_CURVE('',#4471,#4470,#6385,.T.);
#5329=EDGE_CURVE('',#4472,#4208,#6386,.T.);
#5330=EDGE_CURVE('',#4471,#4472,#6387,.T.);
#5331=EDGE_CURVE('',#4473,#4474,#6388,.T.);
#5332=EDGE_CURVE('',#4473,#4475,#151,.T.);
#5333=EDGE_CURVE('',#4475,#4476,#6389,.T.);
#5334=EDGE_CURVE('',#4474,#4476,#152,.T.);
#5335=EDGE_CURVE('',#4477,#4478,#6390,.T.);
#5336=EDGE_CURVE('',#4473,#4477,#154,.T.);
#5337=EDGE_CURVE('',#4474,#4478,#155,.T.);
#5338=EDGE_CURVE('',#4477,#4475,#6391,.T.);
#5339=EDGE_CURVE('',#4478,#4476,#6392,.T.);
#5340=EDGE_CURVE('',#4451,#4472,#157,.T.);
#5341=EDGE_CURVE('',#4479,#4235,#6393,.T.);
#5342=EDGE_CURVE('',#4480,#4233,#6394,.T.);
#5343=EDGE_CURVE('',#4480,#4479,#6395,.T.);
#5344=EDGE_CURVE('',#4481,#4236,#6396,.T.);
#5345=EDGE_CURVE('',#4479,#4481,#6397,.T.);
#5346=EDGE_CURVE('',#4482,#4237,#6398,.T.);
#5347=EDGE_CURVE('',#4482,#4481,#6399,.T.);
#5348=EDGE_CURVE('',#4483,#4238,#6400,.T.);
#5349=EDGE_CURVE('',#4483,#4482,#6401,.T.);
#5350=EDGE_CURVE('',#4484,#4239,#6402,.T.);
#5351=EDGE_CURVE('',#4484,#4483,#6403,.T.);
#5352=EDGE_CURVE('',#4485,#4240,#6404,.T.);
#5353=EDGE_CURVE('',#4485,#4484,#6405,.T.);
#5354=EDGE_CURVE('',#4486,#4241,#6406,.T.);
#5355=EDGE_CURVE('',#4486,#4485,#6407,.T.);
#5356=EDGE_CURVE('',#4487,#4242,#6408,.T.);
#5357=EDGE_CURVE('',#4487,#4486,#6409,.T.);
#5358=EDGE_CURVE('',#4488,#4243,#6410,.T.);
#5359=EDGE_CURVE('',#4488,#4487,#6411,.T.);
#5360=EDGE_CURVE('',#4489,#4234,#6412,.T.);
#5361=EDGE_CURVE('',#4489,#4488,#6413,.T.);
#5362=EDGE_CURVE('',#4480,#4489,#6414,.T.);
#5363=EDGE_CURVE('',#4490,#4245,#6415,.T.);
#5364=EDGE_CURVE('',#4491,#4490,#6416,.T.);
#5365=EDGE_CURVE('',#4491,#4244,#6417,.T.);
#5366=EDGE_CURVE('',#4492,#4259,#6418,.T.);
#5367=EDGE_CURVE('',#4490,#4492,#6419,.T.);
#5368=EDGE_CURVE('',#4493,#4258,#6420,.T.);
#5369=EDGE_CURVE('',#4493,#4492,#6421,.T.);
#5370=EDGE_CURVE('',#4494,#4257,#6422,.T.);
#5371=EDGE_CURVE('',#4494,#4493,#6423,.T.);
#5372=EDGE_CURVE('',#4495,#4256,#6424,.T.);
#5373=EDGE_CURVE('',#4495,#4494,#6425,.T.);
#5374=EDGE_CURVE('',#4496,#4255,#6426,.T.);
#5375=EDGE_CURVE('',#4496,#4495,#6427,.T.);
#5376=EDGE_CURVE('',#4497,#4254,#6428,.T.);
#5377=EDGE_CURVE('',#4497,#4496,#6429,.T.);
#5378=EDGE_CURVE('',#4498,#4253,#6430,.T.);
#5379=EDGE_CURVE('',#4498,#4497,#6431,.T.);
#5380=EDGE_CURVE('',#4499,#4252,#6432,.T.);
#5381=EDGE_CURVE('',#4499,#4498,#6433,.T.);
#5382=EDGE_CURVE('',#4500,#4251,#6434,.T.);
#5383=EDGE_CURVE('',#4500,#4499,#6435,.T.);
#5384=EDGE_CURVE('',#4501,#4250,#6436,.T.);
#5385=EDGE_CURVE('',#4501,#4500,#6437,.T.);
#5386=EDGE_CURVE('',#4502,#4249,#6438,.T.);
#5387=EDGE_CURVE('',#4501,#4502,#6439,.T.);
#5388=EDGE_CURVE('',#4503,#4248,#6440,.T.);
#5389=EDGE_CURVE('',#4502,#4503,#6441,.T.);
#5390=EDGE_CURVE('',#4504,#4247,#6442,.T.);
#5391=EDGE_CURVE('',#4503,#4504,#6443,.T.);
#5392=EDGE_CURVE('',#4505,#4246,#6444,.T.);
#5393=EDGE_CURVE('',#4504,#4505,#6445,.T.);
#5394=EDGE_CURVE('',#4505,#4491,#6446,.T.);
#5395=EDGE_CURVE('',#4506,#4183,#6447,.T.);
#5396=EDGE_CURVE('',#4507,#4182,#6448,.T.);
#5397=EDGE_CURVE('',#4507,#4506,#6449,.T.);
#5398=EDGE_CURVE('',#4508,#4184,#6450,.T.);
#5399=EDGE_CURVE('',#4506,#4508,#6451,.T.);
#5400=EDGE_CURVE('',#4509,#4185,#6452,.T.);
#5401=EDGE_CURVE('',#4508,#4509,#6453,.T.);
#5402=EDGE_CURVE('',#4510,#4186,#6454,.T.);
#5403=EDGE_CURVE('',#4509,#4510,#6455,.T.);
#5404=EDGE_CURVE('',#4511,#4187,#6456,.T.);
#5405=EDGE_CURVE('',#4510,#4511,#6457,.T.);
#5406=EDGE_CURVE('',#4512,#4188,#6458,.T.);
#5407=EDGE_CURVE('',#4511,#4512,#6459,.T.);
#5408=EDGE_CURVE('',#4513,#4189,#6460,.T.);
#5409=EDGE_CURVE('',#4512,#4513,#6461,.T.);
#5410=EDGE_CURVE('',#4514,#4190,#6462,.T.);
#5411=EDGE_CURVE('',#4513,#4514,#6463,.T.);
#5412=EDGE_CURVE('',#4515,#4191,#6464,.T.);
#5413=EDGE_CURVE('',#4514,#4515,#6465,.T.);
#5414=EDGE_CURVE('',#4516,#4192,#6466,.T.);
#5415=EDGE_CURVE('',#4516,#4515,#6467,.T.);
#5416=EDGE_CURVE('',#4517,#4193,#6468,.T.);
#5417=EDGE_CURVE('',#4517,#4516,#6469,.T.);
#5418=EDGE_CURVE('',#4518,#4194,#6470,.T.);
#5419=EDGE_CURVE('',#4518,#4517,#6471,.T.);
#5420=EDGE_CURVE('',#4519,#4195,#6472,.T.);
#5421=EDGE_CURVE('',#4519,#4518,#6473,.T.);
#5422=EDGE_CURVE('',#4520,#4196,#6474,.T.);
#5423=EDGE_CURVE('',#4520,#4519,#6475,.T.);
#5424=EDGE_CURVE('',#4521,#4197,#6476,.T.);
#5425=EDGE_CURVE('',#4521,#4520,#6477,.T.);
#5426=EDGE_CURVE('',#4522,#4198,#6478,.T.);
#5427=EDGE_CURVE('',#4521,#4522,#6479,.T.);
#5428=EDGE_CURVE('',#4523,#4199,#6480,.T.);
#5429=EDGE_CURVE('',#4523,#4522,#6481,.T.);
#5430=EDGE_CURVE('',#4524,#4200,#6482,.T.);
#5431=EDGE_CURVE('',#4524,#4523,#6483,.T.);
#5432=EDGE_CURVE('',#4525,#4201,#6484,.T.);
#5433=EDGE_CURVE('',#4525,#4524,#6485,.T.);
#5434=EDGE_CURVE('',#4526,#4202,#6486,.T.);
#5435=EDGE_CURVE('',#4526,#4525,#6487,.T.);
#5436=EDGE_CURVE('',#4527,#4203,#6488,.T.);
#5437=EDGE_CURVE('',#4527,#4526,#6489,.T.);
#5438=EDGE_CURVE('',#4528,#4204,#6490,.T.);
#5439=EDGE_CURVE('',#4528,#4527,#6491,.T.);
#5440=EDGE_CURVE('',#4529,#4205,#6492,.T.);
#5441=EDGE_CURVE('',#4529,#4528,#6493,.T.);
#5442=EDGE_CURVE('',#4530,#4181,#6494,.T.);
#5443=EDGE_CURVE('',#4529,#4530,#6495,.T.);
#5444=EDGE_CURVE('',#4530,#4507,#6496,.T.);
#5445=EDGE_CURVE('',#4531,#4152,#6497,.T.);
#5446=EDGE_CURVE('',#4532,#4151,#6498,.T.);
#5447=EDGE_CURVE('',#4532,#4531,#6499,.T.);
#5448=EDGE_CURVE('',#4533,#4153,#6500,.T.);
#5449=EDGE_CURVE('',#4533,#4531,#6501,.T.);
#5450=EDGE_CURVE('',#4534,#4154,#6502,.T.);
#5451=EDGE_CURVE('',#4534,#4533,#6503,.T.);
#5452=EDGE_CURVE('',#4535,#4155,#6504,.T.);
#5453=EDGE_CURVE('',#4535,#4534,#6505,.T.);
#5454=EDGE_CURVE('',#4536,#4156,#6506,.T.);
#5455=EDGE_CURVE('',#4535,#4536,#6507,.T.);
#5456=EDGE_CURVE('',#4536,#4532,#6508,.T.);
#5457=EDGE_CURVE('',#4537,#4144,#6509,.T.);
#5458=EDGE_CURVE('',#4538,#4143,#6510,.T.);
#5459=EDGE_CURVE('',#4538,#4537,#6511,.T.);
#5460=EDGE_CURVE('',#4539,#4145,#6512,.T.);
#5461=EDGE_CURVE('',#4537,#4539,#6513,.T.);
#5462=EDGE_CURVE('',#4540,#4146,#6514,.T.);
#5463=EDGE_CURVE('',#4539,#4540,#6515,.T.);
#5464=EDGE_CURVE('',#4541,#4147,#6516,.T.);
#5465=EDGE_CURVE('',#4540,#4541,#6517,.T.);
#5466=EDGE_CURVE('',#4542,#4148,#6518,.T.);
#5467=EDGE_CURVE('',#4541,#4542,#6519,.T.);
#5468=EDGE_CURVE('',#4543,#4149,#6520,.T.);
#5469=EDGE_CURVE('',#4542,#4543,#6521,.T.);
#5470=EDGE_CURVE('',#4544,#4150,#6522,.T.);
#5471=EDGE_CURVE('',#4544,#4543,#6523,.T.);
#5472=EDGE_CURVE('',#4545,#4546,#6524,.T.);
#5473=EDGE_CURVE('',#4546,#4547,#6525,.T.);
#5474=EDGE_CURVE('',#4548,#4547,#6526,.T.);
#5475=EDGE_CURVE('',#4545,#4548,#6527,.T.);
#5476=EDGE_CURVE('',#4549,#4550,#6528,.T.);
#5477=EDGE_CURVE('',#4550,#4546,#6529,.T.);
#5478=EDGE_CURVE('',#4549,#4545,#6530,.T.);
#5479=EDGE_CURVE('',#4551,#4552,#6531,.T.);
#5480=EDGE_CURVE('',#4552,#4550,#6532,.T.);
#5481=EDGE_CURVE('',#4551,#4549,#6533,.T.);
#5482=EDGE_CURVE('',#4553,#4554,#6534,.T.);
#5483=EDGE_CURVE('',#4554,#4552,#6535,.T.);
#5484=EDGE_CURVE('',#4553,#4551,#6536,.T.);
#5485=EDGE_CURVE('',#4555,#4556,#6537,.T.);
#5486=EDGE_CURVE('',#4556,#4554,#6538,.T.);
#5487=EDGE_CURVE('',#4555,#4553,#6539,.T.);
#5488=EDGE_CURVE('',#4548,#4555,#6540,.T.);
#5489=EDGE_CURVE('',#4547,#4556,#6541,.T.);
#5490=EDGE_CURVE('',#4538,#4544,#6542,.T.);
#5491=EDGE_CURVE('',#4557,#4136,#6543,.T.);
#5492=EDGE_CURVE('',#4558,#4557,#6544,.T.);
#5493=EDGE_CURVE('',#4558,#4138,#6545,.T.);
#5494=EDGE_CURVE('',#4559,#4137,#6546,.T.);
#5495=EDGE_CURVE('',#4557,#4559,#6547,.T.);
#5496=EDGE_CURVE('',#4560,#4142,#6548,.T.);
#5497=EDGE_CURVE('',#4559,#4560,#6549,.T.);
#5498=EDGE_CURVE('',#4561,#4141,#6550,.T.);
#5499=EDGE_CURVE('',#4561,#4560,#6551,.T.);
#5500=EDGE_CURVE('',#4562,#4140,#6552,.T.);
#5501=EDGE_CURVE('',#4561,#4562,#6553,.T.);
#5502=EDGE_CURVE('',#4563,#4139,#6554,.T.);
#5503=EDGE_CURVE('',#4563,#4562,#6555,.T.);
#5504=EDGE_CURVE('',#4564,#4565,#6556,.T.);
#5505=EDGE_CURVE('',#4564,#4566,#6557,.T.);
#5506=EDGE_CURVE('',#4566,#4567,#6558,.T.);
#5507=EDGE_CURVE('',#4565,#4567,#6559,.T.);
#5508=EDGE_CURVE('',#4568,#4569,#6560,.T.);
#5509=EDGE_CURVE('',#4568,#4564,#6561,.T.);
#5510=EDGE_CURVE('',#4569,#4565,#6562,.T.);
#5511=EDGE_CURVE('',#4566,#4568,#6563,.T.);
#5512=EDGE_CURVE('',#4567,#4569,#6564,.T.);
#5513=EDGE_CURVE('',#4563,#4558,#6565,.T.);
#5514=EDGE_CURVE('',#4570,#4167,#6566,.T.);
#5515=EDGE_CURVE('',#4571,#4570,#6567,.T.);
#5516=EDGE_CURVE('',#4571,#4169,#6568,.T.);
#5517=EDGE_CURVE('',#4572,#4168,#6569,.T.);
#5518=EDGE_CURVE('',#4570,#4572,#6570,.T.);
#5519=EDGE_CURVE('',#4573,#4172,#6571,.T.);
#5520=EDGE_CURVE('',#4572,#4573,#6572,.T.);
#5521=EDGE_CURVE('',#4574,#4171,#6573,.T.);
#5522=EDGE_CURVE('',#4574,#4573,#6574,.T.);
#5523=EDGE_CURVE('',#4575,#4170,#6575,.T.);
#5524=EDGE_CURVE('',#4575,#4574,#6576,.T.);
#5525=EDGE_CURVE('',#4571,#4575,#6577,.T.);
#5526=EDGE_CURVE('',#4321,#4116,#6578,.T.);
#5527=EDGE_CURVE('',#4135,#4326,#6579,.T.);
#5528=EDGE_CURVE('',#4320,#4290,#6580,.T.);
#5529=EDGE_CURVE('',#4319,#4291,#6581,.T.);
#5530=EDGE_CURVE('',#4077,#4576,#6582,.T.);
#5531=EDGE_CURVE('',#4099,#4576,#6583,.T.);
#5532=EDGE_CURVE('',#4177,#4577,#6584,.T.);
#5533=EDGE_CURVE('',#4578,#4178,#6585,.T.);
#5534=EDGE_CURVE('',#4577,#4578,#6586,.T.);
#5535=EDGE_CURVE('',#4180,#4579,#6587,.T.);
#5536=EDGE_CURVE('',#4580,#4179,#6588,.T.);
#5537=EDGE_CURVE('',#4579,#4580,#6589,.T.);
#5538=EDGE_CURVE('',#4581,#4577,#1833,.T.);
#5539=EDGE_CURVE('',#4582,#4581,#6590,.T.);
#5540=EDGE_CURVE('',#4582,#4583,#1834,.T.);
#5541=EDGE_CURVE('',#4584,#4583,#6591,.T.);
#5542=EDGE_CURVE('',#4585,#4584,#1835,.T.);
#5543=EDGE_CURVE('',#4586,#4585,#6592,.T.);
#5544=EDGE_CURVE('',#4586,#4587,#6593,.T.);
#5545=EDGE_CURVE('',#4587,#4588,#6594,.T.);
#5546=EDGE_CURVE('',#4588,#4589,#1836,.T.);
#5547=EDGE_CURVE('',#4589,#4590,#6595,.T.);
#5548=EDGE_CURVE('',#4591,#4590,#1837,.T.);
#5549=EDGE_CURVE('',#4591,#4592,#6596,.T.);
#5550=EDGE_CURVE('',#4592,#4580,#1838,.T.);
#5551=EDGE_CURVE('',#4579,#4593,#1839,.T.);
#5552=EDGE_CURVE('',#4594,#4593,#6597,.T.);
#5553=EDGE_CURVE('',#4595,#4594,#1840,.T.);
#5554=EDGE_CURVE('',#4596,#4595,#6598,.T.);
#5555=EDGE_CURVE('',#4596,#4597,#1841,.T.);
#5556=EDGE_CURVE('',#4598,#4597,#6599,.T.);
#5557=EDGE_CURVE('',#4598,#4599,#6600,.T.);
#5558=EDGE_CURVE('',#4599,#4600,#6601,.T.);
#5559=EDGE_CURVE('',#4601,#4600,#1842,.T.);
#5560=EDGE_CURVE('',#4601,#4602,#6602,.T.);
#5561=EDGE_CURVE('',#4602,#4603,#1843,.T.);
#5562=EDGE_CURVE('',#4603,#4604,#6603,.T.);
#5563=EDGE_CURVE('',#4578,#4604,#1844,.T.);
#5564=EDGE_CURVE('',#4581,#4604,#6604,.T.);
#5565=EDGE_CURVE('',#4592,#4593,#6605,.T.);
#5566=EDGE_CURVE('',#4591,#4594,#6606,.T.);
#5567=EDGE_CURVE('',#4603,#4582,#6607,.T.);
#5568=EDGE_CURVE('',#4590,#4595,#6608,.T.);
#5569=EDGE_CURVE('',#4583,#4602,#6609,.T.);
#5570=EDGE_CURVE('',#4589,#4596,#6610,.T.);
#5571=EDGE_CURVE('',#4601,#4584,#6611,.T.);
#5572=EDGE_CURVE('',#4600,#4585,#6612,.T.);
#5573=EDGE_CURVE('',#4597,#4588,#6613,.T.);
#5574=EDGE_CURVE('',#4587,#4598,#6614,.T.);
#5575=EDGE_CURVE('',#4599,#4586,#6615,.T.);
#5576=EDGE_CURVE('',#4605,#4606,#6616,.T.);
#5577=EDGE_CURVE('',#4606,#4607,#6617,.T.);
#5578=EDGE_CURVE('',#4607,#4608,#6618,.T.);
#5579=EDGE_CURVE('',#4608,#4605,#6619,.T.);
#5580=EDGE_CURVE('',#4599,#4606,#6620,.T.);
#5581=EDGE_CURVE('',#4605,#4586,#6621,.T.);
#5582=EDGE_CURVE('',#4607,#4598,#6622,.T.);
#5583=EDGE_CURVE('',#4587,#4608,#6623,.T.);
#5584=EDGE_CURVE('',#4609,#4576,#6624,.T.);
#5585=EDGE_CURVE('',#4260,#4609,#6625,.T.);
#5586=EDGE_CURVE('',#4609,#4075,#6626,.T.);
#5587=EDGE_CURVE('',#4610,#4424,#6627,.T.);
#5588=EDGE_CURVE('',#4610,#4083,#6628,.T.);
#5589=EDGE_CURVE('',#4070,#4610,#6629,.T.);
#5590=EDGE_CURVE('',#4611,#4108,#6630,.T.);
#5591=EDGE_CURVE('',#4109,#4612,#6631,.T.);
#5592=EDGE_CURVE('',#4612,#4611,#6632,.T.);
#5593=EDGE_CURVE('',#4613,#4111,#6633,.T.);
#5594=EDGE_CURVE('',#4110,#4614,#6634,.T.);
#5595=EDGE_CURVE('',#4614,#4613,#6635,.T.);
#5596=EDGE_CURVE('',#4615,#4613,#1845,.T.);
#5597=EDGE_CURVE('',#4616,#4615,#6636,.T.);
#5598=EDGE_CURVE('',#4616,#4617,#1846,.T.);
#5599=EDGE_CURVE('',#4618,#4617,#6637,.T.);
#5600=EDGE_CURVE('',#4619,#4618,#1847,.T.);
#5601=EDGE_CURVE('',#4620,#4619,#6638,.T.);
#5602=EDGE_CURVE('',#4621,#4620,#6639,.T.);
#5603=EDGE_CURVE('',#4621,#4622,#6640,.T.);
#5604=EDGE_CURVE('',#4622,#4623,#1848,.T.);
#5605=EDGE_CURVE('',#4623,#4624,#6641,.T.);
#5606=EDGE_CURVE('',#4625,#4624,#1849,.T.);
#5607=EDGE_CURVE('',#4625,#4626,#6642,.T.);
#5608=EDGE_CURVE('',#4626,#4612,#1850,.T.);
#5609=EDGE_CURVE('',#4611,#4627,#1851,.T.);
#5610=EDGE_CURVE('',#4628,#4627,#6643,.T.);
#5611=EDGE_CURVE('',#4629,#4628,#1852,.T.);
#5612=EDGE_CURVE('',#4630,#4629,#6644,.T.);
#5613=EDGE_CURVE('',#4630,#4631,#1853,.T.);
#5614=EDGE_CURVE('',#4632,#4631,#6645,.T.);
#5615=EDGE_CURVE('',#4633,#4632,#6646,.T.);
#5616=EDGE_CURVE('',#4633,#4634,#6647,.T.);
#5617=EDGE_CURVE('',#4635,#4634,#1854,.T.);
#5618=EDGE_CURVE('',#4635,#4636,#6648,.T.);
#5619=EDGE_CURVE('',#4636,#4637,#1855,.T.);
#5620=EDGE_CURVE('',#4637,#4638,#6649,.T.);
#5621=EDGE_CURVE('',#4614,#4638,#1856,.T.);
#5622=EDGE_CURVE('',#4626,#4627,#6650,.T.);
#5623=EDGE_CURVE('',#4615,#4638,#6651,.T.);
#5624=EDGE_CURVE('',#4616,#4637,#6652,.T.);
#5625=EDGE_CURVE('',#4628,#4625,#6653,.T.);
#5626=EDGE_CURVE('',#4617,#4636,#6654,.T.);
#5627=EDGE_CURVE('',#4624,#4629,#6655,.T.);
#5628=EDGE_CURVE('',#4618,#4635,#6656,.T.);
#5629=EDGE_CURVE('',#4630,#4623,#6657,.T.);
#5630=EDGE_CURVE('',#4631,#4622,#6658,.T.);
#5631=EDGE_CURVE('',#4634,#4619,#6659,.T.);
#5632=EDGE_CURVE('',#4620,#4633,#6660,.T.);
#5633=EDGE_CURVE('',#4632,#4621,#6661,.T.);
#5634=EDGE_CURVE('',#4639,#4640,#6662,.T.);
#5635=EDGE_CURVE('',#4641,#4639,#6663,.T.);
#5636=EDGE_CURVE('',#4642,#4641,#6664,.T.);
#5637=EDGE_CURVE('',#4640,#4642,#6665,.T.);
#5638=EDGE_CURVE('',#4639,#4621,#6666,.T.);
#5639=EDGE_CURVE('',#4632,#4640,#6667,.T.);
#5640=EDGE_CURVE('',#4620,#4641,#6668,.T.);
#5641=EDGE_CURVE('',#4642,#4633,#6669,.T.);
#5642=EDGE_CURVE('',#4094,#4643,#6670,.T.);
#5643=EDGE_CURVE('',#4644,#4095,#6671,.T.);
#5644=EDGE_CURVE('',#4643,#4644,#6672,.T.);
#5645=EDGE_CURVE('',#4097,#4645,#6673,.T.);
#5646=EDGE_CURVE('',#4646,#4096,#6674,.T.);
#5647=EDGE_CURVE('',#4645,#4646,#6675,.T.);
#5648=EDGE_CURVE('',#4647,#4643,#1857,.T.);
#5649=EDGE_CURVE('',#4648,#4647,#6676,.T.);
#5650=EDGE_CURVE('',#4648,#4649,#1858,.T.);
#5651=EDGE_CURVE('',#4650,#4649,#6677,.T.);
#5652=EDGE_CURVE('',#4651,#4650,#1859,.T.);
#5653=EDGE_CURVE('',#4652,#4651,#6678,.T.);
#5654=EDGE_CURVE('',#4652,#4653,#6679,.T.);
#5655=EDGE_CURVE('',#4653,#4654,#6680,.T.);
#5656=EDGE_CURVE('',#4654,#4655,#1860,.T.);
#5657=EDGE_CURVE('',#4655,#4656,#6681,.T.);
#5658=EDGE_CURVE('',#4657,#4656,#1861,.T.);
#5659=EDGE_CURVE('',#4657,#4658,#6682,.T.);
#5660=EDGE_CURVE('',#4658,#4646,#1862,.T.);
#5661=EDGE_CURVE('',#4645,#4659,#1863,.T.);
#5662=EDGE_CURVE('',#4660,#4659,#6683,.T.);
#5663=EDGE_CURVE('',#4661,#4660,#1864,.T.);
#5664=EDGE_CURVE('',#4662,#4661,#6684,.T.);
#5665=EDGE_CURVE('',#4662,#4663,#1865,.T.);
#5666=EDGE_CURVE('',#4664,#4663,#6685,.T.);
#5667=EDGE_CURVE('',#4664,#4665,#6686,.T.);
#5668=EDGE_CURVE('',#4665,#4666,#6687,.T.);
#5669=EDGE_CURVE('',#4667,#4666,#1866,.T.);
#5670=EDGE_CURVE('',#4667,#4668,#6688,.T.);
#5671=EDGE_CURVE('',#4668,#4669,#1867,.T.);
#5672=EDGE_CURVE('',#4669,#4670,#6689,.T.);
#5673=EDGE_CURVE('',#4644,#4670,#1868,.T.);
#5674=EDGE_CURVE('',#4647,#4670,#6690,.T.);
#5675=EDGE_CURVE('',#4658,#4659,#6691,.T.);
#5676=EDGE_CURVE('',#4657,#4660,#6692,.T.);
#5677=EDGE_CURVE('',#4669,#4648,#6693,.T.);
#5678=EDGE_CURVE('',#4656,#4661,#6694,.T.);
#5679=EDGE_CURVE('',#4649,#4668,#6695,.T.);
#5680=EDGE_CURVE('',#4655,#4662,#6696,.T.);
#5681=EDGE_CURVE('',#4667,#4650,#6697,.T.);
#5682=EDGE_CURVE('',#4666,#4651,#6698,.T.);
#5683=EDGE_CURVE('',#4663,#4654,#6699,.T.);
#5684=EDGE_CURVE('',#4653,#4664,#6700,.T.);
#5685=EDGE_CURVE('',#4665,#4652,#6701,.T.);
#5686=EDGE_CURVE('',#4671,#4672,#6702,.T.);
#5687=EDGE_CURVE('',#4672,#4673,#6703,.T.);
#5688=EDGE_CURVE('',#4673,#4674,#6704,.T.);
#5689=EDGE_CURVE('',#4674,#4671,#6705,.T.);
#5690=EDGE_CURVE('',#4665,#4672,#6706,.T.);
#5691=EDGE_CURVE('',#4671,#4652,#6707,.T.);
#5692=EDGE_CURVE('',#4673,#4664,#6708,.T.);
#5693=EDGE_CURVE('',#4653,#4674,#6709,.T.);
#5694=EDGE_CURVE('',#4050,#4404,#6710,.T.);
#5695=EDGE_CURVE('',#4405,#4048,#6711,.T.);
#5696=EDGE_CURVE('',#4403,#4051,#6712,.T.);
#5697=EDGE_CURVE('',#4052,#4402,#6713,.T.);
#5698=EDGE_CURVE('',#4675,#4433,#6714,.T.);
#5699=EDGE_CURVE('',#4676,#4053,#6715,.T.);
#5700=EDGE_CURVE('',#4676,#4677,#1869,.T.);
#5701=EDGE_CURVE('',#4677,#4675,#6716,.T.);
#5702=EDGE_CURVE('',#4401,#4676,#6717,.T.);
#5703=EDGE_CURVE('',#4677,#4400,#6718,.T.);
#5704=EDGE_CURVE('',#4675,#4063,#6719,.T.);
#5705=EDGE_CURVE('',#4055,#4678,#6720,.T.);
#5706=EDGE_CURVE('',#4679,#4434,#6721,.T.);
#5707=EDGE_CURVE('',#4679,#4680,#6722,.T.);
#5708=EDGE_CURVE('',#4680,#4678,#1870,.T.);
#5709=EDGE_CURVE('',#4060,#4679,#6723,.T.);
#5710=EDGE_CURVE('',#4399,#4680,#6724,.T.);
#5711=EDGE_CURVE('',#4678,#4397,#6725,.T.);
#5712=EDGE_CURVE('',#4398,#4054,#6726,.T.);
#5713=EDGE_CURVE('',#4056,#4410,#6727,.T.);
#5714=EDGE_CURVE('',#4409,#4057,#6728,.T.);
#5715=EDGE_CURVE('',#4058,#4408,#6729,.T.);
#5716=EDGE_CURVE('',#4407,#4059,#6730,.T.);
#5717=EDGE_CURVE('',#4049,#4406,#6731,.T.);
#5718=EDGE_CURVE('',#4681,#4682,#6732,.T.);
#5719=EDGE_CURVE('',#4683,#4682,#6733,.T.);
#5720=EDGE_CURVE('',#4683,#4684,#6734,.T.);
#5721=EDGE_CURVE('',#4681,#4684,#6735,.T.);
#5722=EDGE_CURVE('',#4685,#4686,#6736,.T.);
#5723=EDGE_CURVE('',#4684,#4686,#6737,.T.);
#5724=EDGE_CURVE('',#4685,#4683,#6738,.T.);
#5725=EDGE_CURVE('',#4687,#4688,#6739,.T.);
#5726=EDGE_CURVE('',#4682,#4688,#6740,.T.);
#5727=EDGE_CURVE('',#4687,#4681,#6741,.T.);
#5728=EDGE_CURVE('',#4688,#4685,#6742,.T.);
#5729=EDGE_CURVE('',#4686,#4687,#6743,.T.);
#5730=EDGE_CURVE('',#4166,#4686,#6744,.T.);
#5731=EDGE_CURVE('',#4165,#4684,#6745,.T.);
#5732=EDGE_CURVE('',#4164,#4681,#6746,.T.);
#5733=EDGE_CURVE('',#4163,#4687,#6747,.T.);
#5734=EDGE_CURVE('',#4040,#4436,#6748,.T.);
#5735=EDGE_CURVE('',#4037,#4689,#6749,.T.);
#5736=EDGE_CURVE('',#4689,#4043,#6750,.T.);
#5737=EDGE_CURVE('',#4690,#4436,#6751,.T.);
#5738=EDGE_CURVE('',#4690,#4039,#6752,.T.);
#5739=EDGE_CURVE('',#4689,#4691,#1871,.T.);
#5740=EDGE_CURVE('',#4691,#4690,#6753,.T.);
#5741=EDGE_CURVE('',#4691,#4036,#6754,.T.);
#5742=EDGE_CURVE('',#4692,#4435,#6755,.T.);
#5743=EDGE_CURVE('',#4045,#4692,#6756,.T.);
#5744=EDGE_CURVE('',#4044,#4693,#6757,.T.);
#5745=EDGE_CURVE('',#4693,#4033,#6758,.T.);
#5746=EDGE_CURVE('',#4692,#4694,#6759,.T.);
#5747=EDGE_CURVE('',#4694,#4693,#1872,.T.);
#5748=EDGE_CURVE('',#4035,#4694,#6760,.T.);
#5749=EDGE_CURVE('',#4159,#4695,#6761,.T.);
#5750=EDGE_CURVE('',#4162,#4696,#6762,.T.);
#5751=EDGE_CURVE('',#4696,#4695,#6763,.T.);
#5752=EDGE_CURVE('',#4161,#4697,#6764,.T.);
#5753=EDGE_CURVE('',#4160,#4698,#6765,.T.);
#5754=EDGE_CURVE('',#4698,#4697,#6766,.T.);
#5755=EDGE_CURVE('',#4699,#4700,#6767,.T.);
#5756=EDGE_CURVE('',#4700,#4701,#6768,.T.);
#5757=EDGE_CURVE('',#4701,#4702,#6769,.T.);
#5758=EDGE_CURVE('',#4702,#4699,#6770,.T.);
#5759=EDGE_CURVE('',#4695,#4698,#6771,.T.);
#5760=EDGE_CURVE('',#4697,#4696,#6772,.T.);
#5761=EDGE_CURVE('',#4699,#4696,#6773,.T.);
#5762=EDGE_CURVE('',#4695,#4702,#6774,.T.);
#5763=EDGE_CURVE('',#4698,#4701,#6775,.T.);
#5764=EDGE_CURVE('',#4700,#4697,#6776,.T.);
#5765=EDGE_CURVE('',#4703,#4704,#6777,.T.);
#5766=EDGE_CURVE('',#4704,#4705,#6778,.T.);
#5767=EDGE_CURVE('',#4706,#4705,#6779,.T.);
#5768=EDGE_CURVE('',#4706,#4703,#6780,.T.);
#5769=EDGE_CURVE('',#4707,#4706,#1873,.T.);
#5770=EDGE_CURVE('',#4708,#4707,#6781,.T.);
#5771=EDGE_CURVE('',#4703,#4708,#1874,.T.);
#5772=EDGE_CURVE('',#4709,#4707,#6782,.T.);
#5773=EDGE_CURVE('',#4709,#4710,#6783,.T.);
#5774=EDGE_CURVE('',#4708,#4710,#6784,.T.);
#5775=EDGE_CURVE('',#4705,#4709,#6785,.T.);
#5776=EDGE_CURVE('',#4710,#4704,#6786,.T.);
#5777=EDGE_CURVE('',#4711,#4712,#6787,.T.);
#5778=EDGE_CURVE('',#4711,#4713,#6788,.T.);
#5779=EDGE_CURVE('',#4713,#4714,#6789,.T.);
#5780=EDGE_CURVE('',#4712,#4714,#6790,.T.);
#5781=EDGE_CURVE('',#4715,#4712,#6791,.T.);
#5782=EDGE_CURVE('',#4715,#4711,#1875,.T.);
#5783=EDGE_CURVE('',#4713,#4716,#1876,.T.);
#5784=EDGE_CURVE('',#4714,#4716,#6792,.T.);
#5785=EDGE_CURVE('',#4716,#4715,#6793,.T.);
#5786=EDGE_CURVE('',#4717,#4718,#6794,.T.);
#5787=EDGE_CURVE('',#4717,#4719,#6795,.T.);
#5788=EDGE_CURVE('',#4719,#4720,#6796,.T.);
#5789=EDGE_CURVE('',#4718,#4720,#6797,.T.);
#5790=EDGE_CURVE('',#4719,#4721,#1877,.T.);
#5791=EDGE_CURVE('',#4720,#4721,#6798,.T.);
#5792=EDGE_CURVE('',#4722,#4718,#6799,.T.);
#5793=EDGE_CURVE('',#4722,#4717,#1878,.T.);
#5794=EDGE_CURVE('',#4721,#4722,#6800,.T.);
#5795=EDGE_CURVE('',#4723,#4724,#6801,.T.);
#5796=EDGE_CURVE('',#4724,#4725,#6802,.T.);
#5797=EDGE_CURVE('',#4726,#4725,#6803,.T.);
#5798=EDGE_CURVE('',#4726,#4723,#6804,.T.);
#5799=EDGE_CURVE('',#4727,#4728,#6805,.T.);
#5800=EDGE_CURVE('',#4727,#4729,#6806,.T.);
#5801=EDGE_CURVE('',#4730,#4729,#6807,.T.);
#5802=EDGE_CURVE('',#4730,#4728,#6808,.T.);
#5803=EDGE_CURVE('',#4728,#4726,#1879,.T.);
#5804=EDGE_CURVE('',#4723,#4730,#1880,.T.);
#5805=EDGE_CURVE('',#4725,#4727,#6809,.T.);
#5806=EDGE_CURVE('',#4729,#4724,#6810,.T.);
#5807=LINE('',#10230,#6811);
#5808=LINE('',#10235,#6812);
#5809=LINE('',#10239,#6813);
#5810=LINE('',#10241,#6814);
#5811=LINE('',#10243,#6815);
#5812=LINE('',#10246,#6816);
#5813=LINE('',#10248,#6817);
#5814=LINE('',#10250,#6818);
#5815=LINE('',#10252,#6819);
#5816=LINE('',#10255,#6820);
#5817=LINE('',#10256,#6821);
#5818=LINE('',#10258,#6822);
#5819=LINE('',#10261,#6823);
#5820=LINE('',#10263,#6824);
#5821=LINE('',#10265,#6825);
#5822=LINE('',#10270,#6826);
#5823=LINE('',#10274,#6827);
#5824=LINE('',#10276,#6828);
#5825=LINE('',#10278,#6829);
#5826=LINE('',#10283,#6830);
#5827=LINE('',#10287,#6831);
#5828=LINE('',#10289,#6832);
#5829=LINE('',#10291,#6833);
#5830=LINE('',#10294,#6834);
#5831=LINE('',#10296,#6835);
#5832=LINE('',#10298,#6836);
#5833=LINE('',#10301,#6837);
#5834=LINE('',#10303,#6838);
#5835=LINE('',#10305,#6839);
#5836=LINE('',#10308,#6840);
#5837=LINE('',#10310,#6841);
#5838=LINE('',#10312,#6842);
#5839=LINE('',#10314,#6843);
#5840=LINE('',#10317,#6844);
#5841=LINE('',#10319,#6845);
#5842=LINE('',#10321,#6846);
#5843=LINE('',#10323,#6847);
#5844=LINE('',#10325,#6848);
#5845=LINE('',#10328,#6849);
#5846=LINE('',#10330,#6850);
#5847=LINE('',#10332,#6851);
#5848=LINE('',#10334,#6852);
#5849=LINE('',#10336,#6853);
#5850=LINE('',#10339,#6854);
#5851=LINE('',#10341,#6855);
#5852=LINE('',#10343,#6856);
#5853=LINE('',#10344,#6857);
#5854=LINE('',#10346,#6858);
#5855=LINE('',#10349,#6859);
#5856=LINE('',#10351,#6860);
#5857=LINE('',#10353,#6861);
#5858=LINE('',#10355,#6862);
#5859=LINE('',#10357,#6863);
#5860=LINE('',#10359,#6864);
#5861=LINE('',#10361,#6865);
#5862=LINE('',#10364,#6866);
#5863=LINE('',#10366,#6867);
#5864=LINE('',#10368,#6868);
#5865=LINE('',#10370,#6869);
#5866=LINE('',#10373,#6870);
#5867=LINE('',#10375,#6871);
#5868=LINE('',#10377,#6872);
#5869=LINE('',#10378,#6873);
#5870=LINE('',#10381,#6874);
#5871=LINE('',#10383,#6875);
#5872=LINE('',#10385,#6876);
#5873=LINE('',#10387,#6877);
#5874=LINE('',#10389,#6878);
#5875=LINE('',#10391,#6879);
#5876=LINE('',#10392,#6880);
#5877=LINE('',#10394,#6881);
#5878=LINE('',#10396,#6882);
#5879=LINE('',#10398,#6883);
#5880=LINE('',#10399,#6884);
#5881=LINE('',#10402,#6885);
#5882=LINE('',#10404,#6886);
#5883=LINE('',#10406,#6887);
#5884=LINE('',#10407,#6888);
#5885=LINE('',#10410,#6889);
#5886=LINE('',#10412,#6890);
#5887=LINE('',#10414,#6891);
#5888=LINE('',#10415,#6892);
#5889=LINE('',#10418,#6893);
#5890=LINE('',#10420,#6894);
#5891=LINE('',#10422,#6895);
#5892=LINE('',#10424,#6896);
#5893=LINE('',#10426,#6897);
#5894=LINE('',#10428,#6898);
#5895=LINE('',#10430,#6899);
#5896=LINE('',#10432,#6900);
#5897=LINE('',#10434,#6901);
#5898=LINE('',#10436,#6902);
#5899=LINE('',#10438,#6903);
#5900=LINE('',#10440,#6904);
#5901=LINE('',#10442,#6905);
#5902=LINE('',#10444,#6906);
#5903=LINE('',#10446,#6907);
#5904=LINE('',#10448,#6908);
#5905=LINE('',#10450,#6909);
#5906=LINE('',#10452,#6910);
#5907=LINE('',#10454,#6911);
#5908=LINE('',#10455,#6912);
#5909=LINE('',#10458,#6913);
#5910=LINE('',#10460,#6914);
#5911=LINE('',#10462,#6915);
#5912=LINE('',#10464,#6916);
#5913=LINE('',#10466,#6917);
#5914=LINE('',#10468,#6918);
#5915=LINE('',#10469,#6919);
#5916=LINE('',#10472,#6920);
#5917=LINE('',#10474,#6921);
#5918=LINE('',#10476,#6922);
#5919=LINE('',#10478,#6923);
#5920=LINE('',#10480,#6924);
#5921=LINE('',#10482,#6925);
#5922=LINE('',#10484,#6926);
#5923=LINE('',#10485,#6927);
#5924=LINE('',#10488,#6928);
#5925=LINE('',#10490,#6929);
#5926=LINE('',#10492,#6930);
#5927=LINE('',#10494,#6931);
#5928=LINE('',#10496,#6932);
#5929=LINE('',#10497,#6933);
#5930=LINE('',#10499,#6934);
#5931=LINE('',#10501,#6935);
#5932=LINE('',#10502,#6936);
#5933=LINE('',#10505,#6937);
#5934=LINE('',#10507,#6938);
#5935=LINE('',#10509,#6939);
#5936=LINE('',#10510,#6940);
#5937=LINE('',#10513,#6941);
#5938=LINE('',#10515,#6942);
#5939=LINE('',#10517,#6943);
#5940=LINE('',#10518,#6944);
#5941=LINE('',#10521,#6945);
#5942=LINE('',#10523,#6946);
#5943=LINE('',#10525,#6947);
#5944=LINE('',#10527,#6948);
#5945=LINE('',#10529,#6949);
#5946=LINE('',#10530,#6950);
#5947=LINE('',#10533,#6951);
#5948=LINE('',#10534,#6952);
#5949=LINE('',#10535,#6953);
#5950=LINE('',#10537,#6954);
#5951=LINE('',#10539,#6955);
#5952=LINE('',#10540,#6956);
#5953=LINE('',#10543,#6957);
#5954=LINE('',#10545,#6958);
#5955=LINE('',#10547,#6959);
#5956=LINE('',#10549,#6960);
#5957=LINE('',#10552,#6961);
#5958=LINE('',#10554,#6962);
#5959=LINE('',#10556,#6963);
#5960=LINE('',#10558,#6964);
#5961=LINE('',#10560,#6965);
#5962=LINE('',#10562,#6966);
#5963=LINE('',#10564,#6967);
#5964=LINE('',#10566,#6968);
#5965=LINE('',#10568,#6969);
#5966=LINE('',#10570,#6970);
#5967=LINE('',#10572,#6971);
#5968=LINE('',#10574,#6972);
#5969=LINE('',#10576,#6973);
#5970=LINE('',#10578,#6974);
#5971=LINE('',#10580,#6975);
#5972=LINE('',#10582,#6976);
#5973=LINE('',#10584,#6977);
#5974=LINE('',#10586,#6978);
#5975=LINE('',#10588,#6979);
#5976=LINE('',#10590,#6980);
#5977=LINE('',#10592,#6981);
#5978=LINE('',#10594,#6982);
#5979=LINE('',#10596,#6983);
#5980=LINE('',#10598,#6984);
#5981=LINE('',#10599,#6985);
#5982=LINE('',#10623,#6986);
#5983=LINE('',#10625,#6987);
#5984=LINE('',#10627,#6988);
#5985=LINE('',#10629,#6989);
#5986=LINE('',#10631,#6990);
#5987=LINE('',#10633,#6991);
#5988=LINE('',#10635,#6992);
#5989=LINE('',#10637,#6993);
#5990=LINE('',#10639,#6994);
#5991=LINE('',#10641,#6995);
#5992=LINE('',#10643,#6996);
#5993=LINE('',#10645,#6997);
#5994=LINE('',#10647,#6998);
#5995=LINE('',#10649,#6999);
#5996=LINE('',#10672,#7000);
#5997=LINE('',#10701,#7001);
#5998=LINE('',#10703,#7002);
#5999=LINE('',#10705,#7003);
#6000=LINE('',#10722,#7004);
#6001=LINE('',#10725,#7005);
#6002=LINE('',#10727,#7006);
#6003=LINE('',#10729,#7007);
#6004=LINE('',#10730,#7008);
#6005=LINE('',#10733,#7009);
#6006=LINE('',#10735,#7010);
#6007=LINE('',#10737,#7011);
#6008=LINE('',#10739,#7012);
#6009=LINE('',#10741,#7013);
#6010=LINE('',#10743,#7014);
#6011=LINE('',#10745,#7015);
#6012=LINE('',#10747,#7016);
#6013=LINE('',#10749,#7017);
#6014=LINE('',#10751,#7018);
#6015=LINE('',#10752,#7019);
#6016=LINE('',#10755,#7020);
#6017=LINE('',#10757,#7021);
#6018=LINE('',#10759,#7022);
#6019=LINE('',#10761,#7023);
#6020=LINE('',#10763,#7024);
#6021=LINE('',#10765,#7025);
#6022=LINE('',#10767,#7026);
#6023=LINE('',#10769,#7027);
#6024=LINE('',#10771,#7028);
#6025=LINE('',#10773,#7029);
#6026=LINE('',#10775,#7030);
#6027=LINE('',#10777,#7031);
#6028=LINE('',#10779,#7032);
#6029=LINE('',#10781,#7033);
#6030=LINE('',#10783,#7034);
#6031=LINE('',#10785,#7035);
#6032=LINE('',#10787,#7036);
#6033=LINE('',#10788,#7037);
#6034=LINE('',#10790,#7038);
#6035=LINE('',#10793,#7039);
#6036=LINE('',#10795,#7040);
#6037=LINE('',#10797,#7041);
#6038=LINE('',#10799,#7042);
#6039=LINE('',#10801,#7043);
#6040=LINE('',#10803,#7044);
#6041=LINE('',#10805,#7045);
#6042=LINE('',#10808,#7046);
#6043=LINE('',#10810,#7047);
#6044=LINE('',#10812,#7048);
#6045=LINE('',#10814,#7049);
#6046=LINE('',#10817,#7050);
#6047=LINE('',#10819,#7051);
#6048=LINE('',#10821,#7052);
#6049=LINE('',#10823,#7053);
#6050=LINE('',#10825,#7054);
#6051=LINE('',#10827,#7055);
#6052=LINE('',#10829,#7056);
#6053=LINE('',#10832,#7057);
#6054=LINE('',#10834,#7058);
#6055=LINE('',#10836,#7059);
#6056=LINE('',#10838,#7060);
#6057=LINE('',#10841,#7061);
#6058=LINE('',#10843,#7062);
#6059=LINE('',#10845,#7063);
#6060=LINE('',#10847,#7064);
#6061=LINE('',#10849,#7065);
#6062=LINE('',#10851,#7066);
#6063=LINE('',#10853,#7067);
#6064=LINE('',#10855,#7068);
#6065=LINE('',#10857,#7069);
#6066=LINE('',#10859,#7070);
#6067=LINE('',#10860,#7071);
#6068=LINE('',#10862,#7072);
#6069=LINE('',#10864,#7073);
#6070=LINE('',#10865,#7074);
#6071=LINE('',#10867,#7075);
#6072=LINE('',#10869,#7076);
#6073=LINE('',#10871,#7077);
#6074=LINE('',#10874,#7078);
#6075=LINE('',#10876,#7079);
#6076=LINE('',#10878,#7080);
#6077=LINE('',#10879,#7081);
#6078=LINE('',#10881,#7082);
#6079=LINE('',#10882,#7083);
#6080=LINE('',#10884,#7084);
#6081=LINE('',#10886,#7085);
#6082=LINE('',#10888,#7086);
#6083=LINE('',#10890,#7087);
#6084=LINE('',#10892,#7088);
#6085=LINE('',#10893,#7089);
#6086=LINE('',#10895,#7090);
#6087=LINE('',#10897,#7091);
#6088=LINE('',#10898,#7092);
#6089=LINE('',#10900,#7093);
#6090=LINE('',#10902,#7094);
#6091=LINE('',#10904,#7095);
#6092=LINE('',#10906,#7096);
#6093=LINE('',#10907,#7097);
#6094=LINE('',#10909,#7098);
#6095=LINE('',#10910,#7099);
#6096=LINE('',#10912,#7100);
#6097=LINE('',#10914,#7101);
#6098=LINE('',#10916,#7102);
#6099=LINE('',#10918,#7103);
#6100=LINE('',#10919,#7104);
#6101=LINE('',#10921,#7105);
#6102=LINE('',#10922,#7106);
#6103=LINE('',#10924,#7107);
#6104=LINE('',#10925,#7108);
#6105=LINE('',#10926,#7109);
#6106=LINE('',#10928,#7110);
#6107=LINE('',#10930,#7111);
#6108=LINE('',#10932,#7112);
#6109=LINE('',#10935,#7113);
#6110=LINE('',#10937,#7114);
#6111=LINE('',#10939,#7115);
#6112=LINE('',#10941,#7116);
#6113=LINE('',#10942,#7117);
#6114=LINE('',#10943,#7118);
#6115=LINE('',#10945,#7119);
#6116=LINE('',#10947,#7120);
#6117=LINE('',#10949,#7121);
#6118=LINE('',#10951,#7122);
#6119=LINE('',#10954,#7123);
#6120=LINE('',#10955,#7124);
#6121=LINE('',#10957,#7125);
#6122=LINE('',#10959,#7126);
#6123=LINE('',#10961,#7127);
#6124=LINE('',#10963,#7128);
#6125=LINE('',#10965,#7129);
#6126=LINE('',#10967,#7130);
#6127=LINE('',#10970,#7131);
#6128=LINE('',#10972,#7132);
#6129=LINE('',#10973,#7133);
#6130=LINE('',#10974,#7134);
#6131=LINE('',#10976,#7135);
#6132=LINE('',#10978,#7136);
#6133=LINE('',#10981,#7137);
#6134=LINE('',#10983,#7138);
#6135=LINE('',#10984,#7139);
#6136=LINE('',#10985,#7140);
#6137=LINE('',#10987,#7141);
#6138=LINE('',#10989,#7142);
#6139=LINE('',#10992,#7143);
#6140=LINE('',#10994,#7144);
#6141=LINE('',#10996,#7145);
#6142=LINE('',#10997,#7146);
#6143=LINE('',#11000,#7147);
#6144=LINE('',#11001,#7148);
#6145=LINE('',#11003,#7149);
#6146=LINE('',#11005,#7150);
#6147=LINE('',#11006,#7151);
#6148=LINE('',#11008,#7152);
#6149=LINE('',#11010,#7153);
#6150=LINE('',#11011,#7154);
#6151=LINE('',#11013,#7155);
#6152=LINE('',#11015,#7156);
#6153=LINE('',#11016,#7157);
#6154=LINE('',#11017,#7158);
#6155=LINE('',#11019,#7159);
#6156=LINE('',#11021,#7160);
#6157=LINE('',#11023,#7161);
#6158=LINE('',#11025,#7162);
#6159=LINE('',#11026,#7163);
#6160=LINE('',#11028,#7164);
#6161=LINE('',#11030,#7165);
#6162=LINE('',#11032,#7166);
#6163=LINE('',#11034,#7167);
#6164=LINE('',#11035,#7168);
#6165=LINE('',#11037,#7169);
#6166=LINE('',#11038,#7170);
#6167=LINE('',#11040,#7171);
#6168=LINE('',#11041,#7172);
#6169=LINE('',#11043,#7173);
#6170=LINE('',#11045,#7174);
#6171=LINE('',#11046,#7175);
#6172=LINE('',#11048,#7176);
#6173=LINE('',#11050,#7177);
#6174=LINE('',#11052,#7178);
#6175=LINE('',#11054,#7179);
#6176=LINE('',#11056,#7180);
#6177=LINE('',#11058,#7181);
#6178=LINE('',#11059,#7182);
#6179=LINE('',#11061,#7183);
#6180=LINE('',#11063,#7184);
#6181=LINE('',#11065,#7185);
#6182=LINE('',#11067,#7186);
#6183=LINE('',#11068,#7187);
#6184=LINE('',#11070,#7188);
#6185=LINE('',#11072,#7189);
#6186=LINE('',#11075,#7190);
#6187=LINE('',#11078,#7191);
#6188=LINE('',#11080,#7192);
#6189=LINE('',#11082,#7193);
#6190=LINE('',#11084,#7194);
#6191=LINE('',#11086,#7195);
#6192=LINE('',#11088,#7196);
#6193=LINE('',#11090,#7197);
#6194=LINE('',#11092,#7198);
#6195=LINE('',#11094,#7199);
#6196=LINE('',#11096,#7200);
#6197=LINE('',#11099,#7201);
#6198=LINE('',#11101,#7202);
#6199=LINE('',#11103,#7203);
#6200=LINE('',#11104,#7204);
#6201=LINE('',#11107,#7205);
#6202=LINE('',#11109,#7206);
#6203=LINE('',#11111,#7207);
#6204=LINE('',#11112,#7208);
#6205=LINE('',#11115,#7209);
#6206=LINE('',#11117,#7210);
#6207=LINE('',#11119,#7211);
#6208=LINE('',#11120,#7212);
#6209=LINE('',#11123,#7213);
#6210=LINE('',#11125,#7214);
#6211=LINE('',#11127,#7215);
#6212=LINE('',#11129,#7216);
#6213=LINE('',#11130,#7217);
#6214=LINE('',#11132,#7218);
#6215=LINE('',#11134,#7219);
#6216=LINE('',#11136,#7220);
#6217=LINE('',#11139,#7221);
#6218=LINE('',#11141,#7222);
#6219=LINE('',#11143,#7223);
#6220=LINE('',#11146,#7224);
#6221=LINE('',#11148,#7225);
#6222=LINE('',#11150,#7226);
#6223=LINE('',#11153,#7227);
#6224=LINE('',#11155,#7228);
#6225=LINE('',#11157,#7229);
#6226=LINE('',#11160,#7230);
#6227=LINE('',#11163,#7231);
#6228=LINE('',#11165,#7232);
#6229=LINE('',#11167,#7233);
#6230=LINE('',#11169,#7234);
#6231=LINE('',#11174,#7235);
#6232=LINE('',#11178,#7236);
#6233=LINE('',#11182,#7237);
#6234=LINE('',#11186,#7238);
#6235=LINE('',#11188,#7239);
#6236=LINE('',#11190,#7240);
#6237=LINE('',#11194,#7241);
#6238=LINE('',#11198,#7242);
#6239=LINE('',#11201,#7243);
#6240=LINE('',#11203,#7244);
#6241=LINE('',#11205,#7245);
#6242=LINE('',#11207,#7246);
#6243=LINE('',#11210,#7247);
#6244=LINE('',#11212,#7248);
#6245=LINE('',#11214,#7249);
#6246=LINE('',#11216,#7250);
#6247=LINE('',#11218,#7251);
#6248=LINE('',#11220,#7252);
#6249=LINE('',#11222,#7253);
#6250=LINE('',#11232,#7254);
#6251=LINE('',#11233,#7255);
#6252=LINE('',#11235,#7256);
#6253=LINE('',#11237,#7257);
#6254=LINE('',#11240,#7258);
#6255=LINE('',#11241,#7259);
#6256=LINE('',#11242,#7260);
#6257=LINE('',#11243,#7261);
#6258=LINE('',#11245,#7262);
#6259=LINE('',#11247,#7263);
#6260=LINE('',#11249,#7264);
#6261=LINE('',#11250,#7265);
#6262=LINE('',#11252,#7266);
#6263=LINE('',#11253,#7267);
#6264=LINE('',#11255,#7268);
#6265=LINE('',#11257,#7269);
#6266=LINE('',#11260,#7270);
#6267=LINE('',#11261,#7271);
#6268=LINE('',#11263,#7272);
#6269=LINE('',#11265,#7273);
#6270=LINE('',#11268,#7274);
#6271=LINE('',#11269,#7275);
#6272=LINE('',#11271,#7276);
#6273=LINE('',#11273,#7277);
#6274=LINE('',#11276,#7278);
#6275=LINE('',#11277,#7279);
#6276=LINE('',#11279,#7280);
#6277=LINE('',#11281,#7281);
#6278=LINE('',#11284,#7282);
#6279=LINE('',#11286,#7283);
#6280=LINE('',#11288,#7284);
#6281=LINE('',#11290,#7285);
#6282=LINE('',#11292,#7286);
#6283=LINE('',#11294,#7287);
#6284=LINE('',#11296,#7288);
#6285=LINE('',#11298,#7289);
#6286=LINE('',#11300,#7290);
#6287=LINE('',#11302,#7291);
#6288=LINE('',#11304,#7292);
#6289=LINE('',#11306,#7293);
#6290=LINE('',#11307,#7294);
#6291=LINE('',#11309,#7295);
#6292=LINE('',#11311,#7296);
#6293=LINE('',#11313,#7297);
#6294=LINE('',#11315,#7298);
#6295=LINE('',#11317,#7299);
#6296=LINE('',#11319,#7300);
#6297=LINE('',#11321,#7301);
#6298=LINE('',#11322,#7302);
#6299=LINE('',#11325,#7303);
#6300=LINE('',#11327,#7304);
#6301=LINE('',#11329,#7305);
#6302=LINE('',#11331,#7306);
#6303=LINE('',#11333,#7307);
#6304=LINE('',#11335,#7308);
#6305=LINE('',#11337,#7309);
#6306=LINE('',#11339,#7310);
#6307=LINE('',#11341,#7311);
#6308=LINE('',#11343,#7312);
#6309=LINE('',#11345,#7313);
#6310=LINE('',#11347,#7314);
#6311=LINE('',#11348,#7315);
#6312=LINE('',#11349,#7316);
#6313=LINE('',#11351,#7317);
#6314=LINE('',#11353,#7318);
#6315=LINE('',#11355,#7319);
#6316=LINE('',#11357,#7320);
#6317=LINE('',#11358,#7321);
#6318=LINE('',#11360,#7322);
#6319=LINE('',#11362,#7323);
#6320=LINE('',#11364,#7324);
#6321=LINE('',#11366,#7325);
#6322=LINE('',#11368,#7326);
#6323=LINE('',#11369,#7327);
#6324=LINE('',#11371,#7328);
#6325=LINE('',#11373,#7329);
#6326=LINE('',#11375,#7330);
#6327=LINE('',#11377,#7331);
#6328=LINE('',#11379,#7332);
#6329=LINE('',#11381,#7333);
#6330=LINE('',#11384,#7334);
#6331=LINE('',#11387,#7335);
#6332=LINE('',#11388,#7336);
#6333=LINE('',#11390,#7337);
#6334=LINE('',#11393,#7338);
#6335=LINE('',#11394,#7339);
#6336=LINE('',#11396,#7340);
#6337=LINE('',#11397,#7341);
#6338=LINE('',#11399,#7342);
#6339=LINE('',#11402,#7343);
#6340=LINE('',#11404,#7344);
#6341=LINE('',#11406,#7345);
#6342=LINE('',#11408,#7346);
#6343=LINE('',#11409,#7347);
#6344=LINE('',#11411,#7348);
#6345=LINE('',#11412,#7349);
#6346=LINE('',#11416,#7350);
#6347=LINE('',#11418,#7351);
#6348=LINE('',#11420,#7352);
#6349=LINE('',#11422,#7353);
#6350=LINE('',#11454,#7355);
#6351=LINE('',#11456,#7356);
#6352=LINE('',#11458,#7357);
#6353=LINE('',#11460,#7358);
#6354=LINE('',#11462,#7359);
#6355=LINE('',#11464,#7360);
#6356=LINE('',#11466,#7361);
#6357=LINE('',#11520,#7363);
#6358=LINE('',#11522,#7364);
#6359=LINE('',#11524,#7365);
#6360=LINE('',#11566,#7367);
#6361=LINE('',#11568,#7368);
#6362=LINE('',#11570,#7369);
#6363=LINE('',#11572,#7370);
#6364=LINE('',#11574,#7371);
#6365=LINE('',#11576,#7372);
#6366=LINE('',#11578,#7373);
#6367=LINE('',#11580,#7374);
#6368=LINE('',#11582,#7375);
#6369=LINE('',#11584,#7376);
#6370=LINE('',#11586,#7377);
#6371=LINE('',#11588,#7378);
#6372=LINE('',#11590,#7379);
#6373=LINE('',#11592,#7380);
#6374=LINE('',#11594,#7381);
#6375=LINE('',#11596,#7382);
#6376=LINE('',#11598,#7383);
#6377=LINE('',#11600,#7384);
#6378=LINE('',#11602,#7385);
#6379=LINE('',#11604,#7386);
#6380=LINE('',#11606,#7387);
#6381=LINE('',#11608,#7388);
#6382=LINE('',#11610,#7389);
#6383=LINE('',#11612,#7390);
#6384=LINE('',#11614,#7391);
#6385=LINE('',#11616,#7392);
#6386=LINE('',#11618,#7393);
#6387=LINE('',#11620,#7394);
#6388=LINE('',#11622,#7395);
#6389=LINE('',#11636,#7396);
#6390=LINE('',#11658,#7398);
#6391=LINE('',#11688,#7400);
#6392=LINE('',#11689,#7401);
#6393=LINE('',#11733,#7403);
#6394=LINE('',#11735,#7404);
#6395=LINE('',#11737,#7405);
#6396=LINE('',#11739,#7406);
#6397=LINE('',#11741,#7407);
#6398=LINE('',#11743,#7408);
#6399=LINE('',#11745,#7409);
#6400=LINE('',#11747,#7410);
#6401=LINE('',#11749,#7411);
#6402=LINE('',#11751,#7412);
#6403=LINE('',#11753,#7413);
#6404=LINE('',#11755,#7414);
#6405=LINE('',#11757,#7415);
#6406=LINE('',#11759,#7416);
#6407=LINE('',#11761,#7417);
#6408=LINE('',#11763,#7418);
#6409=LINE('',#11765,#7419);
#6410=LINE('',#11767,#7420);
#6411=LINE('',#11769,#7421);
#6412=LINE('',#11771,#7422);
#6413=LINE('',#11773,#7423);
#6414=LINE('',#11775,#7424);
#6415=LINE('',#11778,#7425);
#6416=LINE('',#11780,#7426);
#6417=LINE('',#11782,#7427);
#6418=LINE('',#11784,#7428);
#6419=LINE('',#11786,#7429);
#6420=LINE('',#11788,#7430);
#6421=LINE('',#11790,#7431);
#6422=LINE('',#11792,#7432);
#6423=LINE('',#11794,#7433);
#6424=LINE('',#11796,#7434);
#6425=LINE('',#11798,#7435);
#6426=LINE('',#11800,#7436);
#6427=LINE('',#11802,#7437);
#6428=LINE('',#11804,#7438);
#6429=LINE('',#11806,#7439);
#6430=LINE('',#11808,#7440);
#6431=LINE('',#11810,#7441);
#6432=LINE('',#11812,#7442);
#6433=LINE('',#11814,#7443);
#6434=LINE('',#11816,#7444);
#6435=LINE('',#11818,#7445);
#6436=LINE('',#11820,#7446);
#6437=LINE('',#11822,#7447);
#6438=LINE('',#11824,#7448);
#6439=LINE('',#11826,#7449);
#6440=LINE('',#11828,#7450);
#6441=LINE('',#11830,#7451);
#6442=LINE('',#11832,#7452);
#6443=LINE('',#11834,#7453);
#6444=LINE('',#11836,#7454);
#6445=LINE('',#11838,#7455);
#6446=LINE('',#11840,#7456);
#6447=LINE('',#11843,#7457);
#6448=LINE('',#11845,#7458);
#6449=LINE('',#11847,#7459);
#6450=LINE('',#11849,#7460);
#6451=LINE('',#11851,#7461);
#6452=LINE('',#11853,#7462);
#6453=LINE('',#11855,#7463);
#6454=LINE('',#11857,#7464);
#6455=LINE('',#11859,#7465);
#6456=LINE('',#11861,#7466);
#6457=LINE('',#11863,#7467);
#6458=LINE('',#11865,#7468);
#6459=LINE('',#11867,#7469);
#6460=LINE('',#11869,#7470);
#6461=LINE('',#11871,#7471);
#6462=LINE('',#11873,#7472);
#6463=LINE('',#11875,#7473);
#6464=LINE('',#11877,#7474);
#6465=LINE('',#11879,#7475);
#6466=LINE('',#11881,#7476);
#6467=LINE('',#11883,#7477);
#6468=LINE('',#11885,#7478);
#6469=LINE('',#11887,#7479);
#6470=LINE('',#11889,#7480);
#6471=LINE('',#11891,#7481);
#6472=LINE('',#11893,#7482);
#6473=LINE('',#11895,#7483);
#6474=LINE('',#11897,#7484);
#6475=LINE('',#11899,#7485);
#6476=LINE('',#11901,#7486);
#6477=LINE('',#11903,#7487);
#6478=LINE('',#11905,#7488);
#6479=LINE('',#11907,#7489);
#6480=LINE('',#11909,#7490);
#6481=LINE('',#11911,#7491);
#6482=LINE('',#11913,#7492);
#6483=LINE('',#11915,#7493);
#6484=LINE('',#11917,#7494);
#6485=LINE('',#11919,#7495);
#6486=LINE('',#11921,#7496);
#6487=LINE('',#11923,#7497);
#6488=LINE('',#11925,#7498);
#6489=LINE('',#11927,#7499);
#6490=LINE('',#11929,#7500);
#6491=LINE('',#11931,#7501);
#6492=LINE('',#11933,#7502);
#6493=LINE('',#11935,#7503);
#6494=LINE('',#11937,#7504);
#6495=LINE('',#11939,#7505);
#6496=LINE('',#11941,#7506);
#6497=LINE('',#11947,#7507);
#6498=LINE('',#11949,#7508);
#6499=LINE('',#11951,#7509);
#6500=LINE('',#11953,#7510);
#6501=LINE('',#11955,#7511);
#6502=LINE('',#11957,#7512);
#6503=LINE('',#11959,#7513);
#6504=LINE('',#11961,#7514);
#6505=LINE('',#11963,#7515);
#6506=LINE('',#11965,#7516);
#6507=LINE('',#11967,#7517);
#6508=LINE('',#11969,#7518);
#6509=LINE('',#11972,#7519);
#6510=LINE('',#11974,#7520);
#6511=LINE('',#11976,#7521);
#6512=LINE('',#11978,#7522);
#6513=LINE('',#11980,#7523);
#6514=LINE('',#11982,#7524);
#6515=LINE('',#11984,#7525);
#6516=LINE('',#11986,#7526);
#6517=LINE('',#11988,#7527);
#6518=LINE('',#11990,#7528);
#6519=LINE('',#11992,#7529);
#6520=LINE('',#11994,#7530);
#6521=LINE('',#11996,#7531);
#6522=LINE('',#11998,#7532);
#6523=LINE('',#12000,#7533);
#6524=LINE('',#12002,#7534);
#6525=LINE('',#12005,#7535);
#6526=LINE('',#12007,#7536);
#6527=LINE('',#12009,#7537);
#6528=LINE('',#12011,#7538);
#6529=LINE('',#12014,#7539);
#6530=LINE('',#12015,#7540);
#6531=LINE('',#12017,#7541);
#6532=LINE('',#12020,#7542);
#6533=LINE('',#12021,#7543);
#6534=LINE('',#12023,#7544);
#6535=LINE('',#12026,#7545);
#6536=LINE('',#12027,#7546);
#6537=LINE('',#12029,#7547);
#6538=LINE('',#12032,#7548);
#6539=LINE('',#12033,#7549);
#6540=LINE('',#12035,#7550);
#6541=LINE('',#12036,#7551);
#6542=LINE('',#12038,#7552);
#6543=LINE('',#12042,#7553);
#6544=LINE('',#12044,#7554);
#6545=LINE('',#12046,#7555);
#6546=LINE('',#12048,#7556);
#6547=LINE('',#12050,#7557);
#6548=LINE('',#12052,#7558);
#6549=LINE('',#12054,#7559);
#6550=LINE('',#12056,#7560);
#6551=LINE('',#12058,#7561);
#6552=LINE('',#12060,#7562);
#6553=LINE('',#12062,#7563);
#6554=LINE('',#12064,#7564);
#6555=LINE('',#12066,#7565);
#6556=LINE('',#12068,#7566);
#6557=LINE('',#12071,#7567);
#6558=LINE('',#12073,#7568);
#6559=LINE('',#12075,#7569);
#6560=LINE('',#12077,#7570);
#6561=LINE('',#12080,#7571);
#6562=LINE('',#12081,#7572);
#6563=LINE('',#12083,#7573);
#6564=LINE('',#12084,#7574);
#6565=LINE('',#12086,#7575);
#6566=LINE('',#12090,#7576);
#6567=LINE('',#12092,#7577);
#6568=LINE('',#12094,#7578);
#6569=LINE('',#12096,#7579);
#6570=LINE('',#12098,#7580);
#6571=LINE('',#12100,#7581);
#6572=LINE('',#12102,#7582);
#6573=LINE('',#12104,#7583);
#6574=LINE('',#12106,#7584);
#6575=LINE('',#12108,#7585);
#6576=LINE('',#12110,#7586);
#6577=LINE('',#12112,#7587);
#6578=LINE('',#12115,#7588);
#6579=LINE('',#12116,#7589);
#6580=LINE('',#12118,#7590);
#6581=LINE('',#12120,#7591);
#6582=LINE('',#12123,#7592);
#6583=LINE('',#12125,#7593);
#6584=LINE('',#12127,#7594);
#6585=LINE('',#12129,#7595);
#6586=LINE('',#12131,#7596);
#6587=LINE('',#12133,#7597);
#6588=LINE('',#12135,#7598);
#6589=LINE('',#12137,#7599);
#6590=LINE('',#12141,#7600);
#6591=LINE('',#12145,#7601);
#6592=LINE('',#12149,#7602);
#6593=LINE('',#12151,#7603);
#6594=LINE('',#12153,#7604);
#6595=LINE('',#12157,#7605);
#6596=LINE('',#12161,#7606);
#6597=LINE('',#12167,#7607);
#6598=LINE('',#12171,#7608);
#6599=LINE('',#12175,#7609);
#6600=LINE('',#12177,#7610);
#6601=LINE('',#12179,#7611);
#6602=LINE('',#12183,#7612);
#6603=LINE('',#12187,#7613);
#6604=LINE('',#12191,#7614);
#6605=LINE('',#12193,#7615);
#6606=LINE('',#12195,#7616);
#6607=LINE('',#12197,#7617);
#6608=LINE('',#12199,#7618);
#6609=LINE('',#12201,#7619);
#6610=LINE('',#12203,#7620);
#6611=LINE('',#12205,#7621);
#6612=LINE('',#12207,#7622);
#6613=LINE('',#12209,#7623);
#6614=LINE('',#12211,#7624);
#6615=LINE('',#12213,#7625);
#6616=LINE('',#12215,#7626);
#6617=LINE('',#12218,#7627);
#6618=LINE('',#12220,#7628);
#6619=LINE('',#12222,#7629);
#6620=LINE('',#12224,#7630);
#6621=LINE('',#12225,#7631);
#6622=LINE('',#12227,#7632);
#6623=LINE('',#12228,#7633);
#6624=LINE('',#12232,#7634);
#6625=LINE('',#12234,#7635);
#6626=LINE('',#12236,#7636);
#6627=LINE('',#12239,#7637);
#6628=LINE('',#12241,#7638);
#6629=LINE('',#12243,#7639);
#6630=LINE('',#12246,#7640);
#6631=LINE('',#12248,#7641);
#6632=LINE('',#12250,#7642);
#6633=LINE('',#12252,#7643);
#6634=LINE('',#12254,#7644);
#6635=LINE('',#12256,#7645);
#6636=LINE('',#12260,#7646);
#6637=LINE('',#12264,#7647);
#6638=LINE('',#12268,#7648);
#6639=LINE('',#12270,#7649);
#6640=LINE('',#12272,#7650);
#6641=LINE('',#12276,#7651);
#6642=LINE('',#12280,#7652);
#6643=LINE('',#12286,#7653);
#6644=LINE('',#12290,#7654);
#6645=LINE('',#12294,#7655);
#6646=LINE('',#12296,#7656);
#6647=LINE('',#12298,#7657);
#6648=LINE('',#12302,#7658);
#6649=LINE('',#12306,#7659);
#6650=LINE('',#12310,#7660);
#6651=LINE('',#12312,#7661);
#6652=LINE('',#12314,#7662);
#6653=LINE('',#12316,#7663);
#6654=LINE('',#12318,#7664);
#6655=LINE('',#12320,#7665);
#6656=LINE('',#12322,#7666);
#6657=LINE('',#12324,#7667);
#6658=LINE('',#12326,#7668);
#6659=LINE('',#12328,#7669);
#6660=LINE('',#12330,#7670);
#6661=LINE('',#12332,#7671);
#6662=LINE('',#12334,#7672);
#6663=LINE('',#12337,#7673);
#6664=LINE('',#12339,#7674);
#6665=LINE('',#12341,#7675);
#6666=LINE('',#12343,#7676);
#6667=LINE('',#12344,#7677);
#6668=LINE('',#12346,#7678);
#6669=LINE('',#12347,#7679);
#6670=LINE('',#12351,#7680);
#6671=LINE('',#12353,#7681);
#6672=LINE('',#12355,#7682);
#6673=LINE('',#12357,#7683);
#6674=LINE('',#12359,#7684);
#6675=LINE('',#12361,#7685);
#6676=LINE('',#12365,#7686);
#6677=LINE('',#12369,#7687);
#6678=LINE('',#12373,#7688);
#6679=LINE('',#12375,#7689);
#6680=LINE('',#12377,#7690);
#6681=LINE('',#12381,#7691);
#6682=LINE('',#12385,#7692);
#6683=LINE('',#12391,#7693);
#6684=LINE('',#12395,#7694);
#6685=LINE('',#12399,#7695);
#6686=LINE('',#12401,#7696);
#6687=LINE('',#12403,#7697);
#6688=LINE('',#12407,#7698);
#6689=LINE('',#12411,#7699);
#6690=LINE('',#12415,#7700);
#6691=LINE('',#12417,#7701);
#6692=LINE('',#12419,#7702);
#6693=LINE('',#12421,#7703);
#6694=LINE('',#12423,#7704);
#6695=LINE('',#12425,#7705);
#6696=LINE('',#12427,#7706);
#6697=LINE('',#12429,#7707);
#6698=LINE('',#12431,#7708);
#6699=LINE('',#12433,#7709);
#6700=LINE('',#12435,#7710);
#6701=LINE('',#12437,#7711);
#6702=LINE('',#12439,#7712);
#6703=LINE('',#12442,#7713);
#6704=LINE('',#12444,#7714);
#6705=LINE('',#12446,#7715);
#6706=LINE('',#12448,#7716);
#6707=LINE('',#12449,#7717);
#6708=LINE('',#12451,#7718);
#6709=LINE('',#12452,#7719);
#6710=LINE('',#12458,#7720);
#6711=LINE('',#12459,#7721);
#6712=LINE('',#12461,#7722);
#6713=LINE('',#12463,#7723);
#6714=LINE('',#12465,#7724);
#6715=LINE('',#12467,#7725);
#6716=LINE('',#12471,#7726);
#6717=LINE('',#12473,#7727);
#6718=LINE('',#12475,#7728);
#6719=LINE('',#12477,#7729);
#6720=LINE('',#12479,#7730);
#6721=LINE('',#12481,#7731);
#6722=LINE('',#12483,#7732);
#6723=LINE('',#12487,#7733);
#6724=LINE('',#12489,#7734);
#6725=LINE('',#12490,#7735);
#6726=LINE('',#12492,#7736);
#6727=LINE('',#12494,#7737);
#6728=LINE('',#12496,#7738);
#6729=LINE('',#12498,#7739);
#6730=LINE('',#12500,#7740);
#6731=LINE('',#12502,#7741);
#6732=LINE('',#12507,#7742);
#6733=LINE('',#12510,#7743);
#6734=LINE('',#12512,#7744);
#6735=LINE('',#12514,#7745);
#6736=LINE('',#12516,#7746);
#6737=LINE('',#12519,#7747);
#6738=LINE('',#12520,#7748);
#6739=LINE('',#12522,#7749);
#6740=LINE('',#12525,#7750);
#6741=LINE('',#12526,#7751);
#6742=LINE('',#12528,#7752);
#6743=LINE('',#12529,#7753);
#6744=LINE('',#12531,#7754);
#6745=LINE('',#12532,#7755);
#6746=LINE('',#12534,#7756);
#6747=LINE('',#12535,#7757);
#6748=LINE('',#12540,#7758);
#6749=LINE('',#12542,#7759);
#6750=LINE('',#12544,#7760);
#6751=LINE('',#12546,#7761);
#6752=LINE('',#12548,#7762);
#6753=LINE('',#12552,#7763);
#6754=LINE('',#12554,#7764);
#6755=LINE('',#12557,#7765);
#6756=LINE('',#12559,#7766);
#6757=LINE('',#12561,#7767);
#6758=LINE('',#12563,#7768);
#6759=LINE('',#12565,#7769);
#6760=LINE('',#12569,#7770);
#6761=LINE('',#12572,#7771);
#6762=LINE('',#12574,#7772);
#6763=LINE('',#12576,#7773);
#6764=LINE('',#12578,#7774);
#6765=LINE('',#12580,#7775);
#6766=LINE('',#12582,#7776);
#6767=LINE('',#12584,#7777);
#6768=LINE('',#12587,#7778);
#6769=LINE('',#12589,#7779);
#6770=LINE('',#12591,#7780);
#6771=LINE('',#12593,#7781);
#6772=LINE('',#12595,#7782);
#6773=LINE('',#12597,#7783);
#6774=LINE('',#12598,#7784);
#6775=LINE('',#12600,#7785);
#6776=LINE('',#12602,#7786);
#6777=LINE('',#12605,#7787);
#6778=LINE('',#12608,#7788);
#6779=LINE('',#12610,#7789);
#6780=LINE('',#12612,#7790);
#6781=LINE('',#12616,#7791);
#6782=LINE('',#12620,#7792);
#6783=LINE('',#12622,#7793);
#6784=LINE('',#12624,#7794);
#6785=LINE('',#12626,#7795);
#6786=LINE('',#12627,#7796);
#6787=LINE('',#12631,#7797);
#6788=LINE('',#12634,#7798);
#6789=LINE('',#12636,#7799);
#6790=LINE('',#12638,#7800);
#6791=LINE('',#12640,#7801);
#6792=LINE('',#12646,#7802);
#6793=LINE('',#12648,#7803);
#6794=LINE('',#12651,#7804);
#6795=LINE('',#12654,#7805);
#6796=LINE('',#12656,#7806);
#6797=LINE('',#12658,#7807);
#6798=LINE('',#12662,#7808);
#6799=LINE('',#12664,#7809);
#6800=LINE('',#12668,#7810);
#6801=LINE('',#12671,#7811);
#6802=LINE('',#12674,#7812);
#6803=LINE('',#12676,#7813);
#6804=LINE('',#12678,#7814);
#6805=LINE('',#12680,#7815);
#6806=LINE('',#12683,#7816);
#6807=LINE('',#12685,#7817);
#6808=LINE('',#12687,#7818);
#6809=LINE('',#12692,#7819);
#6810=LINE('',#12693,#7820);
#6811=VECTOR('',#8289,1.);
#6812=VECTOR('',#8292,1.);
#6813=VECTOR('',#8295,1.);
#6814=VECTOR('',#8296,1.);
#6815=VECTOR('',#8299,1.);
#6816=VECTOR('',#8300,1.);
#6817=VECTOR('',#8301,1.);
#6818=VECTOR('',#8302,1.);
#6819=VECTOR('',#8305,1.);
#6820=VECTOR('',#8306,1.);
#6821=VECTOR('',#8307,1.);
#6822=VECTOR('',#8310,1.);
#6823=VECTOR('',#8311,1.);
#6824=VECTOR('',#8312,1.);
#6825=VECTOR('',#8315,1.);
#6826=VECTOR('',#8318,1.);
#6827=VECTOR('',#8321,1.);
#6828=VECTOR('',#8322,1.);
#6829=VECTOR('',#8325,1.);
#6830=VECTOR('',#8328,1.);
#6831=VECTOR('',#8331,1.);
#6832=VECTOR('',#8332,1.);
#6833=VECTOR('',#8335,1.);
#6834=VECTOR('',#8336,1.);
#6835=VECTOR('',#8337,1.);
#6836=VECTOR('',#8340,1.);
#6837=VECTOR('',#8341,1.);
#6838=VECTOR('',#8342,1.);
#6839=VECTOR('',#8345,1.);
#6840=VECTOR('',#8346,1.);
#6841=VECTOR('',#8347,1.);
#6842=VECTOR('',#8348,1.);
#6843=VECTOR('',#8351,1.);
#6844=VECTOR('',#8352,1.);
#6845=VECTOR('',#8353,1.);
#6846=VECTOR('',#8354,1.);
#6847=VECTOR('',#8355,1.);
#6848=VECTOR('',#8358,1.);
#6849=VECTOR('',#8359,1.);
#6850=VECTOR('',#8360,1.);
#6851=VECTOR('',#8361,1.);
#6852=VECTOR('',#8362,1.);
#6853=VECTOR('',#8365,1.);
#6854=VECTOR('',#8366,1.);
#6855=VECTOR('',#8367,1.);
#6856=VECTOR('',#8368,1.);
#6857=VECTOR('',#8369,1.);
#6858=VECTOR('',#8372,1.);
#6859=VECTOR('',#8373,1.);
#6860=VECTOR('',#8374,1.);
#6861=VECTOR('',#8375,1.);
#6862=VECTOR('',#8378,1.);
#6863=VECTOR('',#8379,1.);
#6864=VECTOR('',#8380,1.);
#6865=VECTOR('',#8383,1.);
#6866=VECTOR('',#8384,1.);
#6867=VECTOR('',#8385,1.);
#6868=VECTOR('',#8386,1.);
#6869=VECTOR('',#8389,1.);
#6870=VECTOR('',#8390,1.);
#6871=VECTOR('',#8391,1.);
#6872=VECTOR('',#8392,1.);
#6873=VECTOR('',#8393,1.);
#6874=VECTOR('',#8394,1.);
#6875=VECTOR('',#8395,1.);
#6876=VECTOR('',#8396,1.);
#6877=VECTOR('',#8397,1.);
#6878=VECTOR('',#8398,1.);
#6879=VECTOR('',#8399,1.);
#6880=VECTOR('',#8400,1.);
#6881=VECTOR('',#8401,1.);
#6882=VECTOR('',#8402,1.);
#6883=VECTOR('',#8403,1.);
#6884=VECTOR('',#8404,1.);
#6885=VECTOR('',#8405,1.);
#6886=VECTOR('',#8406,1.);
#6887=VECTOR('',#8407,1.);
#6888=VECTOR('',#8408,1.);
#6889=VECTOR('',#8409,1.);
#6890=VECTOR('',#8410,1.);
#6891=VECTOR('',#8411,1.);
#6892=VECTOR('',#8412,1.);
#6893=VECTOR('',#8413,1.);
#6894=VECTOR('',#8414,1.);
#6895=VECTOR('',#8415,1.);
#6896=VECTOR('',#8416,1.);
#6897=VECTOR('',#8417,1.);
#6898=VECTOR('',#8418,1.);
#6899=VECTOR('',#8419,1.);
#6900=VECTOR('',#8420,1.);
#6901=VECTOR('',#8421,1.);
#6902=VECTOR('',#8422,1.);
#6903=VECTOR('',#8423,1.);
#6904=VECTOR('',#8424,1.);
#6905=VECTOR('',#8425,1.);
#6906=VECTOR('',#8426,1.);
#6907=VECTOR('',#8427,1.);
#6908=VECTOR('',#8428,1.);
#6909=VECTOR('',#8429,1.);
#6910=VECTOR('',#8430,1.);
#6911=VECTOR('',#8431,1.);
#6912=VECTOR('',#8432,1.);
#6913=VECTOR('',#8433,1.);
#6914=VECTOR('',#8434,1.);
#6915=VECTOR('',#8435,1.);
#6916=VECTOR('',#8436,1.);
#6917=VECTOR('',#8437,1.);
#6918=VECTOR('',#8438,1.);
#6919=VECTOR('',#8439,1.);
#6920=VECTOR('',#8440,1.);
#6921=VECTOR('',#8441,1.);
#6922=VECTOR('',#8442,1.);
#6923=VECTOR('',#8443,1.);
#6924=VECTOR('',#8444,1.);
#6925=VECTOR('',#8445,1.);
#6926=VECTOR('',#8446,1.);
#6927=VECTOR('',#8447,1.);
#6928=VECTOR('',#8448,1.);
#6929=VECTOR('',#8449,1.);
#6930=VECTOR('',#8450,1.);
#6931=VECTOR('',#8451,1.);
#6932=VECTOR('',#8452,1.);
#6933=VECTOR('',#8453,1.);
#6934=VECTOR('',#8454,1.);
#6935=VECTOR('',#8455,1.);
#6936=VECTOR('',#8456,1.);
#6937=VECTOR('',#8457,1.);
#6938=VECTOR('',#8458,1.);
#6939=VECTOR('',#8459,1.);
#6940=VECTOR('',#8460,1.);
#6941=VECTOR('',#8461,1.);
#6942=VECTOR('',#8462,1.);
#6943=VECTOR('',#8463,1.);
#6944=VECTOR('',#8464,1.);
#6945=VECTOR('',#8465,1.);
#6946=VECTOR('',#8466,1.);
#6947=VECTOR('',#8467,1.);
#6948=VECTOR('',#8468,1.);
#6949=VECTOR('',#8469,1.);
#6950=VECTOR('',#8470,1.);
#6951=VECTOR('',#8471,1.);
#6952=VECTOR('',#8472,1.);
#6953=VECTOR('',#8473,1.);
#6954=VECTOR('',#8474,1.);
#6955=VECTOR('',#8475,1.);
#6956=VECTOR('',#8476,1.);
#6957=VECTOR('',#8477,1.);
#6958=VECTOR('',#8478,1.);
#6959=VECTOR('',#8479,1.);
#6960=VECTOR('',#8482,1.);
#6961=VECTOR('',#8483,1.);
#6962=VECTOR('',#8484,1.);
#6963=VECTOR('',#8485,1.);
#6964=VECTOR('',#8486,1.);
#6965=VECTOR('',#8487,1.);
#6966=VECTOR('',#8488,1.);
#6967=VECTOR('',#8489,1.);
#6968=VECTOR('',#8490,1.);
#6969=VECTOR('',#8491,1.);
#6970=VECTOR('',#8492,1.);
#6971=VECTOR('',#8493,1.);
#6972=VECTOR('',#8494,1.);
#6973=VECTOR('',#8495,1.);
#6974=VECTOR('',#8496,1.);
#6975=VECTOR('',#8497,1.);
#6976=VECTOR('',#8498,1.);
#6977=VECTOR('',#8499,1.);
#6978=VECTOR('',#8500,1.);
#6979=VECTOR('',#8501,1.);
#6980=VECTOR('',#8502,1.);
#6981=VECTOR('',#8503,1.);
#6982=VECTOR('',#8504,1.);
#6983=VECTOR('',#8505,1.);
#6984=VECTOR('',#8506,1.);
#6985=VECTOR('',#8507,1.);
#6986=VECTOR('',#8508,1.);
#6987=VECTOR('',#8509,1.);
#6988=VECTOR('',#8510,1.);
#6989=VECTOR('',#8511,1.);
#6990=VECTOR('',#8512,1.);
#6991=VECTOR('',#8513,1.);
#6992=VECTOR('',#8514,1.);
#6993=VECTOR('',#8515,1.);
#6994=VECTOR('',#8516,1.);
#6995=VECTOR('',#8517,1.);
#6996=VECTOR('',#8518,1.);
#6997=VECTOR('',#8519,1.);
#6998=VECTOR('',#8520,1.);
#6999=VECTOR('',#8521,1.);
#7000=VECTOR('',#8522,1.);
#7001=VECTOR('',#8523,1.);
#7002=VECTOR('',#8524,1.);
#7003=VECTOR('',#8525,1.);
#7004=VECTOR('',#8526,1.);
#7005=VECTOR('',#8527,1.);
#7006=VECTOR('',#8528,1.);
#7007=VECTOR('',#8529,1.);
#7008=VECTOR('',#8530,1.);
#7009=VECTOR('',#8531,1.);
#7010=VECTOR('',#8532,1.);
#7011=VECTOR('',#8533,1.);
#7012=VECTOR('',#8534,1.);
#7013=VECTOR('',#8535,1.);
#7014=VECTOR('',#8536,1.);
#7015=VECTOR('',#8537,1.);
#7016=VECTOR('',#8538,1.);
#7017=VECTOR('',#8539,1.);
#7018=VECTOR('',#8540,1.);
#7019=VECTOR('',#8541,1.);
#7020=VECTOR('',#8542,1.);
#7021=VECTOR('',#8543,1.);
#7022=VECTOR('',#8544,1.);
#7023=VECTOR('',#8545,1.);
#7024=VECTOR('',#8546,1.);
#7025=VECTOR('',#8547,1.);
#7026=VECTOR('',#8548,1.);
#7027=VECTOR('',#8549,1.);
#7028=VECTOR('',#8550,1.);
#7029=VECTOR('',#8551,1.);
#7030=VECTOR('',#8552,1.);
#7031=VECTOR('',#8553,1.);
#7032=VECTOR('',#8554,1.);
#7033=VECTOR('',#8555,1.);
#7034=VECTOR('',#8556,1.);
#7035=VECTOR('',#8559,1.);
#7036=VECTOR('',#8560,1.);
#7037=VECTOR('',#8561,1.);
#7038=VECTOR('',#8564,1.);
#7039=VECTOR('',#8565,1.);
#7040=VECTOR('',#8566,1.);
#7041=VECTOR('',#8567,1.);
#7042=VECTOR('',#8568,1.);
#7043=VECTOR('',#8569,1.);
#7044=VECTOR('',#8570,1.);
#7045=VECTOR('',#8573,1.);
#7046=VECTOR('',#8574,1.);
#7047=VECTOR('',#8575,1.);
#7048=VECTOR('',#8576,1.);
#7049=VECTOR('',#8579,1.);
#7050=VECTOR('',#8580,1.);
#7051=VECTOR('',#8581,1.);
#7052=VECTOR('',#8582,1.);
#7053=VECTOR('',#8585,1.);
#7054=VECTOR('',#8586,1.);
#7055=VECTOR('',#8587,1.);
#7056=VECTOR('',#8590,1.);
#7057=VECTOR('',#8591,1.);
#7058=VECTOR('',#8592,1.);
#7059=VECTOR('',#8593,1.);
#7060=VECTOR('',#8596,1.);
#7061=VECTOR('',#8597,1.);
#7062=VECTOR('',#8598,1.);
#7063=VECTOR('',#8599,1.);
#7064=VECTOR('',#8600,1.);
#7065=VECTOR('',#8601,1.);
#7066=VECTOR('',#8602,1.);
#7067=VECTOR('',#8603,1.);
#7068=VECTOR('',#8606,1.);
#7069=VECTOR('',#8607,1.);
#7070=VECTOR('',#8608,1.);
#7071=VECTOR('',#8609,1.);
#7072=VECTOR('',#8610,1.);
#7073=VECTOR('',#8611,1.);
#7074=VECTOR('',#8612,1.);
#7075=VECTOR('',#8613,1.);
#7076=VECTOR('',#8614,1.);
#7077=VECTOR('',#8617,1.);
#7078=VECTOR('',#8618,1.);
#7079=VECTOR('',#8619,1.);
#7080=VECTOR('',#8620,1.);
#7081=VECTOR('',#8621,1.);
#7082=VECTOR('',#8622,1.);
#7083=VECTOR('',#8623,1.);
#7084=VECTOR('',#8624,1.);
#7085=VECTOR('',#8625,1.);
#7086=VECTOR('',#8626,1.);
#7087=VECTOR('',#8627,1.);
#7088=VECTOR('',#8628,1.);
#7089=VECTOR('',#8629,1.);
#7090=VECTOR('',#8630,1.);
#7091=VECTOR('',#8631,1.);
#7092=VECTOR('',#8632,1.);
#7093=VECTOR('',#8633,1.);
#7094=VECTOR('',#8636,1.);
#7095=VECTOR('',#8637,1.);
#7096=VECTOR('',#8638,1.);
#7097=VECTOR('',#8639,1.);
#7098=VECTOR('',#8640,1.);
#7099=VECTOR('',#8641,1.);
#7100=VECTOR('',#8642,1.);
#7101=VECTOR('',#8643,1.);
#7102=VECTOR('',#8646,1.);
#7103=VECTOR('',#8647,1.);
#7104=VECTOR('',#8648,1.);
#7105=VECTOR('',#8649,1.);
#7106=VECTOR('',#8650,1.);
#7107=VECTOR('',#8651,1.);
#7108=VECTOR('',#8652,1.);
#7109=VECTOR('',#8653,1.);
#7110=VECTOR('',#8654,1.);
#7111=VECTOR('',#8655,1.);
#7112=VECTOR('',#8658,1.);
#7113=VECTOR('',#8659,1.);
#7114=VECTOR('',#8660,1.);
#7115=VECTOR('',#8661,1.);
#7116=VECTOR('',#8662,1.);
#7117=VECTOR('',#8663,1.);
#7118=VECTOR('',#8664,1.);
#7119=VECTOR('',#8665,1.);
#7120=VECTOR('',#8666,1.);
#7121=VECTOR('',#8667,1.);
#7122=VECTOR('',#8670,1.);
#7123=VECTOR('',#8671,1.);
#7124=VECTOR('',#8672,1.);
#7125=VECTOR('',#8673,1.);
#7126=VECTOR('',#8674,1.);
#7127=VECTOR('',#8675,1.);
#7128=VECTOR('',#8678,1.);
#7129=VECTOR('',#8679,1.);
#7130=VECTOR('',#8682,1.);
#7131=VECTOR('',#8683,1.);
#7132=VECTOR('',#8684,1.);
#7133=VECTOR('',#8685,1.);
#7134=VECTOR('',#8686,1.);
#7135=VECTOR('',#8687,1.);
#7136=VECTOR('',#8690,1.);
#7137=VECTOR('',#8691,1.);
#7138=VECTOR('',#8692,1.);
#7139=VECTOR('',#8693,1.);
#7140=VECTOR('',#8694,1.);
#7141=VECTOR('',#8695,1.);
#7142=VECTOR('',#8698,1.);
#7143=VECTOR('',#8699,1.);
#7144=VECTOR('',#8700,1.);
#7145=VECTOR('',#8701,1.);
#7146=VECTOR('',#8702,1.);
#7147=VECTOR('',#8703,1.);
#7148=VECTOR('',#8704,1.);
#7149=VECTOR('',#8705,1.);
#7150=VECTOR('',#8706,1.);
#7151=VECTOR('',#8707,1.);
#7152=VECTOR('',#8708,1.);
#7153=VECTOR('',#8709,1.);
#7154=VECTOR('',#8710,1.);
#7155=VECTOR('',#8711,1.);
#7156=VECTOR('',#8712,1.);
#7157=VECTOR('',#8713,1.);
#7158=VECTOR('',#8714,1.);
#7159=VECTOR('',#8715,1.);
#7160=VECTOR('',#8716,1.);
#7161=VECTOR('',#8717,1.);
#7162=VECTOR('',#8718,1.);
#7163=VECTOR('',#8719,1.);
#7164=VECTOR('',#8722,1.);
#7165=VECTOR('',#8723,1.);
#7166=VECTOR('',#8724,1.);
#7167=VECTOR('',#8727,1.);
#7168=VECTOR('',#8728,1.);
#7169=VECTOR('',#8731,1.);
#7170=VECTOR('',#8732,1.);
#7171=VECTOR('',#8735,1.);
#7172=VECTOR('',#8736,1.);
#7173=VECTOR('',#8737,1.);
#7174=VECTOR('',#8740,1.);
#7175=VECTOR('',#8741,1.);
#7176=VECTOR('',#8742,1.);
#7177=VECTOR('',#8745,1.);
#7178=VECTOR('',#8748,1.);
#7179=VECTOR('',#8749,1.);
#7180=VECTOR('',#8752,1.);
#7181=VECTOR('',#8753,1.);
#7182=VECTOR('',#8754,1.);
#7183=VECTOR('',#8755,1.);
#7184=VECTOR('',#8756,1.);
#7185=VECTOR('',#8759,1.);
#7186=VECTOR('',#8762,1.);
#7187=VECTOR('',#8763,1.);
#7188=VECTOR('',#8766,1.);
#7189=VECTOR('',#8769,1.);
#7190=VECTOR('',#8774,1.);
#7191=VECTOR('',#8775,1.);
#7192=VECTOR('',#8776,1.);
#7193=VECTOR('',#8777,1.);
#7194=VECTOR('',#8780,1.);
#7195=VECTOR('',#8781,1.);
#7196=VECTOR('',#8782,1.);
#7197=VECTOR('',#8785,1.);
#7198=VECTOR('',#8786,1.);
#7199=VECTOR('',#8787,1.);
#7200=VECTOR('',#8790,1.);
#7201=VECTOR('',#8791,1.);
#7202=VECTOR('',#8792,1.);
#7203=VECTOR('',#8793,1.);
#7204=VECTOR('',#8794,1.);
#7205=VECTOR('',#8795,1.);
#7206=VECTOR('',#8796,1.);
#7207=VECTOR('',#8797,1.);
#7208=VECTOR('',#8798,1.);
#7209=VECTOR('',#8799,1.);
#7210=VECTOR('',#8800,1.);
#7211=VECTOR('',#8801,1.);
#7212=VECTOR('',#8802,1.);
#7213=VECTOR('',#8803,1.);
#7214=VECTOR('',#8804,1.);
#7215=VECTOR('',#8805,1.);
#7216=VECTOR('',#8808,1.);
#7217=VECTOR('',#8809,1.);
#7218=VECTOR('',#8812,1.);
#7219=VECTOR('',#8813,1.);
#7220=VECTOR('',#8816,1.);
#7221=VECTOR('',#8821,1.);
#7222=VECTOR('',#8822,1.);
#7223=VECTOR('',#8825,1.);
#7224=VECTOR('',#8830,1.);
#7225=VECTOR('',#8831,1.);
#7226=VECTOR('',#8834,1.);
#7227=VECTOR('',#8839,1.);
#7228=VECTOR('',#8840,1.);
#7229=VECTOR('',#8843,1.);
#7230=VECTOR('',#8848,1.);
#7231=VECTOR('',#8849,1.);
#7232=VECTOR('',#8850,1.);
#7233=VECTOR('',#8851,1.);
#7234=VECTOR('',#8854,1.);
#7235=VECTOR('',#8857,1.);
#7236=VECTOR('',#8860,1.);
#7237=VECTOR('',#8863,1.);
#7238=VECTOR('',#8866,1.);
#7239=VECTOR('',#8867,1.);
#7240=VECTOR('',#8868,1.);
#7241=VECTOR('',#8871,1.);
#7242=VECTOR('',#8876,1.);
#7243=VECTOR('',#8877,1.);
#7244=VECTOR('',#8878,1.);
#7245=VECTOR('',#8879,1.);
#7246=VECTOR('',#8882,1.);
#7247=VECTOR('',#8883,1.);
#7248=VECTOR('',#8884,1.);
#7249=VECTOR('',#8885,1.);
#7250=VECTOR('',#8888,1.);
#7251=VECTOR('',#8891,1.);
#7252=VECTOR('',#8894,1.);
#7253=VECTOR('',#8897,1.);
#7254=VECTOR('',#8916,1.);
#7255=VECTOR('',#8917,1.);
#7256=VECTOR('',#8920,1.);
#7257=VECTOR('',#8923,1.);
#7258=VECTOR('',#8928,1.);
#7259=VECTOR('',#8929,1.);
#7260=VECTOR('',#8930,1.);
#7261=VECTOR('',#8931,1.);
#7262=VECTOR('',#8934,1.);
#7263=VECTOR('',#8937,1.);
#7264=VECTOR('',#8940,1.);
#7265=VECTOR('',#8941,1.);
#7266=VECTOR('',#8944,1.);
#7267=VECTOR('',#8945,1.);
#7268=VECTOR('',#8948,1.);
#7269=VECTOR('',#8951,1.);
#7270=VECTOR('',#8956,1.);
#7271=VECTOR('',#8957,1.);
#7272=VECTOR('',#8960,1.);
#7273=VECTOR('',#8963,1.);
#7274=VECTOR('',#8968,1.);
#7275=VECTOR('',#8969,1.);
#7276=VECTOR('',#8972,1.);
#7277=VECTOR('',#8975,1.);
#7278=VECTOR('',#8980,1.);
#7279=VECTOR('',#8981,1.);
#7280=VECTOR('',#8984,1.);
#7281=VECTOR('',#8987,1.);
#7282=VECTOR('',#8992,1.);
#7283=VECTOR('',#8993,1.);
#7284=VECTOR('',#8996,1.);
#7285=VECTOR('',#8997,1.);
#7286=VECTOR('',#9000,1.);
#7287=VECTOR('',#9003,1.);
#7288=VECTOR('',#9004,1.);
#7289=VECTOR('',#9007,1.);
#7290=VECTOR('',#9008,1.);
#7291=VECTOR('',#9009,1.);
#7292=VECTOR('',#9012,1.);
#7293=VECTOR('',#9013,1.);
#7294=VECTOR('',#9014,1.);
#7295=VECTOR('',#9017,1.);
#7296=VECTOR('',#9018,1.);
#7297=VECTOR('',#9019,1.);
#7298=VECTOR('',#9022,1.);
#7299=VECTOR('',#9023,1.);
#7300=VECTOR('',#9024,1.);
#7301=VECTOR('',#9027,1.);
#7302=VECTOR('',#9028,1.);
#7303=VECTOR('',#9033,1.);
#7304=VECTOR('',#9034,1.);
#7305=VECTOR('',#9035,1.);
#7306=VECTOR('',#9038,1.);
#7307=VECTOR('',#9039,1.);
#7308=VECTOR('',#9042,1.);
#7309=VECTOR('',#9043,1.);
#7310=VECTOR('',#9046,1.);
#7311=VECTOR('',#9049,1.);
#7312=VECTOR('',#9050,1.);
#7313=VECTOR('',#9053,1.);
#7314=VECTOR('',#9054,1.);
#7315=VECTOR('',#9055,1.);
#7316=VECTOR('',#9056,1.);
#7317=VECTOR('',#9059,1.);
#7318=VECTOR('',#9062,1.);
#7319=VECTOR('',#9063,1.);
#7320=VECTOR('',#9066,1.);
#7321=VECTOR('',#9067,1.);
#7322=VECTOR('',#9068,1.);
#7323=VECTOR('',#9069,1.);
#7324=VECTOR('',#9072,1.);
#7325=VECTOR('',#9075,1.);
#7326=VECTOR('',#9076,1.);
#7327=VECTOR('',#9077,1.);
#7328=VECTOR('',#9078,1.);
#7329=VECTOR('',#9081,1.);
#7330=VECTOR('',#9082,1.);
#7331=VECTOR('',#9085,1.);
#7332=VECTOR('',#9086,1.);
#7333=VECTOR('',#9089,1.);
#7334=VECTOR('',#9094,1.);
#7335=VECTOR('',#9095,1.);
#7336=VECTOR('',#9096,1.);
#7337=VECTOR('',#9099,1.);
#7338=VECTOR('',#9100,1.);
#7339=VECTOR('',#9101,1.);
#7340=VECTOR('',#9104,1.);
#7341=VECTOR('',#9105,1.);
#7342=VECTOR('',#9108,1.);
#7343=VECTOR('',#9109,1.);
#7344=VECTOR('',#9110,1.);
#7345=VECTOR('',#9111,1.);
#7346=VECTOR('',#9114,1.);
#7347=VECTOR('',#9115,1.);
#7348=VECTOR('',#9118,1.);
#7349=VECTOR('',#9119,1.);
#7350=VECTOR('',#9126,1.);
#7351=VECTOR('',#9127,1.);
#7352=VECTOR('',#9128,1.);
#7353=VECTOR('',#9131,1.);
#7354=VECTOR('',#9132,1.);
#7355=VECTOR('',#9133,1.);
#7356=VECTOR('',#9134,1.);
#7357=VECTOR('',#9137,1.);
#7358=VECTOR('',#9138,1.);
#7359=VECTOR('',#9141,1.);
#7360=VECTOR('',#9142,1.);
#7361=VECTOR('',#9145,1.);
#7362=VECTOR('',#9146,1.);
#7363=VECTOR('',#9147,1.);
#7364=VECTOR('',#9148,1.);
#7365=VECTOR('',#9151,1.);
#7366=VECTOR('',#9152,1.);
#7367=VECTOR('',#9153,1.);
#7368=VECTOR('',#9154,1.);
#7369=VECTOR('',#9157,1.);
#7370=VECTOR('',#9158,1.);
#7371=VECTOR('',#9161,1.);
#7372=VECTOR('',#9162,1.);
#7373=VECTOR('',#9165,1.);
#7374=VECTOR('',#9166,1.);
#7375=VECTOR('',#9169,1.);
#7376=VECTOR('',#9170,1.);
#7377=VECTOR('',#9173,1.);
#7378=VECTOR('',#9174,1.);
#7379=VECTOR('',#9177,1.);
#7380=VECTOR('',#9178,1.);
#7381=VECTOR('',#9181,1.);
#7382=VECTOR('',#9182,1.);
#7383=VECTOR('',#9185,1.);
#7384=VECTOR('',#9186,1.);
#7385=VECTOR('',#9189,1.);
#7386=VECTOR('',#9190,1.);
#7387=VECTOR('',#9193,1.);
#7388=VECTOR('',#9194,1.);
#7389=VECTOR('',#9197,1.);
#7390=VECTOR('',#9198,1.);
#7391=VECTOR('',#9201,1.);
#7392=VECTOR('',#9202,1.);
#7393=VECTOR('',#9205,1.);
#7394=VECTOR('',#9206,1.);
#7395=VECTOR('',#9209,1.);
#7396=VECTOR('',#9210,1.);
#7397=VECTOR('',#9211,1.);
#7398=VECTOR('',#9212,1.);
#7399=VECTOR('',#9213,1.);
#7400=VECTOR('',#9214,1.);
#7401=VECTOR('',#9215,1.);
#7402=VECTOR('',#9218,1.);
#7403=VECTOR('',#9223,1.);
#7404=VECTOR('',#9224,1.);
#7405=VECTOR('',#9225,1.);
#7406=VECTOR('',#9228,1.);
#7407=VECTOR('',#9229,1.);
#7408=VECTOR('',#9232,1.);
#7409=VECTOR('',#9233,1.);
#7410=VECTOR('',#9236,1.);
#7411=VECTOR('',#9237,1.);
#7412=VECTOR('',#9240,1.);
#7413=VECTOR('',#9241,1.);
#7414=VECTOR('',#9244,1.);
#7415=VECTOR('',#9245,1.);
#7416=VECTOR('',#9248,1.);
#7417=VECTOR('',#9249,1.);
#7418=VECTOR('',#9252,1.);
#7419=VECTOR('',#9253,1.);
#7420=VECTOR('',#9256,1.);
#7421=VECTOR('',#9257,1.);
#7422=VECTOR('',#9260,1.);
#7423=VECTOR('',#9261,1.);
#7424=VECTOR('',#9264,1.);
#7425=VECTOR('',#9269,1.);
#7426=VECTOR('',#9270,1.);
#7427=VECTOR('',#9271,1.);
#7428=VECTOR('',#9274,1.);
#7429=VECTOR('',#9275,1.);
#7430=VECTOR('',#9278,1.);
#7431=VECTOR('',#9279,1.);
#7432=VECTOR('',#9282,1.);
#7433=VECTOR('',#9283,1.);
#7434=VECTOR('',#9286,1.);
#7435=VECTOR('',#9287,1.);
#7436=VECTOR('',#9290,1.);
#7437=VECTOR('',#9291,1.);
#7438=VECTOR('',#9294,1.);
#7439=VECTOR('',#9295,1.);
#7440=VECTOR('',#9298,1.);
#7441=VECTOR('',#9299,1.);
#7442=VECTOR('',#9302,1.);
#7443=VECTOR('',#9303,1.);
#7444=VECTOR('',#9306,1.);
#7445=VECTOR('',#9307,1.);
#7446=VECTOR('',#9310,1.);
#7447=VECTOR('',#9311,1.);
#7448=VECTOR('',#9314,1.);
#7449=VECTOR('',#9315,1.);
#7450=VECTOR('',#9318,1.);
#7451=VECTOR('',#9319,1.);
#7452=VECTOR('',#9322,1.);
#7453=VECTOR('',#9323,1.);
#7454=VECTOR('',#9326,1.);
#7455=VECTOR('',#9327,1.);
#7456=VECTOR('',#9330,1.);
#7457=VECTOR('',#9335,1.);
#7458=VECTOR('',#9336,1.);
#7459=VECTOR('',#9337,1.);
#7460=VECTOR('',#9340,1.);
#7461=VECTOR('',#9341,1.);
#7462=VECTOR('',#9344,1.);
#7463=VECTOR('',#9345,1.);
#7464=VECTOR('',#9348,1.);
#7465=VECTOR('',#9349,1.);
#7466=VECTOR('',#9352,1.);
#7467=VECTOR('',#9353,1.);
#7468=VECTOR('',#9356,1.);
#7469=VECTOR('',#9357,1.);
#7470=VECTOR('',#9360,1.);
#7471=VECTOR('',#9361,1.);
#7472=VECTOR('',#9364,1.);
#7473=VECTOR('',#9365,1.);
#7474=VECTOR('',#9368,1.);
#7475=VECTOR('',#9369,1.);
#7476=VECTOR('',#9372,1.);
#7477=VECTOR('',#9373,1.);
#7478=VECTOR('',#9376,1.);
#7479=VECTOR('',#9377,1.);
#7480=VECTOR('',#9380,1.);
#7481=VECTOR('',#9381,1.);
#7482=VECTOR('',#9384,1.);
#7483=VECTOR('',#9385,1.);
#7484=VECTOR('',#9388,1.);
#7485=VECTOR('',#9389,1.);
#7486=VECTOR('',#9392,1.);
#7487=VECTOR('',#9393,1.);
#7488=VECTOR('',#9396,1.);
#7489=VECTOR('',#9397,1.);
#7490=VECTOR('',#9400,1.);
#7491=VECTOR('',#9401,1.);
#7492=VECTOR('',#9404,1.);
#7493=VECTOR('',#9405,1.);
#7494=VECTOR('',#9408,1.);
#7495=VECTOR('',#9409,1.);
#7496=VECTOR('',#9412,1.);
#7497=VECTOR('',#9413,1.);
#7498=VECTOR('',#9416,1.);
#7499=VECTOR('',#9417,1.);
#7500=VECTOR('',#9420,1.);
#7501=VECTOR('',#9421,1.);
#7502=VECTOR('',#9424,1.);
#7503=VECTOR('',#9425,1.);
#7504=VECTOR('',#9428,1.);
#7505=VECTOR('',#9429,1.);
#7506=VECTOR('',#9432,1.);
#7507=VECTOR('',#9443,1.);
#7508=VECTOR('',#9444,1.);
#7509=VECTOR('',#9445,1.);
#7510=VECTOR('',#9448,1.);
#7511=VECTOR('',#9449,1.);
#7512=VECTOR('',#9452,1.);
#7513=VECTOR('',#9453,1.);
#7514=VECTOR('',#9456,1.);
#7515=VECTOR('',#9457,1.);
#7516=VECTOR('',#9460,1.);
#7517=VECTOR('',#9461,1.);
#7518=VECTOR('',#9464,1.);
#7519=VECTOR('',#9469,1.);
#7520=VECTOR('',#9470,1.);
#7521=VECTOR('',#9471,1.);
#7522=VECTOR('',#9474,1.);
#7523=VECTOR('',#9475,1.);
#7524=VECTOR('',#9478,1.);
#7525=VECTOR('',#9479,1.);
#7526=VECTOR('',#9482,1.);
#7527=VECTOR('',#9483,1.);
#7528=VECTOR('',#9486,1.);
#7529=VECTOR('',#9487,1.);
#7530=VECTOR('',#9490,1.);
#7531=VECTOR('',#9491,1.);
#7532=VECTOR('',#9494,1.);
#7533=VECTOR('',#9495,1.);
#7534=VECTOR('',#9498,1.);
#7535=VECTOR('',#9499,1.);
#7536=VECTOR('',#9500,1.);
#7537=VECTOR('',#9501,1.);
#7538=VECTOR('',#9504,1.);
#7539=VECTOR('',#9505,1.);
#7540=VECTOR('',#9506,1.);
#7541=VECTOR('',#9509,1.);
#7542=VECTOR('',#9510,1.);
#7543=VECTOR('',#9511,1.);
#7544=VECTOR('',#9514,1.);
#7545=VECTOR('',#9515,1.);
#7546=VECTOR('',#9516,1.);
#7547=VECTOR('',#9519,1.);
#7548=VECTOR('',#9520,1.);
#7549=VECTOR('',#9521,1.);
#7550=VECTOR('',#9524,1.);
#7551=VECTOR('',#9525,1.);
#7552=VECTOR('',#9528,1.);
#7553=VECTOR('',#9535,1.);
#7554=VECTOR('',#9536,1.);
#7555=VECTOR('',#9537,1.);
#7556=VECTOR('',#9540,1.);
#7557=VECTOR('',#9541,1.);
#7558=VECTOR('',#9544,1.);
#7559=VECTOR('',#9545,1.);
#7560=VECTOR('',#9548,1.);
#7561=VECTOR('',#9549,1.);
#7562=VECTOR('',#9552,1.);
#7563=VECTOR('',#9553,1.);
#7564=VECTOR('',#9556,1.);
#7565=VECTOR('',#9557,1.);
#7566=VECTOR('',#9560,1.);
#7567=VECTOR('',#9561,1.);
#7568=VECTOR('',#9562,1.);
#7569=VECTOR('',#9563,1.);
#7570=VECTOR('',#9566,1.);
#7571=VECTOR('',#9567,1.);
#7572=VECTOR('',#9568,1.);
#7573=VECTOR('',#9571,1.);
#7574=VECTOR('',#9572,1.);
#7575=VECTOR('',#9575,1.);
#7576=VECTOR('',#9582,1.);
#7577=VECTOR('',#9583,1.);
#7578=VECTOR('',#9584,1.);
#7579=VECTOR('',#9587,1.);
#7580=VECTOR('',#9588,1.);
#7581=VECTOR('',#9591,1.);
#7582=VECTOR('',#9592,1.);
#7583=VECTOR('',#9595,1.);
#7584=VECTOR('',#9596,1.);
#7585=VECTOR('',#9599,1.);
#7586=VECTOR('',#9600,1.);
#7587=VECTOR('',#9603,1.);
#7588=VECTOR('',#9608,1.);
#7589=VECTOR('',#9609,1.);
#7590=VECTOR('',#9612,1.);
#7591=VECTOR('',#9615,1.);
#7592=VECTOR('',#9620,1.);
#7593=VECTOR('',#9621,1.);
#7594=VECTOR('',#9624,1.);
#7595=VECTOR('',#9625,1.);
#7596=VECTOR('',#9626,1.);
#7597=VECTOR('',#9629,1.);
#7598=VECTOR('',#9630,1.);
#7599=VECTOR('',#9631,1.);
#7600=VECTOR('',#9636,1.);
#7601=VECTOR('',#9639,1.);
#7602=VECTOR('',#9642,1.);
#7603=VECTOR('',#9643,1.);
#7604=VECTOR('',#9644,1.);
#7605=VECTOR('',#9647,1.);
#7606=VECTOR('',#9650,1.);
#7607=VECTOR('',#9657,1.);
#7608=VECTOR('',#9660,1.);
#7609=VECTOR('',#9663,1.);
#7610=VECTOR('',#9664,1.);
#7611=VECTOR('',#9665,1.);
#7612=VECTOR('',#9668,1.);
#7613=VECTOR('',#9671,1.);
#7614=VECTOR('',#9676,1.);
#7615=VECTOR('',#9679,1.);
#7616=VECTOR('',#9682,1.);
#7617=VECTOR('',#9685,1.);
#7618=VECTOR('',#9688,1.);
#7619=VECTOR('',#9691,1.);
#7620=VECTOR('',#9694,1.);
#7621=VECTOR('',#9697,1.);
#7622=VECTOR('',#9700,1.);
#7623=VECTOR('',#9703,1.);
#7624=VECTOR('',#9706,1.);
#7625=VECTOR('',#9709,1.);
#7626=VECTOR('',#9712,1.);
#7627=VECTOR('',#9713,1.);
#7628=VECTOR('',#9714,1.);
#7629=VECTOR('',#9715,1.);
#7630=VECTOR('',#9718,1.);
#7631=VECTOR('',#9719,1.);
#7632=VECTOR('',#9722,1.);
#7633=VECTOR('',#9723,1.);
#7634=VECTOR('',#9730,1.);
#7635=VECTOR('',#9731,1.);
#7636=VECTOR('',#9734,1.);
#7637=VECTOR('',#9739,1.);
#7638=VECTOR('',#9740,1.);
#7639=VECTOR('',#9743,1.);
#7640=VECTOR('',#9748,1.);
#7641=VECTOR('',#9749,1.);
#7642=VECTOR('',#9750,1.);
#7643=VECTOR('',#9753,1.);
#7644=VECTOR('',#9754,1.);
#7645=VECTOR('',#9755,1.);
#7646=VECTOR('',#9760,1.);
#7647=VECTOR('',#9763,1.);
#7648=VECTOR('',#9766,1.);
#7649=VECTOR('',#9767,1.);
#7650=VECTOR('',#9768,1.);
#7651=VECTOR('',#9771,1.);
#7652=VECTOR('',#9774,1.);
#7653=VECTOR('',#9781,1.);
#7654=VECTOR('',#9784,1.);
#7655=VECTOR('',#9787,1.);
#7656=VECTOR('',#9788,1.);
#7657=VECTOR('',#9789,1.);
#7658=VECTOR('',#9792,1.);
#7659=VECTOR('',#9795,1.);
#7660=VECTOR('',#9800,1.);
#7661=VECTOR('',#9803,1.);
#7662=VECTOR('',#9806,1.);
#7663=VECTOR('',#9809,1.);
#7664=VECTOR('',#9812,1.);
#7665=VECTOR('',#9815,1.);
#7666=VECTOR('',#9818,1.);
#7667=VECTOR('',#9821,1.);
#7668=VECTOR('',#9824,1.);
#7669=VECTOR('',#9827,1.);
#7670=VECTOR('',#9830,1.);
#7671=VECTOR('',#9833,1.);
#7672=VECTOR('',#9836,1.);
#7673=VECTOR('',#9837,1.);
#7674=VECTOR('',#9838,1.);
#7675=VECTOR('',#9839,1.);
#7676=VECTOR('',#9842,1.);
#7677=VECTOR('',#9843,1.);
#7678=VECTOR('',#9846,1.);
#7679=VECTOR('',#9847,1.);
#7680=VECTOR('',#9854,1.);
#7681=VECTOR('',#9855,1.);
#7682=VECTOR('',#9856,1.);
#7683=VECTOR('',#9859,1.);
#7684=VECTOR('',#9860,1.);
#7685=VECTOR('',#9861,1.);
#7686=VECTOR('',#9866,1.);
#7687=VECTOR('',#9869,1.);
#7688=VECTOR('',#9872,1.);
#7689=VECTOR('',#9873,1.);
#7690=VECTOR('',#9874,1.);
#7691=VECTOR('',#9877,1.);
#7692=VECTOR('',#9880,1.);
#7693=VECTOR('',#9887,1.);
#7694=VECTOR('',#9890,1.);
#7695=VECTOR('',#9893,1.);
#7696=VECTOR('',#9894,1.);
#7697=VECTOR('',#9895,1.);
#7698=VECTOR('',#9898,1.);
#7699=VECTOR('',#9901,1.);
#7700=VECTOR('',#9906,1.);
#7701=VECTOR('',#9909,1.);
#7702=VECTOR('',#9912,1.);
#7703=VECTOR('',#9915,1.);
#7704=VECTOR('',#9918,1.);
#7705=VECTOR('',#9921,1.);
#7706=VECTOR('',#9924,1.);
#7707=VECTOR('',#9927,1.);
#7708=VECTOR('',#9930,1.);
#7709=VECTOR('',#9933,1.);
#7710=VECTOR('',#9936,1.);
#7711=VECTOR('',#9939,1.);
#7712=VECTOR('',#9942,1.);
#7713=VECTOR('',#9943,1.);
#7714=VECTOR('',#9944,1.);
#7715=VECTOR('',#9945,1.);
#7716=VECTOR('',#9948,1.);
#7717=VECTOR('',#9949,1.);
#7718=VECTOR('',#9952,1.);
#7719=VECTOR('',#9953,1.);
#7720=VECTOR('',#9964,1.);
#7721=VECTOR('',#9965,1.);
#7722=VECTOR('',#9968,1.);
#7723=VECTOR('',#9971,1.);
#7724=VECTOR('',#9974,1.);
#7725=VECTOR('',#9975,1.);
#7726=VECTOR('',#9978,1.);
#7727=VECTOR('',#9981,1.);
#7728=VECTOR('',#9984,1.);
#7729=VECTOR('',#9987,1.);
#7730=VECTOR('',#9990,1.);
#7731=VECTOR('',#9991,1.);
#7732=VECTOR('',#9992,1.);
#7733=VECTOR('',#9997,1.);
#7734=VECTOR('',#10000,1.);
#7735=VECTOR('',#10001,1.);
#7736=VECTOR('',#10004,1.);
#7737=VECTOR('',#10007,1.);
#7738=VECTOR('',#10010,1.);
#7739=VECTOR('',#10013,1.);
#7740=VECTOR('',#10016,1.);
#7741=VECTOR('',#10019,1.);
#7742=VECTOR('',#10028,1.);
#7743=VECTOR('',#10029,1.);
#7744=VECTOR('',#10030,1.);
#7745=VECTOR('',#10031,1.);
#7746=VECTOR('',#10034,1.);
#7747=VECTOR('',#10035,1.);
#7748=VECTOR('',#10036,1.);
#7749=VECTOR('',#10039,1.);
#7750=VECTOR('',#10040,1.);
#7751=VECTOR('',#10041,1.);
#7752=VECTOR('',#10044,1.);
#7753=VECTOR('',#10045,1.);
#7754=VECTOR('',#10048,1.);
#7755=VECTOR('',#10049,1.);
#7756=VECTOR('',#10052,1.);
#7757=VECTOR('',#10053,1.);
#7758=VECTOR('',#10062,1.);
#7759=VECTOR('',#10065,1.);
#7760=VECTOR('',#10066,1.);
#7761=VECTOR('',#10069,1.);
#7762=VECTOR('',#10070,1.);
#7763=VECTOR('',#10075,1.);
#7764=VECTOR('',#10078,1.);
#7765=VECTOR('',#10083,1.);
#7766=VECTOR('',#10084,1.);
#7767=VECTOR('',#10087,1.);
#7768=VECTOR('',#10088,1.);
#7769=VECTOR('',#10091,1.);
#7770=VECTOR('',#10096,1.);
#7771=VECTOR('',#10101,1.);
#7772=VECTOR('',#10102,1.);
#7773=VECTOR('',#10103,1.);
#7774=VECTOR('',#10106,1.);
#7775=VECTOR('',#10107,1.);
#7776=VECTOR('',#10108,1.);
#7777=VECTOR('',#10111,1.);
#7778=VECTOR('',#10112,1.);
#7779=VECTOR('',#10113,1.);
#7780=VECTOR('',#10114,1.);
#7781=VECTOR('',#10117,1.);
#7782=VECTOR('',#10120,1.);
#7783=VECTOR('',#10123,1.);
#7784=VECTOR('',#10124,1.);
#7785=VECTOR('',#10127,1.);
#7786=VECTOR('',#10130,1.);
#7787=VECTOR('',#10135,1.);
#7788=VECTOR('',#10136,1.);
#7789=VECTOR('',#10137,1.);
#7790=VECTOR('',#10138,1.);
#7791=VECTOR('',#10143,1.);
#7792=VECTOR('',#10148,1.);
#7793=VECTOR('',#10149,1.);
#7794=VECTOR('',#10150,1.);
#7795=VECTOR('',#10153,1.);
#7796=VECTOR('',#10154,1.);
#7797=VECTOR('',#10161,1.);
#7798=VECTOR('',#10162,1.);
#7799=VECTOR('',#10163,1.);
#7800=VECTOR('',#10164,1.);
#7801=VECTOR('',#10167,1.);
#7802=VECTOR('',#10174,1.);
#7803=VECTOR('',#10177,1.);
#7804=VECTOR('',#10182,1.);
#7805=VECTOR('',#10183,1.);
#7806=VECTOR('',#10184,1.);
#7807=VECTOR('',#10185,1.);
#7808=VECTOR('',#10190,1.);
#7809=VECTOR('',#10193,1.);
#7810=VECTOR('',#10198,1.);
#7811=VECTOR('',#10203,1.);
#7812=VECTOR('',#10204,1.);
#7813=VECTOR('',#10205,1.);
#7814=VECTOR('',#10206,1.);
#7815=VECTOR('',#10209,1.);
#7816=VECTOR('',#10210,1.);
#7817=VECTOR('',#10211,1.);
#7818=VECTOR('',#10212,1.);
#7819=VECTOR('',#10221,1.);
#7820=VECTOR('',#10222,1.);
#7821=AXIS2_PLACEMENT_3D('',#10229,#8287,#8288);
#7822=AXIS2_PLACEMENT_3D('',#10233,#8290,#8291);
#7823=AXIS2_PLACEMENT_3D('',#10237,#8293,#8294);
#7824=AXIS2_PLACEMENT_3D('',#10242,#8297,#8298);
#7825=AXIS2_PLACEMENT_3D('',#10251,#8303,#8304);
#7826=AXIS2_PLACEMENT_3D('',#10257,#8308,#8309);
#7827=AXIS2_PLACEMENT_3D('',#10264,#8313,#8314);
#7828=AXIS2_PLACEMENT_3D('',#10268,#8316,#8317);
#7829=AXIS2_PLACEMENT_3D('',#10272,#8319,#8320);
#7830=AXIS2_PLACEMENT_3D('',#10277,#8323,#8324);
#7831=AXIS2_PLACEMENT_3D('',#10281,#8326,#8327);
#7832=AXIS2_PLACEMENT_3D('',#10285,#8329,#8330);
#7833=AXIS2_PLACEMENT_3D('',#10290,#8333,#8334);
#7834=AXIS2_PLACEMENT_3D('',#10297,#8338,#8339);
#7835=AXIS2_PLACEMENT_3D('',#10304,#8343,#8344);
#7836=AXIS2_PLACEMENT_3D('',#10313,#8349,#8350);
#7837=AXIS2_PLACEMENT_3D('',#10324,#8356,#8357);
#7838=AXIS2_PLACEMENT_3D('',#10335,#8363,#8364);
#7839=AXIS2_PLACEMENT_3D('',#10345,#8370,#8371);
#7840=AXIS2_PLACEMENT_3D('',#10354,#8376,#8377);
#7841=AXIS2_PLACEMENT_3D('',#10360,#8381,#8382);
#7842=AXIS2_PLACEMENT_3D('',#10369,#8387,#8388);
#7843=AXIS2_PLACEMENT_3D('',#10548,#8480,#8481);
#7844=AXIS2_PLACEMENT_3D('',#10784,#8557,#8558);
#7845=AXIS2_PLACEMENT_3D('',#10789,#8562,#8563);
#7846=AXIS2_PLACEMENT_3D('',#10804,#8571,#8572);
#7847=AXIS2_PLACEMENT_3D('',#10813,#8577,#8578);
#7848=AXIS2_PLACEMENT_3D('',#10822,#8583,#8584);
#7849=AXIS2_PLACEMENT_3D('',#10828,#8588,#8589);
#7850=AXIS2_PLACEMENT_3D('',#10837,#8594,#8595);
#7851=AXIS2_PLACEMENT_3D('',#10854,#8604,#8605);
#7852=AXIS2_PLACEMENT_3D('',#10870,#8615,#8616);
#7853=AXIS2_PLACEMENT_3D('',#10901,#8634,#8635);
#7854=AXIS2_PLACEMENT_3D('',#10915,#8644,#8645);
#7855=AXIS2_PLACEMENT_3D('',#10931,#8656,#8657);
#7856=AXIS2_PLACEMENT_3D('',#10950,#8668,#8669);
#7857=AXIS2_PLACEMENT_3D('',#10962,#8676,#8677);
#7858=AXIS2_PLACEMENT_3D('',#10966,#8680,#8681);
#7859=AXIS2_PLACEMENT_3D('',#10977,#8688,#8689);
#7860=AXIS2_PLACEMENT_3D('',#10988,#8696,#8697);
#7861=AXIS2_PLACEMENT_3D('',#11027,#8720,#8721);
#7862=AXIS2_PLACEMENT_3D('',#11033,#8725,#8726);
#7863=AXIS2_PLACEMENT_3D('',#11036,#8729,#8730);
#7864=AXIS2_PLACEMENT_3D('',#11039,#8733,#8734);
#7865=AXIS2_PLACEMENT_3D('',#11044,#8738,#8739);
#7866=AXIS2_PLACEMENT_3D('',#11049,#8743,#8744);
#7867=AXIS2_PLACEMENT_3D('',#11051,#8746,#8747);
#7868=AXIS2_PLACEMENT_3D('',#11055,#8750,#8751);
#7869=AXIS2_PLACEMENT_3D('',#11064,#8757,#8758);
#7870=AXIS2_PLACEMENT_3D('',#11066,#8760,#8761);
#7871=AXIS2_PLACEMENT_3D('',#11069,#8764,#8765);
#7872=AXIS2_PLACEMENT_3D('',#11071,#8767,#8768);
#7873=AXIS2_PLACEMENT_3D('',#11073,#8770,#8771);
#7874=AXIS2_PLACEMENT_3D('',#11074,#8772,#8773);
#7875=AXIS2_PLACEMENT_3D('',#11083,#8778,#8779);
#7876=AXIS2_PLACEMENT_3D('',#11089,#8783,#8784);
#7877=AXIS2_PLACEMENT_3D('',#11095,#8788,#8789);
#7878=AXIS2_PLACEMENT_3D('',#11128,#8806,#8807);
#7879=AXIS2_PLACEMENT_3D('',#11131,#8810,#8811);
#7880=AXIS2_PLACEMENT_3D('',#11135,#8814,#8815);
#7881=AXIS2_PLACEMENT_3D('',#11137,#8817,#8818);
#7882=AXIS2_PLACEMENT_3D('',#11138,#8819,#8820);
#7883=AXIS2_PLACEMENT_3D('',#11142,#8823,#8824);
#7884=AXIS2_PLACEMENT_3D('',#11144,#8826,#8827);
#7885=AXIS2_PLACEMENT_3D('',#11145,#8828,#8829);
#7886=AXIS2_PLACEMENT_3D('',#11149,#8832,#8833);
#7887=AXIS2_PLACEMENT_3D('',#11151,#8835,#8836);
#7888=AXIS2_PLACEMENT_3D('',#11152,#8837,#8838);
#7889=AXIS2_PLACEMENT_3D('',#11156,#8841,#8842);
#7890=AXIS2_PLACEMENT_3D('',#11158,#8844,#8845);
#7891=AXIS2_PLACEMENT_3D('',#11159,#8846,#8847);
#7892=AXIS2_PLACEMENT_3D('',#11168,#8852,#8853);
#7893=AXIS2_PLACEMENT_3D('',#11172,#8855,#8856);
#7894=AXIS2_PLACEMENT_3D('',#11176,#8858,#8859);
#7895=AXIS2_PLACEMENT_3D('',#11180,#8861,#8862);
#7896=AXIS2_PLACEMENT_3D('',#11184,#8864,#8865);
#7897=AXIS2_PLACEMENT_3D('',#11192,#8869,#8870);
#7898=AXIS2_PLACEMENT_3D('',#11196,#8872,#8873);
#7899=AXIS2_PLACEMENT_3D('',#11197,#8874,#8875);
#7900=AXIS2_PLACEMENT_3D('',#11206,#8880,#8881);
#7901=AXIS2_PLACEMENT_3D('',#11215,#8886,#8887);
#7902=AXIS2_PLACEMENT_3D('',#11217,#8889,#8890);
#7903=AXIS2_PLACEMENT_3D('',#11219,#8892,#8893);
#7904=AXIS2_PLACEMENT_3D('',#11221,#8895,#8896);
#7905=AXIS2_PLACEMENT_3D('',#11223,#8898,#8899);
#7906=AXIS2_PLACEMENT_3D('',#11224,#8900,#8901);
#7907=AXIS2_PLACEMENT_3D('',#11225,#8902,#8903);
#7908=AXIS2_PLACEMENT_3D('',#11226,#8904,#8905);
#7909=AXIS2_PLACEMENT_3D('',#11227,#8906,#8907);
#7910=AXIS2_PLACEMENT_3D('',#11228,#8908,#8909);
#7911=AXIS2_PLACEMENT_3D('',#11229,#8910,#8911);
#7912=AXIS2_PLACEMENT_3D('',#11230,#8912,#8913);
#7913=AXIS2_PLACEMENT_3D('',#11231,#8914,#8915);
#7914=AXIS2_PLACEMENT_3D('',#11234,#8918,#8919);
#7915=AXIS2_PLACEMENT_3D('',#11236,#8921,#8922);
#7916=AXIS2_PLACEMENT_3D('',#11238,#8924,#8925);
#7917=AXIS2_PLACEMENT_3D('',#11239,#8926,#8927);
#7918=AXIS2_PLACEMENT_3D('',#11244,#8932,#8933);
#7919=AXIS2_PLACEMENT_3D('',#11246,#8935,#8936);
#7920=AXIS2_PLACEMENT_3D('',#11248,#8938,#8939);
#7921=AXIS2_PLACEMENT_3D('',#11251,#8942,#8943);
#7922=AXIS2_PLACEMENT_3D('',#11254,#8946,#8947);
#7923=AXIS2_PLACEMENT_3D('',#11256,#8949,#8950);
#7924=AXIS2_PLACEMENT_3D('',#11258,#8952,#8953);
#7925=AXIS2_PLACEMENT_3D('',#11259,#8954,#8955);
#7926=AXIS2_PLACEMENT_3D('',#11262,#8958,#8959);
#7927=AXIS2_PLACEMENT_3D('',#11264,#8961,#8962);
#7928=AXIS2_PLACEMENT_3D('',#11266,#8964,#8965);
#7929=AXIS2_PLACEMENT_3D('',#11267,#8966,#8967);
#7930=AXIS2_PLACEMENT_3D('',#11270,#8970,#8971);
#7931=AXIS2_PLACEMENT_3D('',#11272,#8973,#8974);
#7932=AXIS2_PLACEMENT_3D('',#11274,#8976,#8977);
#7933=AXIS2_PLACEMENT_3D('',#11275,#8978,#8979);
#7934=AXIS2_PLACEMENT_3D('',#11278,#8982,#8983);
#7935=AXIS2_PLACEMENT_3D('',#11280,#8985,#8986);
#7936=AXIS2_PLACEMENT_3D('',#11282,#8988,#8989);
#7937=AXIS2_PLACEMENT_3D('',#11283,#8990,#8991);
#7938=AXIS2_PLACEMENT_3D('',#11287,#8994,#8995);
#7939=AXIS2_PLACEMENT_3D('',#11291,#8998,#8999);
#7940=AXIS2_PLACEMENT_3D('',#11293,#9001,#9002);
#7941=AXIS2_PLACEMENT_3D('',#11297,#9005,#9006);
#7942=AXIS2_PLACEMENT_3D('',#11303,#9010,#9011);
#7943=AXIS2_PLACEMENT_3D('',#11308,#9015,#9016);
#7944=AXIS2_PLACEMENT_3D('',#11314,#9020,#9021);
#7945=AXIS2_PLACEMENT_3D('',#11320,#9025,#9026);
#7946=AXIS2_PLACEMENT_3D('',#11323,#9029,#9030);
#7947=AXIS2_PLACEMENT_3D('',#11324,#9031,#9032);
#7948=AXIS2_PLACEMENT_3D('',#11330,#9036,#9037);
#7949=AXIS2_PLACEMENT_3D('',#11334,#9040,#9041);
#7950=AXIS2_PLACEMENT_3D('',#11338,#9044,#9045);
#7951=AXIS2_PLACEMENT_3D('',#11340,#9047,#9048);
#7952=AXIS2_PLACEMENT_3D('',#11344,#9051,#9052);
#7953=AXIS2_PLACEMENT_3D('',#11350,#9057,#9058);
#7954=AXIS2_PLACEMENT_3D('',#11352,#9060,#9061);
#7955=AXIS2_PLACEMENT_3D('',#11356,#9064,#9065);
#7956=AXIS2_PLACEMENT_3D('',#11363,#9070,#9071);
#7957=AXIS2_PLACEMENT_3D('',#11365,#9073,#9074);
#7958=AXIS2_PLACEMENT_3D('',#11372,#9079,#9080);
#7959=AXIS2_PLACEMENT_3D('',#11376,#9083,#9084);
#7960=AXIS2_PLACEMENT_3D('',#11380,#9087,#9088);
#7961=AXIS2_PLACEMENT_3D('',#11382,#9090,#9091);
#7962=AXIS2_PLACEMENT_3D('',#11383,#9092,#9093);
#7963=AXIS2_PLACEMENT_3D('',#11389,#9097,#9098);
#7964=AXIS2_PLACEMENT_3D('',#11395,#9102,#9103);
#7965=AXIS2_PLACEMENT_3D('',#11398,#9106,#9107);
#7966=AXIS2_PLACEMENT_3D('',#11407,#9112,#9113);
#7967=AXIS2_PLACEMENT_3D('',#11410,#9116,#9117);
#7968=AXIS2_PLACEMENT_3D('',#11413,#9120,#9121);
#7969=AXIS2_PLACEMENT_3D('',#11414,#9122,#9123);
#7970=AXIS2_PLACEMENT_3D('',#11415,#9124,#9125);
#7971=AXIS2_PLACEMENT_3D('',#11421,#9129,#9130);
#7972=AXIS2_PLACEMENT_3D('',#11457,#9135,#9136);
#7973=AXIS2_PLACEMENT_3D('',#11461,#9139,#9140);
#7974=AXIS2_PLACEMENT_3D('',#11465,#9143,#9144);
#7975=AXIS2_PLACEMENT_3D('',#11523,#9149,#9150);
#7976=AXIS2_PLACEMENT_3D('',#11569,#9155,#9156);
#7977=AXIS2_PLACEMENT_3D('',#11573,#9159,#9160);
#7978=AXIS2_PLACEMENT_3D('',#11577,#9163,#9164);
#7979=AXIS2_PLACEMENT_3D('',#11581,#9167,#9168);
#7980=AXIS2_PLACEMENT_3D('',#11585,#9171,#9172);
#7981=AXIS2_PLACEMENT_3D('',#11589,#9175,#9176);
#7982=AXIS2_PLACEMENT_3D('',#11593,#9179,#9180);
#7983=AXIS2_PLACEMENT_3D('',#11597,#9183,#9184);
#7984=AXIS2_PLACEMENT_3D('',#11601,#9187,#9188);
#7985=AXIS2_PLACEMENT_3D('',#11605,#9191,#9192);
#7986=AXIS2_PLACEMENT_3D('',#11609,#9195,#9196);
#7987=AXIS2_PLACEMENT_3D('',#11613,#9199,#9200);
#7988=AXIS2_PLACEMENT_3D('',#11617,#9203,#9204);
#7989=AXIS2_PLACEMENT_3D('',#11621,#9207,#9208);
#7990=AXIS2_PLACEMENT_3D('',#11690,#9216,#9217);
#7991=AXIS2_PLACEMENT_3D('',#11731,#9219,#9220);
#7992=AXIS2_PLACEMENT_3D('',#11732,#9221,#9222);
#7993=AXIS2_PLACEMENT_3D('',#11738,#9226,#9227);
#7994=AXIS2_PLACEMENT_3D('',#11742,#9230,#9231);
#7995=AXIS2_PLACEMENT_3D('',#11746,#9234,#9235);
#7996=AXIS2_PLACEMENT_3D('',#11750,#9238,#9239);
#7997=AXIS2_PLACEMENT_3D('',#11754,#9242,#9243);
#7998=AXIS2_PLACEMENT_3D('',#11758,#9246,#9247);
#7999=AXIS2_PLACEMENT_3D('',#11762,#9250,#9251);
#8000=AXIS2_PLACEMENT_3D('',#11766,#9254,#9255);
#8001=AXIS2_PLACEMENT_3D('',#11770,#9258,#9259);
#8002=AXIS2_PLACEMENT_3D('',#11774,#9262,#9263);
#8003=AXIS2_PLACEMENT_3D('',#11776,#9265,#9266);
#8004=AXIS2_PLACEMENT_3D('',#11777,#9267,#9268);
#8005=AXIS2_PLACEMENT_3D('',#11783,#9272,#9273);
#8006=AXIS2_PLACEMENT_3D('',#11787,#9276,#9277);
#8007=AXIS2_PLACEMENT_3D('',#11791,#9280,#9281);
#8008=AXIS2_PLACEMENT_3D('',#11795,#9284,#9285);
#8009=AXIS2_PLACEMENT_3D('',#11799,#9288,#9289);
#8010=AXIS2_PLACEMENT_3D('',#11803,#9292,#9293);
#8011=AXIS2_PLACEMENT_3D('',#11807,#9296,#9297);
#8012=AXIS2_PLACEMENT_3D('',#11811,#9300,#9301);
#8013=AXIS2_PLACEMENT_3D('',#11815,#9304,#9305);
#8014=AXIS2_PLACEMENT_3D('',#11819,#9308,#9309);
#8015=AXIS2_PLACEMENT_3D('',#11823,#9312,#9313);
#8016=AXIS2_PLACEMENT_3D('',#11827,#9316,#9317);
#8017=AXIS2_PLACEMENT_3D('',#11831,#9320,#9321);
#8018=AXIS2_PLACEMENT_3D('',#11835,#9324,#9325);
#8019=AXIS2_PLACEMENT_3D('',#11839,#9328,#9329);
#8020=AXIS2_PLACEMENT_3D('',#11841,#9331,#9332);
#8021=AXIS2_PLACEMENT_3D('',#11842,#9333,#9334);
#8022=AXIS2_PLACEMENT_3D('',#11848,#9338,#9339);
#8023=AXIS2_PLACEMENT_3D('',#11852,#9342,#9343);
#8024=AXIS2_PLACEMENT_3D('',#11856,#9346,#9347);
#8025=AXIS2_PLACEMENT_3D('',#11860,#9350,#9351);
#8026=AXIS2_PLACEMENT_3D('',#11864,#9354,#9355);
#8027=AXIS2_PLACEMENT_3D('',#11868,#9358,#9359);
#8028=AXIS2_PLACEMENT_3D('',#11872,#9362,#9363);
#8029=AXIS2_PLACEMENT_3D('',#11876,#9366,#9367);
#8030=AXIS2_PLACEMENT_3D('',#11880,#9370,#9371);
#8031=AXIS2_PLACEMENT_3D('',#11884,#9374,#9375);
#8032=AXIS2_PLACEMENT_3D('',#11888,#9378,#9379);
#8033=AXIS2_PLACEMENT_3D('',#11892,#9382,#9383);
#8034=AXIS2_PLACEMENT_3D('',#11896,#9386,#9387);
#8035=AXIS2_PLACEMENT_3D('',#11900,#9390,#9391);
#8036=AXIS2_PLACEMENT_3D('',#11904,#9394,#9395);
#8037=AXIS2_PLACEMENT_3D('',#11908,#9398,#9399);
#8038=AXIS2_PLACEMENT_3D('',#11912,#9402,#9403);
#8039=AXIS2_PLACEMENT_3D('',#11916,#9406,#9407);
#8040=AXIS2_PLACEMENT_3D('',#11920,#9410,#9411);
#8041=AXIS2_PLACEMENT_3D('',#11924,#9414,#9415);
#8042=AXIS2_PLACEMENT_3D('',#11928,#9418,#9419);
#8043=AXIS2_PLACEMENT_3D('',#11932,#9422,#9423);
#8044=AXIS2_PLACEMENT_3D('',#11936,#9426,#9427);
#8045=AXIS2_PLACEMENT_3D('',#11940,#9430,#9431);
#8046=AXIS2_PLACEMENT_3D('',#11942,#9433,#9434);
#8047=AXIS2_PLACEMENT_3D('',#11943,#9435,#9436);
#8048=AXIS2_PLACEMENT_3D('',#11944,#9437,#9438);
#8049=AXIS2_PLACEMENT_3D('',#11945,#9439,#9440);
#8050=AXIS2_PLACEMENT_3D('',#11946,#9441,#9442);
#8051=AXIS2_PLACEMENT_3D('',#11952,#9446,#9447);
#8052=AXIS2_PLACEMENT_3D('',#11956,#9450,#9451);
#8053=AXIS2_PLACEMENT_3D('',#11960,#9454,#9455);
#8054=AXIS2_PLACEMENT_3D('',#11964,#9458,#9459);
#8055=AXIS2_PLACEMENT_3D('',#11968,#9462,#9463);
#8056=AXIS2_PLACEMENT_3D('',#11970,#9465,#9466);
#8057=AXIS2_PLACEMENT_3D('',#11971,#9467,#9468);
#8058=AXIS2_PLACEMENT_3D('',#11977,#9472,#9473);
#8059=AXIS2_PLACEMENT_3D('',#11981,#9476,#9477);
#8060=AXIS2_PLACEMENT_3D('',#11985,#9480,#9481);
#8061=AXIS2_PLACEMENT_3D('',#11989,#9484,#9485);
#8062=AXIS2_PLACEMENT_3D('',#11993,#9488,#9489);
#8063=AXIS2_PLACEMENT_3D('',#11997,#9492,#9493);
#8064=AXIS2_PLACEMENT_3D('',#12001,#9496,#9497);
#8065=AXIS2_PLACEMENT_3D('',#12010,#9502,#9503);
#8066=AXIS2_PLACEMENT_3D('',#12016,#9507,#9508);
#8067=AXIS2_PLACEMENT_3D('',#12022,#9512,#9513);
#8068=AXIS2_PLACEMENT_3D('',#12028,#9517,#9518);
#8069=AXIS2_PLACEMENT_3D('',#12034,#9522,#9523);
#8070=AXIS2_PLACEMENT_3D('',#12037,#9526,#9527);
#8071=AXIS2_PLACEMENT_3D('',#12039,#9529,#9530);
#8072=AXIS2_PLACEMENT_3D('',#12040,#9531,#9532);
#8073=AXIS2_PLACEMENT_3D('',#12041,#9533,#9534);
#8074=AXIS2_PLACEMENT_3D('',#12047,#9538,#9539);
#8075=AXIS2_PLACEMENT_3D('',#12051,#9542,#9543);
#8076=AXIS2_PLACEMENT_3D('',#12055,#9546,#9547);
#8077=AXIS2_PLACEMENT_3D('',#12059,#9550,#9551);
#8078=AXIS2_PLACEMENT_3D('',#12063,#9554,#9555);
#8079=AXIS2_PLACEMENT_3D('',#12067,#9558,#9559);
#8080=AXIS2_PLACEMENT_3D('',#12076,#9564,#9565);
#8081=AXIS2_PLACEMENT_3D('',#12082,#9569,#9570);
#8082=AXIS2_PLACEMENT_3D('',#12085,#9573,#9574);
#8083=AXIS2_PLACEMENT_3D('',#12087,#9576,#9577);
#8084=AXIS2_PLACEMENT_3D('',#12088,#9578,#9579);
#8085=AXIS2_PLACEMENT_3D('',#12089,#9580,#9581);
#8086=AXIS2_PLACEMENT_3D('',#12095,#9585,#9586);
#8087=AXIS2_PLACEMENT_3D('',#12099,#9589,#9590);
#8088=AXIS2_PLACEMENT_3D('',#12103,#9593,#9594);
#8089=AXIS2_PLACEMENT_3D('',#12107,#9597,#9598);
#8090=AXIS2_PLACEMENT_3D('',#12111,#9601,#9602);
#8091=AXIS2_PLACEMENT_3D('',#12113,#9604,#9605);
#8092=AXIS2_PLACEMENT_3D('',#12114,#9606,#9607);
#8093=AXIS2_PLACEMENT_3D('',#12117,#9610,#9611);
#8094=AXIS2_PLACEMENT_3D('',#12119,#9613,#9614);
#8095=AXIS2_PLACEMENT_3D('',#12121,#9616,#9617);
#8096=AXIS2_PLACEMENT_3D('',#12122,#9618,#9619);
#8097=AXIS2_PLACEMENT_3D('',#12126,#9622,#9623);
#8098=AXIS2_PLACEMENT_3D('',#12132,#9627,#9628);
#8099=AXIS2_PLACEMENT_3D('',#12138,#9632,#9633);
#8100=AXIS2_PLACEMENT_3D('',#12139,#9634,#9635);
#8101=AXIS2_PLACEMENT_3D('',#12143,#9637,#9638);
#8102=AXIS2_PLACEMENT_3D('',#12147,#9640,#9641);
#8103=AXIS2_PLACEMENT_3D('',#12155,#9645,#9646);
#8104=AXIS2_PLACEMENT_3D('',#12159,#9648,#9649);
#8105=AXIS2_PLACEMENT_3D('',#12163,#9651,#9652);
#8106=AXIS2_PLACEMENT_3D('',#12164,#9653,#9654);
#8107=AXIS2_PLACEMENT_3D('',#12165,#9655,#9656);
#8108=AXIS2_PLACEMENT_3D('',#12169,#9658,#9659);
#8109=AXIS2_PLACEMENT_3D('',#12173,#9661,#9662);
#8110=AXIS2_PLACEMENT_3D('',#12181,#9666,#9667);
#8111=AXIS2_PLACEMENT_3D('',#12185,#9669,#9670);
#8112=AXIS2_PLACEMENT_3D('',#12189,#9672,#9673);
#8113=AXIS2_PLACEMENT_3D('',#12190,#9674,#9675);
#8114=AXIS2_PLACEMENT_3D('',#12192,#9677,#9678);
#8115=AXIS2_PLACEMENT_3D('',#12194,#9680,#9681);
#8116=AXIS2_PLACEMENT_3D('',#12196,#9683,#9684);
#8117=AXIS2_PLACEMENT_3D('',#12198,#9686,#9687);
#8118=AXIS2_PLACEMENT_3D('',#12200,#9689,#9690);
#8119=AXIS2_PLACEMENT_3D('',#12202,#9692,#9693);
#8120=AXIS2_PLACEMENT_3D('',#12204,#9695,#9696);
#8121=AXIS2_PLACEMENT_3D('',#12206,#9698,#9699);
#8122=AXIS2_PLACEMENT_3D('',#12208,#9701,#9702);
#8123=AXIS2_PLACEMENT_3D('',#12210,#9704,#9705);
#8124=AXIS2_PLACEMENT_3D('',#12212,#9707,#9708);
#8125=AXIS2_PLACEMENT_3D('',#12214,#9710,#9711);
#8126=AXIS2_PLACEMENT_3D('',#12223,#9716,#9717);
#8127=AXIS2_PLACEMENT_3D('',#12226,#9720,#9721);
#8128=AXIS2_PLACEMENT_3D('',#12229,#9724,#9725);
#8129=AXIS2_PLACEMENT_3D('',#12230,#9726,#9727);
#8130=AXIS2_PLACEMENT_3D('',#12231,#9728,#9729);
#8131=AXIS2_PLACEMENT_3D('',#12235,#9732,#9733);
#8132=AXIS2_PLACEMENT_3D('',#12237,#9735,#9736);
#8133=AXIS2_PLACEMENT_3D('',#12238,#9737,#9738);
#8134=AXIS2_PLACEMENT_3D('',#12242,#9741,#9742);
#8135=AXIS2_PLACEMENT_3D('',#12244,#9744,#9745);
#8136=AXIS2_PLACEMENT_3D('',#12245,#9746,#9747);
#8137=AXIS2_PLACEMENT_3D('',#12251,#9751,#9752);
#8138=AXIS2_PLACEMENT_3D('',#12257,#9756,#9757);
#8139=AXIS2_PLACEMENT_3D('',#12258,#9758,#9759);
#8140=AXIS2_PLACEMENT_3D('',#12262,#9761,#9762);
#8141=AXIS2_PLACEMENT_3D('',#12266,#9764,#9765);
#8142=AXIS2_PLACEMENT_3D('',#12274,#9769,#9770);
#8143=AXIS2_PLACEMENT_3D('',#12278,#9772,#9773);
#8144=AXIS2_PLACEMENT_3D('',#12282,#9775,#9776);
#8145=AXIS2_PLACEMENT_3D('',#12283,#9777,#9778);
#8146=AXIS2_PLACEMENT_3D('',#12284,#9779,#9780);
#8147=AXIS2_PLACEMENT_3D('',#12288,#9782,#9783);
#8148=AXIS2_PLACEMENT_3D('',#12292,#9785,#9786);
#8149=AXIS2_PLACEMENT_3D('',#12300,#9790,#9791);
#8150=AXIS2_PLACEMENT_3D('',#12304,#9793,#9794);
#8151=AXIS2_PLACEMENT_3D('',#12308,#9796,#9797);
#8152=AXIS2_PLACEMENT_3D('',#12309,#9798,#9799);
#8153=AXIS2_PLACEMENT_3D('',#12311,#9801,#9802);
#8154=AXIS2_PLACEMENT_3D('',#12313,#9804,#9805);
#8155=AXIS2_PLACEMENT_3D('',#12315,#9807,#9808);
#8156=AXIS2_PLACEMENT_3D('',#12317,#9810,#9811);
#8157=AXIS2_PLACEMENT_3D('',#12319,#9813,#9814);
#8158=AXIS2_PLACEMENT_3D('',#12321,#9816,#9817);
#8159=AXIS2_PLACEMENT_3D('',#12323,#9819,#9820);
#8160=AXIS2_PLACEMENT_3D('',#12325,#9822,#9823);
#8161=AXIS2_PLACEMENT_3D('',#12327,#9825,#9826);
#8162=AXIS2_PLACEMENT_3D('',#12329,#9828,#9829);
#8163=AXIS2_PLACEMENT_3D('',#12331,#9831,#9832);
#8164=AXIS2_PLACEMENT_3D('',#12333,#9834,#9835);
#8165=AXIS2_PLACEMENT_3D('',#12342,#9840,#9841);
#8166=AXIS2_PLACEMENT_3D('',#12345,#9844,#9845);
#8167=AXIS2_PLACEMENT_3D('',#12348,#9848,#9849);
#8168=AXIS2_PLACEMENT_3D('',#12349,#9850,#9851);
#8169=AXIS2_PLACEMENT_3D('',#12350,#9852,#9853);
#8170=AXIS2_PLACEMENT_3D('',#12356,#9857,#9858);
#8171=AXIS2_PLACEMENT_3D('',#12362,#9862,#9863);
#8172=AXIS2_PLACEMENT_3D('',#12363,#9864,#9865);
#8173=AXIS2_PLACEMENT_3D('',#12367,#9867,#9868);
#8174=AXIS2_PLACEMENT_3D('',#12371,#9870,#9871);
#8175=AXIS2_PLACEMENT_3D('',#12379,#9875,#9876);
#8176=AXIS2_PLACEMENT_3D('',#12383,#9878,#9879);
#8177=AXIS2_PLACEMENT_3D('',#12387,#9881,#9882);
#8178=AXIS2_PLACEMENT_3D('',#12388,#9883,#9884);
#8179=AXIS2_PLACEMENT_3D('',#12389,#9885,#9886);
#8180=AXIS2_PLACEMENT_3D('',#12393,#9888,#9889);
#8181=AXIS2_PLACEMENT_3D('',#12397,#9891,#9892);
#8182=AXIS2_PLACEMENT_3D('',#12405,#9896,#9897);
#8183=AXIS2_PLACEMENT_3D('',#12409,#9899,#9900);
#8184=AXIS2_PLACEMENT_3D('',#12413,#9902,#9903);
#8185=AXIS2_PLACEMENT_3D('',#12414,#9904,#9905);
#8186=AXIS2_PLACEMENT_3D('',#12416,#9907,#9908);
#8187=AXIS2_PLACEMENT_3D('',#12418,#9910,#9911);
#8188=AXIS2_PLACEMENT_3D('',#12420,#9913,#9914);
#8189=AXIS2_PLACEMENT_3D('',#12422,#9916,#9917);
#8190=AXIS2_PLACEMENT_3D('',#12424,#9919,#9920);
#8191=AXIS2_PLACEMENT_3D('',#12426,#9922,#9923);
#8192=AXIS2_PLACEMENT_3D('',#12428,#9925,#9926);
#8193=AXIS2_PLACEMENT_3D('',#12430,#9928,#9929);
#8194=AXIS2_PLACEMENT_3D('',#12432,#9931,#9932);
#8195=AXIS2_PLACEMENT_3D('',#12434,#9934,#9935);
#8196=AXIS2_PLACEMENT_3D('',#12436,#9937,#9938);
#8197=AXIS2_PLACEMENT_3D('',#12438,#9940,#9941);
#8198=AXIS2_PLACEMENT_3D('',#12447,#9946,#9947);
#8199=AXIS2_PLACEMENT_3D('',#12450,#9950,#9951);
#8200=AXIS2_PLACEMENT_3D('',#12453,#9954,#9955);
#8201=AXIS2_PLACEMENT_3D('',#12454,#9956,#9957);
#8202=AXIS2_PLACEMENT_3D('',#12455,#9958,#9959);
#8203=AXIS2_PLACEMENT_3D('',#12456,#9960,#9961);
#8204=AXIS2_PLACEMENT_3D('',#12457,#9962,#9963);
#8205=AXIS2_PLACEMENT_3D('',#12460,#9966,#9967);
#8206=AXIS2_PLACEMENT_3D('',#12462,#9969,#9970);
#8207=AXIS2_PLACEMENT_3D('',#12464,#9972,#9973);
#8208=AXIS2_PLACEMENT_3D('',#12469,#9976,#9977);
#8209=AXIS2_PLACEMENT_3D('',#12472,#9979,#9980);
#8210=AXIS2_PLACEMENT_3D('',#12474,#9982,#9983);
#8211=AXIS2_PLACEMENT_3D('',#12476,#9985,#9986);
#8212=AXIS2_PLACEMENT_3D('',#12478,#9988,#9989);
#8213=AXIS2_PLACEMENT_3D('',#12485,#9993,#9994);
#8214=AXIS2_PLACEMENT_3D('',#12486,#9995,#9996);
#8215=AXIS2_PLACEMENT_3D('',#12488,#9998,#9999);
#8216=AXIS2_PLACEMENT_3D('',#12491,#10002,#10003);
#8217=AXIS2_PLACEMENT_3D('',#12493,#10005,#10006);
#8218=AXIS2_PLACEMENT_3D('',#12495,#10008,#10009);
#8219=AXIS2_PLACEMENT_3D('',#12497,#10011,#10012);
#8220=AXIS2_PLACEMENT_3D('',#12499,#10014,#10015);
#8221=AXIS2_PLACEMENT_3D('',#12501,#10017,#10018);
#8222=AXIS2_PLACEMENT_3D('',#12503,#10020,#10021);
#8223=AXIS2_PLACEMENT_3D('',#12504,#10022,#10023);
#8224=AXIS2_PLACEMENT_3D('',#12505,#10024,#10025);
#8225=AXIS2_PLACEMENT_3D('',#12506,#10026,#10027);
#8226=AXIS2_PLACEMENT_3D('',#12515,#10032,#10033);
#8227=AXIS2_PLACEMENT_3D('',#12521,#10037,#10038);
#8228=AXIS2_PLACEMENT_3D('',#12527,#10042,#10043);
#8229=AXIS2_PLACEMENT_3D('',#12530,#10046,#10047);
#8230=AXIS2_PLACEMENT_3D('',#12533,#10050,#10051);
#8231=AXIS2_PLACEMENT_3D('',#12536,#10054,#10055);
#8232=AXIS2_PLACEMENT_3D('',#12537,#10056,#10057);
#8233=AXIS2_PLACEMENT_3D('',#12538,#10058,#10059);
#8234=AXIS2_PLACEMENT_3D('',#12539,#10060,#10061);
#8235=AXIS2_PLACEMENT_3D('',#12541,#10063,#10064);
#8236=AXIS2_PLACEMENT_3D('',#12545,#10067,#10068);
#8237=AXIS2_PLACEMENT_3D('',#12549,#10071,#10072);
#8238=AXIS2_PLACEMENT_3D('',#12550,#10073,#10074);
#8239=AXIS2_PLACEMENT_3D('',#12553,#10076,#10077);
#8240=AXIS2_PLACEMENT_3D('',#12555,#10079,#10080);
#8241=AXIS2_PLACEMENT_3D('',#12556,#10081,#10082);
#8242=AXIS2_PLACEMENT_3D('',#12560,#10085,#10086);
#8243=AXIS2_PLACEMENT_3D('',#12564,#10089,#10090);
#8244=AXIS2_PLACEMENT_3D('',#12567,#10092,#10093);
#8245=AXIS2_PLACEMENT_3D('',#12568,#10094,#10095);
#8246=AXIS2_PLACEMENT_3D('',#12570,#10097,#10098);
#8247=AXIS2_PLACEMENT_3D('',#12571,#10099,#10100);
#8248=AXIS2_PLACEMENT_3D('',#12577,#10104,#10105);
#8249=AXIS2_PLACEMENT_3D('',#12583,#10109,#10110);
#8250=AXIS2_PLACEMENT_3D('',#12592,#10115,#10116);
#8251=AXIS2_PLACEMENT_3D('',#12594,#10118,#10119);
#8252=AXIS2_PLACEMENT_3D('',#12596,#10121,#10122);
#8253=AXIS2_PLACEMENT_3D('',#12599,#10125,#10126);
#8254=AXIS2_PLACEMENT_3D('',#12601,#10128,#10129);
#8255=AXIS2_PLACEMENT_3D('',#12603,#10131,#10132);
#8256=AXIS2_PLACEMENT_3D('',#12604,#10133,#10134);
#8257=AXIS2_PLACEMENT_3D('',#12613,#10139,#10140);
#8258=AXIS2_PLACEMENT_3D('',#12614,#10141,#10142);
#8259=AXIS2_PLACEMENT_3D('',#12618,#10144,#10145);
#8260=AXIS2_PLACEMENT_3D('',#12619,#10146,#10147);
#8261=AXIS2_PLACEMENT_3D('',#12625,#10151,#10152);
#8262=AXIS2_PLACEMENT_3D('',#12628,#10155,#10156);
#8263=AXIS2_PLACEMENT_3D('',#12629,#10157,#10158);
#8264=AXIS2_PLACEMENT_3D('',#12630,#10159,#10160);
#8265=AXIS2_PLACEMENT_3D('',#12639,#10165,#10166);
#8266=AXIS2_PLACEMENT_3D('',#12642,#10168,#10169);
#8267=AXIS2_PLACEMENT_3D('',#12643,#10170,#10171);
#8268=AXIS2_PLACEMENT_3D('',#12644,#10172,#10173);
#8269=AXIS2_PLACEMENT_3D('',#12647,#10175,#10176);
#8270=AXIS2_PLACEMENT_3D('',#12649,#10178,#10179);
#8271=AXIS2_PLACEMENT_3D('',#12650,#10180,#10181);
#8272=AXIS2_PLACEMENT_3D('',#12659,#10186,#10187);
#8273=AXIS2_PLACEMENT_3D('',#12660,#10188,#10189);
#8274=AXIS2_PLACEMENT_3D('',#12663,#10191,#10192);
#8275=AXIS2_PLACEMENT_3D('',#12666,#10194,#10195);
#8276=AXIS2_PLACEMENT_3D('',#12667,#10196,#10197);
#8277=AXIS2_PLACEMENT_3D('',#12669,#10199,#10200);
#8278=AXIS2_PLACEMENT_3D('',#12670,#10201,#10202);
#8279=AXIS2_PLACEMENT_3D('',#12679,#10207,#10208);
#8280=AXIS2_PLACEMENT_3D('',#12688,#10213,#10214);
#8281=AXIS2_PLACEMENT_3D('',#12689,#10215,#10216);
#8282=AXIS2_PLACEMENT_3D('',#12690,#10217,#10218);
#8283=AXIS2_PLACEMENT_3D('',#12691,#10219,#10220);
#8284=AXIS2_PLACEMENT_3D('',#12694,#10223,#10224);
#8285=AXIS2_PLACEMENT_3D('',#12695,#10225,#10226);
#8286=AXIS2_PLACEMENT_3D('',#12696,#10227,#10228);
#8287=DIRECTION('',(0.,0.,1.));
#8288=DIRECTION('',(1.,0.,0.));
#8289=DIRECTION('',(0.,0.,-1.));
#8290=DIRECTION('',(-1.,0.,0.));
#8291=DIRECTION('',(0.,-0.999999999999994,0.));
#8292=DIRECTION('',(0.,1.,0.));
#8293=DIRECTION('',(-1.,0.,0.));
#8294=DIRECTION('',(0.,-0.999999999999994,0.));
#8295=DIRECTION('',(0.,0.,1.));
#8296=DIRECTION('',(0.,-1.,0.));
#8297=DIRECTION('',(-1.,0.,0.));
#8298=DIRECTION('',(0.,0.,-1.));
#8299=DIRECTION('',(0.,0.,-1.));
#8300=DIRECTION('',(0.,1.,0.));
#8301=DIRECTION('',(0.,0.707106781186548,-0.707106781186547));
#8302=DIRECTION('',(0.,-1.,0.));
#8303=DIRECTION('',(-1.,0.,0.));
#8304=DIRECTION('',(0.,0.,-1.));
#8305=DIRECTION('',(0.,1.,0.));
#8306=DIRECTION('',(-1.,0.,0.));
#8307=DIRECTION('',(1.,0.,0.));
#8308=DIRECTION('',(0.,0.,1.));
#8309=DIRECTION('',(0.,-1.,0.));
#8310=DIRECTION('',(0.,1.,0.));
#8311=DIRECTION('',(0.,0.,-1.));
#8312=DIRECTION('',(0.,0.707106781186548,0.707106781186548));
#8313=DIRECTION('',(-1.,0.,0.));
#8314=DIRECTION('',(0.,0.,-1.));
#8315=DIRECTION('',(0.,0.,1.));
#8316=DIRECTION('',(1.,0.,0.));
#8317=DIRECTION('',(0.,-0.999999999999994,0.));
#8318=DIRECTION('',(0.,-1.,0.));
#8319=DIRECTION('',(1.,0.,0.));
#8320=DIRECTION('',(0.,-0.999999999999994,0.));
#8321=DIRECTION('',(0.,0.,-1.));
#8322=DIRECTION('',(0.,-1.,0.));
#8323=DIRECTION('',(-1.,0.,0.));
#8324=DIRECTION('',(0.,0.,-1.));
#8325=DIRECTION('',(0.,0.,1.));
#8326=DIRECTION('',(1.,0.,0.));
#8327=DIRECTION('',(0.,-0.999999999999994,0.));
#8328=DIRECTION('',(0.,-1.,0.));
#8329=DIRECTION('',(1.,0.,0.));
#8330=DIRECTION('',(0.,-0.999999999999994,0.));
#8331=DIRECTION('',(0.,0.,-1.));
#8332=DIRECTION('',(0.,-1.,0.));
#8333=DIRECTION('',(-1.,0.,0.));
#8334=DIRECTION('',(0.,0.,-1.));
#8335=DIRECTION('',(0.,-1.,0.));
#8336=DIRECTION('',(0.,0.,-1.));
#8337=DIRECTION('',(0.,-0.707106781186548,0.707106781186547));
#8338=DIRECTION('',(1.,0.,0.));
#8339=DIRECTION('',(0.,0.,1.));
#8340=DIRECTION('',(0.,0.,-1.));
#8341=DIRECTION('',(0.,-1.,0.));
#8342=DIRECTION('',(0.,-0.707106781186548,-0.707106781186548));
#8343=DIRECTION('',(1.,0.,0.));
#8344=DIRECTION('',(0.,0.,1.));
#8345=DIRECTION('',(0.,-1.,0.));
#8346=DIRECTION('',(0.,0.,-1.));
#8347=DIRECTION('',(0.,1.,0.));
#8348=DIRECTION('',(0.,0.,-1.));
#8349=DIRECTION('',(1.,0.,0.));
#8350=DIRECTION('',(0.,0.,1.));
#8351=DIRECTION('',(-1.,0.,0.));
#8352=DIRECTION('',(-0.707106781186545,0.,0.70710678118655));
#8353=DIRECTION('',(0.,0.,-1.));
#8354=DIRECTION('',(1.,0.,0.));
#8355=DIRECTION('',(0.,0.,1.));
#8356=DIRECTION('',(0.,1.,0.));
#8357=DIRECTION('',(0.,0.,1.));
#8358=DIRECTION('',(0.707106781186545,0.,-0.70710678118655));
#8359=DIRECTION('',(-1.,0.,0.));
#8360=DIRECTION('',(0.,0.,-1.));
#8361=DIRECTION('',(-1.,0.,0.));
#8362=DIRECTION('',(0.,0.,-1.));
#8363=DIRECTION('',(0.,-1.,0.));
#8364=DIRECTION('',(0.,0.,-1.));
#8365=DIRECTION('',(0.,0.,-1.));
#8366=DIRECTION('',(0.,-1.,0.));
#8367=DIRECTION('',(0.,0.,-1.));
#8368=DIRECTION('',(0.,1.,0.));
#8369=DIRECTION('',(0.,1.,0.));
#8370=DIRECTION('',(1.,0.,0.));
#8371=DIRECTION('',(0.,1.,0.));
#8372=DIRECTION('',(0.,-1.,0.));
#8373=DIRECTION('',(0.,0.,-1.));
#8374=DIRECTION('',(0.,-1.,0.));
#8375=DIRECTION('',(0.,0.,-1.));
#8376=DIRECTION('',(1.,0.,0.));
#8377=DIRECTION('',(0.,0.,1.));
#8378=DIRECTION('',(0.,1.,0.));
#8379=DIRECTION('',(-1.,0.,0.));
#8380=DIRECTION('',(0.,-1.,0.));
#8381=DIRECTION('',(0.,0.,1.));
#8382=DIRECTION('',(-1.,0.,0.));
#8383=DIRECTION('',(0.,-1.,0.));
#8384=DIRECTION('',(0.,0.,1.));
#8385=DIRECTION('',(0.,-1.,0.));
#8386=DIRECTION('',(0.,0.,1.));
#8387=DIRECTION('',(1.,0.,0.));
#8388=DIRECTION('',(0.,0.,1.));
#8389=DIRECTION('',(0.,-1.,0.));
#8390=DIRECTION('',(1.,0.,0.));
#8391=DIRECTION('',(0.,1.,0.));
#8392=DIRECTION('',(1.,0.,0.));
#8393=DIRECTION('',(-1.,0.,0.));
#8394=DIRECTION('',(0.,1.,0.));
#8395=DIRECTION('',(-1.,0.,0.));
#8396=DIRECTION('',(0.,1.,0.));
#8397=DIRECTION('',(1.,0.,0.));
#8398=DIRECTION('',(0.,1.,0.));
#8399=DIRECTION('',(-1.,0.,0.));
#8400=DIRECTION('',(-1.,0.,0.));
#8401=DIRECTION('',(0.,-1.,0.));
#8402=DIRECTION('',(1.,0.,0.));
#8403=DIRECTION('',(0.,-1.,0.));
#8404=DIRECTION('',(0.,1.,0.));
#8405=DIRECTION('',(-1.,0.,0.));
#8406=DIRECTION('',(0.,-1.,0.));
#8407=DIRECTION('',(-1.,0.,0.));
#8408=DIRECTION('',(0.,1.,0.));
#8409=DIRECTION('',(1.,0.,0.));
#8410=DIRECTION('',(0.,1.,0.));
#8411=DIRECTION('',(-1.,0.,0.));
#8412=DIRECTION('',(1.,6.12323399573677E-017,-2.34291072916505E-015));
#8413=DIRECTION('',(0.,1.,0.));
#8414=DIRECTION('',(1.,0.,0.));
#8415=DIRECTION('',(0.,1.,0.));
#8416=DIRECTION('',(1.,0.,0.));
#8417=DIRECTION('',(0.,-1.,0.));
#8418=DIRECTION('',(1.,0.,0.));
#8419=DIRECTION('',(0.,-1.,0.));
#8420=DIRECTION('',(-1.,0.,0.));
#8421=DIRECTION('',(0.,1.,0.));
#8422=DIRECTION('',(1.,0.,0.));
#8423=DIRECTION('',(0.,-1.,0.));
#8424=DIRECTION('',(-1.,0.,0.));
#8425=DIRECTION('',(0.,-1.,0.));
#8426=DIRECTION('',(-1.,0.,0.));
#8427=DIRECTION('',(0.,1.,0.));
#8428=DIRECTION('',(-1.,0.,0.));
#8429=DIRECTION('',(0.,1.,0.));
#8430=DIRECTION('',(1.,6.12323399573677E-017,-2.34291072916505E-015));
#8431=DIRECTION('',(-6.12323399573677E-017,1.,1.43461906257998E-031));
#8432=DIRECTION('',(-0.381820337266384,0.924236566064005,0.));
#8433=DIRECTION('',(-0.365360898097088,-0.930865948534852,0.));
#8434=DIRECTION('',(1.,0.,0.));
#8435=DIRECTION('',(-0.365360898097115,-0.930865948534841,0.));
#8436=DIRECTION('',(1.,0.,0.));
#8437=DIRECTION('',(-0.381820337266442,0.924236566063982,0.));
#8438=DIRECTION('',(1.,0.,0.));
#8439=DIRECTION('',(0.,-1.,0.));
#8440=DIRECTION('',(1.,0.,0.));
#8441=DIRECTION('',(0.901278425157843,0.433240349396265,0.));
#8442=DIRECTION('',(0.,1.,0.));
#8443=DIRECTION('',(-0.908689779022653,0.417472017624849,0.));
#8444=DIRECTION('',(-1.,0.,0.));
#8445=DIRECTION('',(0.,-1.,0.));
#8446=DIRECTION('',(1.,0.,0.));
#8447=DIRECTION('',(-0.716091995878853,0.698005912180005,0.));
#8448=DIRECTION('',(1.,0.,0.));
#8449=DIRECTION('',(-0.716091995878853,0.698005912180005,0.));
#8450=DIRECTION('',(0.747020785582998,0.664800681337617,0.));
#8451=DIRECTION('',(1.,0.,0.));
#8452=DIRECTION('',(0.747020785582998,0.664800681337617,0.));
#8453=DIRECTION('',(-1.,0.,0.));
#8454=DIRECTION('',(0.,-1.,0.));
#8455=DIRECTION('',(1.,0.,0.));
#8456=DIRECTION('',(-1.,0.,0.));
#8457=DIRECTION('',(0.,-1.,0.));
#8458=DIRECTION('',(1.,0.,0.));
#8459=DIRECTION('',(0.,1.,0.));
#8460=DIRECTION('',(-1.,0.,0.));
#8461=DIRECTION('',(0.,-1.,0.));
#8462=DIRECTION('',(1.,0.,0.));
#8463=DIRECTION('',(0.,1.,0.));
#8464=DIRECTION('',(-0.747020785582998,0.664800681337617,0.));
#8465=DIRECTION('',(-1.,0.,0.));
#8466=DIRECTION('',(-0.747020785582998,0.664800681337617,0.));
#8467=DIRECTION('',(0.716091995878853,0.698005912180005,0.));
#8468=DIRECTION('',(-1.,0.,0.));
#8469=DIRECTION('',(0.716091995878852,0.698005912180006,0.));
#8470=DIRECTION('',(0.,-1.,0.));
#8471=DIRECTION('',(1.,0.,0.));
#8472=DIRECTION('',(-1.,0.,0.));
#8473=DIRECTION('',(-1.,0.,0.));
#8474=DIRECTION('',(0.,-1.,0.));
#8475=DIRECTION('',(1.,0.,0.));
#8476=DIRECTION('',(0.,-1.,0.));
#8477=DIRECTION('',(1.,0.,0.));
#8478=DIRECTION('',(0.,1.,0.));
#8479=DIRECTION('',(1.,0.,0.));
#8480=DIRECTION('',(0.,0.,-1.));
#8481=DIRECTION('',(0.,-1.,0.));
#8482=DIRECTION('',(0.903047397930697,0.,0.429540914338317));
#8483=DIRECTION('',(1.,0.,0.));
#8484=DIRECTION('',(0.91230196600807,0.,-0.409518159326068));
#8485=DIRECTION('',(0.,0.,-1.));
#8486=DIRECTION('',(-0.882598154269262,0.,-0.470128171970679));
#8487=DIRECTION('',(0.88804593439511,0.,-0.459754737228792));
#8488=DIRECTION('',(0.,0.,-1.));
#8489=DIRECTION('',(-0.899011495411938,0.,-0.437925029105657));
#8490=DIRECTION('',(-1.,0.,1.67747521808594E-013));
#8491=DIRECTION('',(-0.90322632073331,0.,0.429164552980052));
#8492=DIRECTION('',(-0.429164552979412,0.,-0.903226320733614));
#8493=DIRECTION('',(-0.903226320733334,0.,0.429164552980002));
#8494=DIRECTION('',(-1.,0.,0.));
#8495=DIRECTION('',(-0.899011495412024,0.,-0.437925029105481));
#8496=DIRECTION('',(0.,0.,-1.));
#8497=DIRECTION('',(0.888045934395338,0.,-0.459754737228353));
#8498=DIRECTION('',(-1.,0.,0.));
#8499=DIRECTION('',(0.,0.,-1.));
#8500=DIRECTION('',(-1.,0.,0.));
#8501=DIRECTION('',(-0.882598154269402,0.,-0.470128171970417));
#8502=DIRECTION('',(0.,0.,-1.));
#8503=DIRECTION('',(0.912301966008264,0.,-0.409518159325635));
#8504=DIRECTION('',(1.,0.,0.));
#8505=DIRECTION('',(0.903047397930821,0.,0.429540914338057));
#8506=DIRECTION('',(-0.429540914337576,0.,0.903047397931049));
#8507=DIRECTION('',(1.,0.,0.));
#8508=DIRECTION('',(0.,0.,-1.));
#8509=DIRECTION('',(1.,0.,0.));
#8510=DIRECTION('',(0.21015304237374,0.,-0.977668501477398));
#8511=DIRECTION('',(0.218861161242013,0.,0.975756010537367));
#8512=DIRECTION('',(-1.,0.,0.));
#8513=DIRECTION('',(0.,0.,1.));
#8514=DIRECTION('',(-1.,0.,0.));
#8515=DIRECTION('',(0.,0.,1.));
#8516=DIRECTION('',(0.212429644331013,0.,0.977176363922808));
#8517=DIRECTION('',(1.,0.,0.));
#8518=DIRECTION('',(0.200944143721308,0.,-0.979602700641495));
#8519=DIRECTION('',(0.,0.,1.));
#8520=DIRECTION('',(1.,0.,0.));
#8521=DIRECTION('',(0.,0.,1.));
#8522=DIRECTION('',(1.,0.,0.));
#8523=DIRECTION('',(1.,0.,0.));
#8524=DIRECTION('',(0.,0.,1.));
#8525=DIRECTION('',(1.,0.,0.));
#8526=DIRECTION('',(-1.,-2.96059473233375E-016,0.));
#8527=DIRECTION('',(0.,0.,-1.));
#8528=DIRECTION('',(1.,2.96059473233375E-016,0.));
#8529=DIRECTION('',(0.,0.,1.));
#8530=DIRECTION('',(-0.714706272368276,0.,-0.699424723781941));
#8531=DIRECTION('',(1.,0.,0.));
#8532=DIRECTION('',(0.000245536632201212,0.,-0.999999969855881));
#8533=DIRECTION('',(-1.,0.,0.));
#8534=DIRECTION('',(0.,0.,1.));
#8535=DIRECTION('',(1.,0.,0.));
#8536=DIRECTION('',(0.,0.,-1.));
#8537=DIRECTION('',(-1.,0.,0.));
#8538=DIRECTION('',(0.,0.,-1.));
#8539=DIRECTION('',(1.,0.,0.));
#8540=DIRECTION('',(0.,0.,-1.));
#8541=DIRECTION('',(-1.,0.,0.));
#8542=DIRECTION('',(-0.909653012723064,0.,0.415368988302994));
#8543=DIRECTION('',(0.,0.,1.));
#8544=DIRECTION('',(0.886066854585398,0.,0.463557471307646));
#8545=DIRECTION('',(0.,0.,1.));
#8546=DIRECTION('',(-1.,0.,0.));
#8547=DIRECTION('',(0.,0.,-1.));
#8548=DIRECTION('',(-1.,0.,0.));
#8549=DIRECTION('',(0.,0.,1.));
#8550=DIRECTION('',(0.886066854585398,0.,0.463557471307646));
#8551=DIRECTION('',(0.,0.,1.));
#8552=DIRECTION('',(-0.909653012723007,0.,0.415368988303119));
#8553=DIRECTION('',(-1.,0.,0.));
#8554=DIRECTION('',(-0.906047009393283,0.,-0.423177051326614));
#8555=DIRECTION('',(-0.391276908698735,0.,0.920272992496879));
#8556=DIRECTION('',(-0.906047009393361,0.,-0.423177051326446));
#8557=DIRECTION('',(-2.96059473233375E-016,1.,0.));
#8558=DIRECTION('',(0.,0.,-1.));
#8559=DIRECTION('',(0.,0.,1.));
#8560=DIRECTION('',(0.,-1.,0.));
#8561=DIRECTION('',(0.,0.,-1.));
#8562=DIRECTION('',(1.,0.,0.));
#8563=DIRECTION('',(0.,0.,1.));
#8564=DIRECTION('',(0.,0.,1.));
#8565=DIRECTION('',(0.,-1.,0.));
#8566=DIRECTION('',(0.,0.,-1.));
#8567=DIRECTION('',(0.,-1.,0.));
#8568=DIRECTION('',(0.,0.,-1.));
#8569=DIRECTION('',(0.,0.707106781186548,0.707106781186547));
#8570=DIRECTION('',(0.,-1.,0.));
#8571=DIRECTION('',(-1.,0.,0.));
#8572=DIRECTION('',(0.,0.,1.));
#8573=DIRECTION('',(0.,-1.,0.));
#8574=DIRECTION('',(1.,0.,0.));
#8575=DIRECTION('',(0.,1.,0.));
#8576=DIRECTION('',(-1.,0.,0.));
#8577=DIRECTION('',(0.,0.,-1.));
#8578=DIRECTION('',(0.,-1.,0.));
#8579=DIRECTION('',(0.,1.,0.));
#8580=DIRECTION('',(-1.,0.,0.));
#8581=DIRECTION('',(0.,-1.,0.));
#8582=DIRECTION('',(1.,0.,0.));
#8583=DIRECTION('',(0.,0.,-1.));
#8584=DIRECTION('',(0.,-1.,0.));
#8585=DIRECTION('',(1.,0.,0.));
#8586=DIRECTION('',(0.,1.,0.));
#8587=DIRECTION('',(-1.,0.,0.));
#8588=DIRECTION('',(0.,0.,-1.));
#8589=DIRECTION('',(0.,-1.,0.));
#8590=DIRECTION('',(1.,0.,0.));
#8591=DIRECTION('',(0.,-1.,0.));
#8592=DIRECTION('',(-1.,0.,0.));
#8593=DIRECTION('',(0.,-1.,0.));
#8594=DIRECTION('',(0.,0.,1.));
#8595=DIRECTION('',(0.,1.,0.));
#8596=DIRECTION('',(1.,0.,0.));
#8597=DIRECTION('',(0.,1.,0.));
#8598=DIRECTION('',(1.,0.,0.));
#8599=DIRECTION('',(0.,1.,0.));
#8600=DIRECTION('',(-1.,0.,0.));
#8601=DIRECTION('',(0.,1.,0.));
#8602=DIRECTION('',(-1.,0.,0.));
#8603=DIRECTION('',(0.,1.,0.));
#8604=DIRECTION('',(0.,0.,1.));
#8605=DIRECTION('',(0.,1.,0.));
#8606=DIRECTION('',(2.34291072916505E-015,0.,1.));
#8607=DIRECTION('',(-6.12323399573677E-017,1.,1.43461906257998E-031));
#8608=DIRECTION('',(-2.34291072916505E-015,0.,-1.));
#8609=DIRECTION('',(0.,0.,1.));
#8610=DIRECTION('',(0.,1.,0.));
#8611=DIRECTION('',(0.,0.,1.));
#8612=DIRECTION('',(0.,0.,1.));
#8613=DIRECTION('',(0.,1.,0.));
#8614=DIRECTION('',(0.,0.,1.));
#8615=DIRECTION('',(1.,0.,0.));
#8616=DIRECTION('',(0.,0.,-1.));
#8617=DIRECTION('',(0.,0.,-1.));
#8618=DIRECTION('',(-1.,-2.96059473233375E-016,0.));
#8619=DIRECTION('',(0.,0.,1.));
#8620=DIRECTION('',(1.,2.96059473233375E-016,0.));
#8621=DIRECTION('',(-0.707106781186548,0.,-0.707106781186548));
#8622=DIRECTION('',(0.,0.,1.));
#8623=DIRECTION('',(0.,0.,1.));
#8624=DIRECTION('',(1.,0.,0.));
#8625=DIRECTION('',(0.,0.,1.));
#8626=DIRECTION('',(1.,0.,0.));
#8627=DIRECTION('',(0.,0.,1.));
#8628=DIRECTION('',(-0.707106781186548,0.,0.707106781186547));
#8629=DIRECTION('',(0.,0.,1.));
#8630=DIRECTION('',(1.,0.,0.));
#8631=DIRECTION('',(0.,0.,1.));
#8632=DIRECTION('',(0.,0.,1.));
#8633=DIRECTION('',(1.,0.,0.));
#8634=DIRECTION('',(0.,-1.,0.));
#8635=DIRECTION('',(0.,0.,1.));
#8636=DIRECTION('',(0.,0.,-1.));
#8637=DIRECTION('',(0.,1.,0.));
#8638=DIRECTION('',(0.,0.,1.));
#8639=DIRECTION('',(0.,0.,1.));
#8640=DIRECTION('',(0.,-1.,0.));
#8641=DIRECTION('',(0.,0.,1.));
#8642=DIRECTION('',(0.,-1.,0.));
#8643=DIRECTION('',(0.,0.,1.));
#8644=DIRECTION('',(-1.,0.,0.));
#8645=DIRECTION('',(0.,0.,1.));
#8646=DIRECTION('',(0.,0.,1.));
#8647=DIRECTION('',(0.707106781186548,0.,0.707106781186548));
#8648=DIRECTION('',(-1.,0.,0.));
#8649=DIRECTION('',(0.,0.,1.));
#8650=DIRECTION('',(0.,0.,1.));
#8651=DIRECTION('',(-1.,0.,0.));
#8652=DIRECTION('',(0.707106781186548,0.,-0.707106781186547));
#8653=DIRECTION('',(0.,0.,1.));
#8654=DIRECTION('',(-1.,0.,0.));
#8655=DIRECTION('',(0.,0.,1.));
#8656=DIRECTION('',(0.,1.,0.));
#8657=DIRECTION('',(0.,0.,-1.));
#8658=DIRECTION('',(6.12323399573677E-017,-1.,-1.43461906257998E-031));
#8659=DIRECTION('',(-2.34291072916505E-015,0.,-1.));
#8660=DIRECTION('',(0.,1.,0.));
#8661=DIRECTION('',(0.,0.,-1.));
#8662=DIRECTION('',(0.,-0.707106781186548,0.707106781186547));
#8663=DIRECTION('',(0.,1.,0.));
#8664=DIRECTION('',(0.,-0.707106781186548,-0.707106781186547));
#8665=DIRECTION('',(0.,0.,-1.));
#8666=DIRECTION('',(0.,1.,0.));
#8667=DIRECTION('',(2.34291072916505E-015,0.,1.));
#8668=DIRECTION('',(1.,0.,0.));
#8669=DIRECTION('',(0.,0.,-1.));
#8670=DIRECTION('',(0.,0.,-1.));
#8671=DIRECTION('',(0.,-1.,0.));
#8672=DIRECTION('',(0.,-1.,0.));
#8673=DIRECTION('',(0.,0.707106781186548,-0.707106781186547));
#8674=DIRECTION('',(0.,0.,-1.));
#8675=DIRECTION('',(0.,-1.,0.));
#8676=DIRECTION('',(-1.,0.,0.));
#8677=DIRECTION('',(0.,0.,1.));
#8678=DIRECTION('',(0.,1.,0.));
#8679=DIRECTION('',(-1.,0.,0.));
#8680=DIRECTION('',(0.,0.,-1.));
#8681=DIRECTION('',(0.,-1.,0.));
#8682=DIRECTION('',(-1.,0.,0.));
#8683=DIRECTION('',(0.,0.,1.));
#8684=DIRECTION('',(-1.,0.,0.));
#8685=DIRECTION('',(-1.,0.,0.));
#8686=DIRECTION('',(-1.,0.,0.));
#8687=DIRECTION('',(0.,0.,-1.));
#8688=DIRECTION('',(0.,1.,0.));
#8689=DIRECTION('',(0.,0.,1.));
#8690=DIRECTION('',(1.,0.,0.));
#8691=DIRECTION('',(0.,0.,1.));
#8692=DIRECTION('',(1.,0.,0.));
#8693=DIRECTION('',(1.,0.,0.));
#8694=DIRECTION('',(1.,0.,0.));
#8695=DIRECTION('',(0.,0.,-1.));
#8696=DIRECTION('',(0.,-1.,0.));
#8697=DIRECTION('',(0.,0.,-1.));
#8698=DIRECTION('',(1.,0.,0.));
#8699=DIRECTION('',(0.,-1.,0.));
#8700=DIRECTION('',(-1.,0.,0.));
#8701=DIRECTION('',(0.,1.,0.));
#8702=DIRECTION('',(0.,-1.,0.));
#8703=DIRECTION('',(-1.,0.,0.));
#8704=DIRECTION('',(0.,-1.,0.));
#8705=DIRECTION('',(-1.,0.,0.));
#8706=DIRECTION('',(0.,1.,0.));
#8707=DIRECTION('',(-1.,0.,0.));
#8708=DIRECTION('',(0.,1.,0.));
#8709=DIRECTION('',(1.,0.,0.));
#8710=DIRECTION('',(0.,1.,0.));
#8711=DIRECTION('',(1.,0.,0.));
#8712=DIRECTION('',(0.,-1.,0.));
#8713=DIRECTION('',(1.,0.,0.));
#8714=DIRECTION('',(-1.,0.,0.));
#8715=DIRECTION('',(0.,-1.,0.));
#8716=DIRECTION('',(0.,-1.,0.));
#8717=DIRECTION('',(0.,-1.,0.));
#8718=DIRECTION('',(1.,0.,0.));
#8719=DIRECTION('',(0.,1.,0.));
#8720=DIRECTION('',(0.,0.,-1.));
#8721=DIRECTION('',(1.,0.,0.));
#8722=DIRECTION('',(0.,1.,0.));
#8723=DIRECTION('',(-1.,0.,0.));
#8724=DIRECTION('',(0.,-1.,0.));
#8725=DIRECTION('',(0.,0.,-1.));
#8726=DIRECTION('',(0.,-1.,0.));
#8727=DIRECTION('',(0.,-0.707106781186548,0.707106781186547));
#8728=DIRECTION('',(0.,0.707106781186548,-0.707106781186548));
#8729=DIRECTION('',(-1.,0.,0.));
#8730=DIRECTION('',(0.,0.,1.));
#8731=DIRECTION('',(0.,0.707106781186548,-0.707106781186547));
#8732=DIRECTION('',(0.,-0.707106781186548,0.707106781186548));
#8733=DIRECTION('',(1.,0.,0.));
#8734=DIRECTION('',(0.,0.,-1.));
#8735=DIRECTION('',(0.,0.707106781186548,0.707106781186547));
#8736=DIRECTION('',(0.,1.,0.));
#8737=DIRECTION('',(0.,-0.707106781186548,-0.707106781186548));
#8738=DIRECTION('',(1.,0.,0.));
#8739=DIRECTION('',(0.,0.,-1.));
#8740=DIRECTION('',(0.,-0.707106781186548,-0.707106781186547));
#8741=DIRECTION('',(0.,0.707106781186548,0.707106781186548));
#8742=DIRECTION('',(0.,-1.,0.));
#8743=DIRECTION('',(-1.,0.,0.));
#8744=DIRECTION('',(0.,0.,1.));
#8745=DIRECTION('',(1.,0.,0.));
#8746=DIRECTION('',(0.,0.,-1.));
#8747=DIRECTION('',(0.,-1.,0.));
#8748=DIRECTION('',(-1.,0.,0.));
#8749=DIRECTION('',(0.,0.,-1.));
#8750=DIRECTION('',(0.,1.,0.));
#8751=DIRECTION('',(0.,0.,1.));
#8752=DIRECTION('',(0.,-1.,0.));
#8753=DIRECTION('',(0.,0.,-1.));
#8754=DIRECTION('',(0.,0.,-1.));
#8755=DIRECTION('',(0.,1.,0.));
#8756=DIRECTION('',(0.,0.,-1.));
#8757=DIRECTION('',(-1.,0.,0.));
#8758=DIRECTION('',(0.,0.,-1.));
#8759=DIRECTION('',(1.,0.,0.));
#8760=DIRECTION('',(0.,-1.,0.));
#8761=DIRECTION('',(0.,0.,-1.));
#8762=DIRECTION('',(0.,0.,1.));
#8763=DIRECTION('',(0.,0.,-1.));
#8764=DIRECTION('',(1.,0.,0.));
#8765=DIRECTION('',(0.,-1.,0.));
#8766=DIRECTION('',(-1.,0.,0.));
#8767=DIRECTION('',(0.,1.,0.));
#8768=DIRECTION('',(1.,0.,0.));
#8769=DIRECTION('',(1.,0.,0.));
#8770=DIRECTION('',(0.,0.,1.));
#8771=DIRECTION('',(0.,-1.,0.));
#8772=DIRECTION('',(0.,-1.,0.));
#8773=DIRECTION('',(-1.,0.,0.));
#8774=DIRECTION('',(0.,0.,-1.));
#8775=DIRECTION('',(-1.,0.,0.));
#8776=DIRECTION('',(0.,0.,-1.));
#8777=DIRECTION('',(1.,0.,0.));
#8778=DIRECTION('',(0.,1.,0.));
#8779=DIRECTION('',(0.,0.,1.));
#8780=DIRECTION('',(0.,-1.,0.));
#8781=DIRECTION('',(0.,0.,-1.));
#8782=DIRECTION('',(0.,1.,0.));
#8783=DIRECTION('',(-1.,0.,0.));
#8784=DIRECTION('',(0.,0.,-1.));
#8785=DIRECTION('',(1.,0.,0.));
#8786=DIRECTION('',(0.,0.,-1.));
#8787=DIRECTION('',(-1.,0.,0.));
#8788=DIRECTION('',(0.,-1.,0.));
#8789=DIRECTION('',(0.,0.,-1.));
#8790=DIRECTION('',(1.,0.,0.));
#8791=DIRECTION('',(0.,1.,0.));
#8792=DIRECTION('',(-1.,0.,0.));
#8793=DIRECTION('',(0.,-1.,0.));
#8794=DIRECTION('',(-1.,0.,0.));
#8795=DIRECTION('',(0.,1.,0.));
#8796=DIRECTION('',(1.,0.,0.));
#8797=DIRECTION('',(0.,-1.,0.));
#8798=DIRECTION('',(-1.,0.,0.));
#8799=DIRECTION('',(0.,1.,0.));
#8800=DIRECTION('',(1.,0.,0.));
#8801=DIRECTION('',(0.,-1.,0.));
#8802=DIRECTION('',(-1.,0.,0.));
#8803=DIRECTION('',(0.,1.,0.));
#8804=DIRECTION('',(1.,0.,0.));
#8805=DIRECTION('',(0.,-1.,0.));
#8806=DIRECTION('',(0.,0.,1.));
#8807=DIRECTION('',(-1.,0.,0.));
#8808=DIRECTION('',(0.,1.,0.));
#8809=DIRECTION('',(0.,-1.,0.));
#8810=DIRECTION('',(1.,0.,0.));
#8811=DIRECTION('',(0.,0.,1.));
#8812=DIRECTION('',(0.,0.,1.));
#8813=DIRECTION('',(1.,0.,0.));
#8814=DIRECTION('',(0.,-1.,0.));
#8815=DIRECTION('',(0.,0.,-1.));
#8816=DIRECTION('',(0.,1.,0.));
#8817=DIRECTION('',(0.,0.,-1.));
#8818=DIRECTION('',(-1.,0.,0.));
#8819=DIRECTION('',(1.,0.,0.));
#8820=DIRECTION('',(0.,0.,-1.));
#8821=DIRECTION('',(0.,0.,1.));
#8822=DIRECTION('',(0.,1.,0.));
#8823=DIRECTION('',(1.,0.,0.));
#8824=DIRECTION('',(0.,0.,-1.));
#8825=DIRECTION('',(-1.,0.,0.));
#8826=DIRECTION('',(0.,0.,-1.));
#8827=DIRECTION('',(0.,-1.,0.));
#8828=DIRECTION('',(0.,1.,0.));
#8829=DIRECTION('',(0.,0.,-1.));
#8830=DIRECTION('',(0.,0.,1.));
#8831=DIRECTION('',(0.,-1.,0.));
#8832=DIRECTION('',(-1.,0.,0.));
#8833=DIRECTION('',(0.,0.,1.));
#8834=DIRECTION('',(-1.,0.,0.));
#8835=DIRECTION('',(0.,0.,-1.));
#8836=DIRECTION('',(0.,-1.,0.));
#8837=DIRECTION('',(0.,1.,0.));
#8838=DIRECTION('',(0.,0.,-1.));
#8839=DIRECTION('',(0.,0.,1.));
#8840=DIRECTION('',(1.,0.,0.));
#8841=DIRECTION('',(0.,-1.,0.));
#8842=DIRECTION('',(0.,0.,-1.));
#8843=DIRECTION('',(0.,-1.,0.));
#8844=DIRECTION('',(-1.,0.,0.));
#8845=DIRECTION('',(0.,0.,1.));
#8846=DIRECTION('',(0.,0.,-1.));
#8847=DIRECTION('',(-1.,0.,0.));
#8848=DIRECTION('',(1.,0.,0.));
#8849=DIRECTION('',(0.,1.,0.));
#8850=DIRECTION('',(-1.,0.,0.));
#8851=DIRECTION('',(0.,-1.,0.));
#8852=DIRECTION('',(0.,0.,-1.));
#8853=DIRECTION('',(-1.,0.,0.));
#8854=DIRECTION('',(0.,0.,-1.));
#8855=DIRECTION('',(1.,0.,0.));
#8856=DIRECTION('',(0.,0.999999999999994,0.));
#8857=DIRECTION('',(0.,-1.,0.));
#8858=DIRECTION('',(1.,0.,0.));
#8859=DIRECTION('',(0.,0.999999999999994,0.));
#8860=DIRECTION('',(0.,0.,1.));
#8861=DIRECTION('',(-1.,0.,0.));
#8862=DIRECTION('',(0.,0.999999999999994,0.));
#8863=DIRECTION('',(0.,-1.,0.));
#8864=DIRECTION('',(-1.,0.,0.));
#8865=DIRECTION('',(0.,0.999999999999994,0.));
#8866=DIRECTION('',(0.,0.,-1.));
#8867=DIRECTION('',(0.,-1.,0.));
#8868=DIRECTION('',(0.,0.,1.));
#8869=DIRECTION('',(-1.,0.,0.));
#8870=DIRECTION('',(0.,0.999999999999994,0.));
#8871=DIRECTION('',(0.,-1.,0.));
#8872=DIRECTION('',(-1.,0.,0.));
#8873=DIRECTION('',(0.,0.999999999999994,0.));
#8874=DIRECTION('',(1.,0.,0.));
#8875=DIRECTION('',(0.,0.,1.));
#8876=DIRECTION('',(1.,0.,0.));
#8877=DIRECTION('',(0.,1.,0.));
#8878=DIRECTION('',(-1.,0.,0.));
#8879=DIRECTION('',(0.,-1.,0.));
#8880=DIRECTION('',(0.,0.,-1.));
#8881=DIRECTION('',(-1.,0.,0.));
#8882=DIRECTION('',(1.,0.,0.));
#8883=DIRECTION('',(0.,1.,0.));
#8884=DIRECTION('',(-1.,0.,0.));
#8885=DIRECTION('',(0.,-1.,0.));
#8886=DIRECTION('',(0.,0.,-1.));
#8887=DIRECTION('',(-1.,0.,0.));
#8888=DIRECTION('',(0.577350269189626,0.577350269189626,-0.577350269189625));
#8889=DIRECTION('',(0.707106781186547,0.,0.707106781186548));
#8890=DIRECTION('',(-0.707106781186548,0.,0.707106781186547));
#8891=DIRECTION('',(0.577350269189626,0.577350269189627,-0.577350269189625));
#8892=DIRECTION('',(0.,0.707106781186547,0.707106781186548));
#8893=DIRECTION('',(0.,-0.707106781186548,0.707106781186547));
#8894=DIRECTION('',(0.577350269189626,-0.577350269189626,-0.577350269189625));
#8895=DIRECTION('',(0.707106781186547,0.,0.707106781186548));
#8896=DIRECTION('',(-0.707106781186548,0.,0.707106781186547));
#8897=DIRECTION('',(0.577350269189626,-0.577350269189626,-0.577350269189625));
#8898=DIRECTION('',(0.,-0.707106781186547,0.707106781186548));
#8899=DIRECTION('',(0.,-0.707106781186548,-0.707106781186547));
#8900=DIRECTION('',(0.707106781186547,0.,0.707106781186548));
#8901=DIRECTION('',(-0.707106781186548,0.,0.707106781186547));
#8902=DIRECTION('',(0.,-0.707106781186547,-0.707106781186548));
#8903=DIRECTION('',(0.,0.707106781186548,-0.707106781186547));
#8904=DIRECTION('',(0.,0.707106781186547,-0.707106781186548));
#8905=DIRECTION('',(0.,0.707106781186548,0.707106781186547));
#8906=DIRECTION('',(0.,-0.707106781186547,-0.707106781186548));
#8907=DIRECTION('',(0.,0.707106781186548,-0.707106781186547));
#8908=DIRECTION('',(0.,0.707106781186547,-0.707106781186548));
#8909=DIRECTION('',(0.,0.707106781186548,0.707106781186547));
#8910=DIRECTION('',(-0.707106781186547,0.,0.707106781186547));
#8911=DIRECTION('',(-0.707106781186548,0.,-0.707106781186548));
#8912=DIRECTION('',(0.,-0.707106781186548,-0.707106781186548));
#8913=DIRECTION('',(0.,0.707106781186548,-0.707106781186548));
#8914=DIRECTION('',(0.,0.707106781186548,-0.707106781186548));
#8915=DIRECTION('',(0.,0.707106781186548,0.707106781186548));
#8916=DIRECTION('',(-0.577350269189626,-0.577350269189626,-0.577350269189626));
#8917=DIRECTION('',(0.577350269189626,-0.577350269189626,0.577350269189626));
#8918=DIRECTION('',(0.707106781186548,0.,-0.707106781186548));
#8919=DIRECTION('',(0.707106781186548,0.,0.707106781186548));
#8920=DIRECTION('',(-0.577350269189625,-0.577350269189626,0.577350269189626));
#8921=DIRECTION('',(0.,-0.707106781186548,-0.707106781186548));
#8922=DIRECTION('',(0.,0.707106781186548,-0.707106781186548));
#8923=DIRECTION('',(0.577350269189625,-0.577350269189626,-0.577350269189626));
#8924=DIRECTION('',(0.,0.707106781186548,-0.707106781186548));
#8925=DIRECTION('',(0.,0.707106781186548,0.707106781186548));
#8926=DIRECTION('',(-0.707106781186548,0.,-0.707106781186547));
#8927=DIRECTION('',(0.707106781186547,0.,-0.707106781186548));
#8928=DIRECTION('',(0.,-1.,0.));
#8929=DIRECTION('',(0.,-1.,0.));
#8930=DIRECTION('',(-0.577350269189626,-0.577350269189626,-0.577350269189626));
#8931=DIRECTION('',(0.577350269189626,-0.577350269189626,0.577350269189626));
#8932=DIRECTION('',(0.707106781186547,0.,-0.707106781186547));
#8933=DIRECTION('',(0.707106781186548,0.,0.707106781186548));
#8934=DIRECTION('',(0.577350269189626,-0.577350269189626,-0.577350269189626));
#8935=DIRECTION('',(0.,0.707106781186547,-0.707106781186547));
#8936=DIRECTION('',(0.,0.707106781186548,0.707106781186548));
#8937=DIRECTION('',(-0.577350269189626,-0.577350269189626,0.577350269189626));
#8938=DIRECTION('',(0.,-0.707106781186547,-0.707106781186547));
#8939=DIRECTION('',(0.,0.707106781186548,-0.707106781186548));
#8940=DIRECTION('',(0.,1.,0.));
#8941=DIRECTION('',(0.,1.,0.));
#8942=DIRECTION('',(-0.707106781186547,0.,-0.707106781186547));
#8943=DIRECTION('',(0.707106781186548,0.,-0.707106781186548));
#8944=DIRECTION('',(0.577350269189626,-0.577350269189626,-0.577350269189626));
#8945=DIRECTION('',(-0.577350269189626,-0.577350269189626,0.577350269189626));
#8946=DIRECTION('',(0.707106781186547,0.,0.707106781186547));
#8947=DIRECTION('',(-0.707106781186548,0.,0.707106781186548));
#8948=DIRECTION('',(0.577350269189626,-0.577350269189626,0.577350269189626));
#8949=DIRECTION('',(0.,0.707106781186547,0.707106781186547));
#8950=DIRECTION('',(0.,-0.707106781186548,0.707106781186548));
#8951=DIRECTION('',(-0.577350269189626,-0.577350269189626,-0.577350269189626));
#8952=DIRECTION('',(0.,-0.707106781186547,0.707106781186547));
#8953=DIRECTION('',(0.,-0.707106781186548,-0.707106781186548));
#8954=DIRECTION('',(-0.707106781186547,0.,0.707106781186547));
#8955=DIRECTION('',(-0.707106781186548,0.,-0.707106781186548));
#8956=DIRECTION('',(0.577350269189626,-0.577350269189626,-0.577350269189626));
#8957=DIRECTION('',(-0.577350269189626,-0.577350269189626,0.577350269189626));
#8958=DIRECTION('',(0.707106781186547,0.,0.707106781186547));
#8959=DIRECTION('',(-0.707106781186548,0.,0.707106781186548));
#8960=DIRECTION('',(0.577350269189626,-0.577350269189626,0.577350269189626));
#8961=DIRECTION('',(0.,0.707106781186547,0.707106781186547));
#8962=DIRECTION('',(0.,-0.707106781186548,0.707106781186548));
#8963=DIRECTION('',(-0.577350269189626,-0.577350269189626,-0.577350269189626));
#8964=DIRECTION('',(0.,-0.707106781186547,0.707106781186547));
#8965=DIRECTION('',(0.,-0.707106781186548,-0.707106781186548));
#8966=DIRECTION('',(-0.707106781186547,0.,0.707106781186547));
#8967=DIRECTION('',(-0.707106781186548,0.,-0.707106781186548));
#8968=DIRECTION('',(0.577350269189626,-0.577350269189626,-0.577350269189626));
#8969=DIRECTION('',(-0.577350269189626,-0.577350269189626,0.577350269189626));
#8970=DIRECTION('',(0.707106781186547,0.,0.707106781186547));
#8971=DIRECTION('',(-0.707106781186548,0.,0.707106781186548));
#8972=DIRECTION('',(0.577350269189626,-0.577350269189626,0.577350269189626));
#8973=DIRECTION('',(0.,0.707106781186547,0.707106781186547));
#8974=DIRECTION('',(0.,-0.707106781186548,0.707106781186548));
#8975=DIRECTION('',(-0.577350269189626,-0.577350269189626,-0.577350269189626));
#8976=DIRECTION('',(0.,-0.707106781186547,0.707106781186547));
#8977=DIRECTION('',(0.,-0.707106781186548,-0.707106781186548));
#8978=DIRECTION('',(-0.707106781186547,0.,0.707106781186547));
#8979=DIRECTION('',(-0.707106781186548,0.,-0.707106781186548));
#8980=DIRECTION('',(2.96059473233375E-016,-1.,0.));
#8981=DIRECTION('',(2.96059473233375E-016,-1.,0.));
#8982=DIRECTION('',(1.,2.96059473233375E-016,0.));
#8983=DIRECTION('',(-2.94902990916057E-016,1.,0.));
#8984=DIRECTION('',(2.96059473233375E-016,-1.,0.));
#8985=DIRECTION('',(0.,0.,-1.));
#8986=DIRECTION('',(2.94902990916057E-016,-1.,0.));
#8987=DIRECTION('',(2.96059473233375E-016,-1.,0.));
#8988=DIRECTION('',(-1.,-2.96059473233375E-016,0.));
#8989=DIRECTION('',(2.94902990916057E-016,-1.,0.));
#8990=DIRECTION('',(0.,0.,1.));
#8991=DIRECTION('',(-2.94902990916057E-016,1.,0.));
#8992=DIRECTION('',(-1.,0.,0.));
#8993=DIRECTION('',(0.,0.,-1.));
#8994=DIRECTION('',(0.,1.,0.));
#8995=DIRECTION('',(0.,0.,1.));
#8996=DIRECTION('',(0.,-1.,0.));
#8997=DIRECTION('',(0.,0.,-1.));
#8998=DIRECTION('',(-1.,0.,0.));
#8999=DIRECTION('',(0.,0.,-1.));
#9000=DIRECTION('',(1.,0.,0.));
#9001=DIRECTION('',(0.,-1.,0.));
#9002=DIRECTION('',(0.,0.,-1.));
#9003=DIRECTION('',(1.,0.,0.));
#9004=DIRECTION('',(0.,-1.,0.));
#9005=DIRECTION('',(0.,0.,1.));
#9006=DIRECTION('',(-1.,0.,0.));
#9007=DIRECTION('',(0.,0.,1.));
#9008=DIRECTION('',(0.,0.,1.));
#9009=DIRECTION('',(0.,1.,0.));
#9010=DIRECTION('',(-1.,0.,0.));
#9011=DIRECTION('',(0.,0.,-1.));
#9012=DIRECTION('',(0.,-1.,0.));
#9013=DIRECTION('',(0.,0.,-1.));
#9014=DIRECTION('',(0.,0.,1.));
#9015=DIRECTION('',(1.,0.,0.));
#9016=DIRECTION('',(0.,0.,1.));
#9017=DIRECTION('',(0.,0.,1.));
#9018=DIRECTION('',(0.,0.,-1.));
#9019=DIRECTION('',(1.,0.,0.));
#9020=DIRECTION('',(0.,-1.,0.));
#9021=DIRECTION('',(0.,0.,-1.));
#9022=DIRECTION('',(0.,0.,1.));
#9023=DIRECTION('',(-1.,0.,0.));
#9024=DIRECTION('',(0.,0.,-1.));
#9025=DIRECTION('',(0.,1.,0.));
#9026=DIRECTION('',(0.,0.,1.));
#9027=DIRECTION('',(0.,1.,0.));
#9028=DIRECTION('',(0.,-1.,0.));
#9029=DIRECTION('',(0.,0.,-1.));
#9030=DIRECTION('',(-1.,0.,0.));
#9031=DIRECTION('',(1.,0.,0.));
#9032=DIRECTION('',(0.,0.,-1.));
#9033=DIRECTION('',(-0.577350269189625,-0.577350269189627,0.577350269189626));
#9034=DIRECTION('',(0.,-1.,0.));
#9035=DIRECTION('',(0.577350269189625,-0.577350269189626,-0.577350269189626));
#9036=DIRECTION('',(-0.707106781186548,0.,-0.707106781186547));
#9037=DIRECTION('',(0.707106781186547,0.,-0.707106781186548));
#9038=DIRECTION('',(-1.,0.,0.));
#9039=DIRECTION('',(-0.577350269189625,-0.577350269189626,-0.577350269189626));
#9040=DIRECTION('',(0.,0.707106781186548,-0.707106781186548));
#9041=DIRECTION('',(0.,0.707106781186548,0.707106781186548));
#9042=DIRECTION('',(0.577350269189625,-0.577350269189627,0.577350269189626));
#9043=DIRECTION('',(1.,0.,0.));
#9044=DIRECTION('',(0.,-0.707106781186547,-0.707106781186548));
#9045=DIRECTION('',(0.,0.707106781186548,-0.707106781186547));
#9046=DIRECTION('',(0.,1.,0.));
#9047=DIRECTION('',(0.707106781186548,0.,-0.707106781186547));
#9048=DIRECTION('',(0.707106781186547,0.,0.707106781186548));
#9049=DIRECTION('',(-0.577350269189625,0.577350269189626,0.577350269189626));
#9050=DIRECTION('',(-1.,0.,0.));
#9051=DIRECTION('',(0.,0.707106781186548,-0.707106781186548));
#9052=DIRECTION('',(0.,0.707106781186548,0.707106781186548));
#9053=DIRECTION('',(-0.577350269189625,-0.577350269189627,0.577350269189626));
#9054=DIRECTION('',(0.,-1.,0.));
#9055=DIRECTION('',(0.,-1.,0.));
#9056=DIRECTION('',(0.,-1.,0.));
#9057=DIRECTION('',(-0.707106781186548,0.,-0.707106781186547));
#9058=DIRECTION('',(0.707106781186547,0.,-0.707106781186548));
#9059=DIRECTION('',(1.,0.,0.));
#9060=DIRECTION('',(0.,-0.707106781186547,-0.707106781186548));
#9061=DIRECTION('',(0.,0.707106781186548,-0.707106781186547));
#9062=DIRECTION('',(-1.,0.,0.));
#9063=DIRECTION('',(-0.577350269189623,-0.577350269189627,-0.577350269189627));
#9064=DIRECTION('',(0.,0.707106781186548,-0.707106781186548));
#9065=DIRECTION('',(0.,0.707106781186548,0.707106781186548));
#9066=DIRECTION('',(0.,1.,0.));
#9067=DIRECTION('',(0.,1.,0.));
#9068=DIRECTION('',(0.,1.,0.));
#9069=DIRECTION('',(-0.577350269189623,0.577350269189628,-0.577350269189627));
#9070=DIRECTION('',(0.70710678118655,0.,-0.707106781186545));
#9071=DIRECTION('',(0.707106781186545,0.,0.70710678118655));
#9072=DIRECTION('',(1.,0.,0.));
#9073=DIRECTION('',(0.,-0.707106781186547,-0.707106781186548));
#9074=DIRECTION('',(0.,0.707106781186548,-0.707106781186547));
#9075=DIRECTION('',(0.,0.,1.));
#9076=DIRECTION('',(0.,0.,1.));
#9077=DIRECTION('',(0.,0.,1.));
#9078=DIRECTION('',(1.,0.,0.));
#9079=DIRECTION('',(0.,-1.,0.));
#9080=DIRECTION('',(0.,0.,-1.));
#9081=DIRECTION('',(0.,0.,1.));
#9082=DIRECTION('',(0.,-1.,0.));
#9083=DIRECTION('',(-1.,0.,0.));
#9084=DIRECTION('',(0.,0.,1.));
#9085=DIRECTION('',(0.,0.,1.));
#9086=DIRECTION('',(-1.,0.,0.));
#9087=DIRECTION('',(0.,1.,0.));
#9088=DIRECTION('',(0.,0.,1.));
#9089=DIRECTION('',(0.,1.,0.));
#9090=DIRECTION('',(0.,0.,-1.));
#9091=DIRECTION('',(-1.,0.,0.));
#9092=DIRECTION('',(1.,0.,0.));
#9093=DIRECTION('',(0.,0.,-1.));
#9094=DIRECTION('',(1.,0.,0.));
#9095=DIRECTION('',(0.707106781186547,0.,0.707106781186548));
#9096=DIRECTION('',(0.707106781186547,0.,-0.707106781186548));
#9097=DIRECTION('',(0.,-1.,0.));
#9098=DIRECTION('',(0.,0.,1.));
#9099=DIRECTION('',(-1.,0.,0.));
#9100=DIRECTION('',(0.,-1.,0.));
#9101=DIRECTION('',(0.,1.,0.));
#9102=DIRECTION('',(0.,0.,-1.));
#9103=DIRECTION('',(0.,-1.,0.));
#9104=DIRECTION('',(-0.707106781186547,0.,-0.707106781186548));
#9105=DIRECTION('',(-0.707106781186547,0.,0.707106781186548));
#9106=DIRECTION('',(0.,1.,0.));
#9107=DIRECTION('',(0.,0.,-1.));
#9108=DIRECTION('',(1.,0.,0.));
#9109=DIRECTION('',(0.,1.,0.));
#9110=DIRECTION('',(-1.,0.,0.));
#9111=DIRECTION('',(0.,1.,0.));
#9112=DIRECTION('',(0.,0.,-1.));
#9113=DIRECTION('',(1.,0.,0.));
#9114=DIRECTION('',(-0.707106781186549,0.,0.707106781186546));
#9115=DIRECTION('',(0.,0.,-1.));
#9116=DIRECTION('',(0.,1.,0.));
#9117=DIRECTION('',(0.,0.,1.));
#9118=DIRECTION('',(0.707106781186549,0.,-0.707106781186546));
#9119=DIRECTION('',(0.,0.,-1.));
#9120=DIRECTION('',(0.,-1.,0.));
#9121=DIRECTION('',(0.,0.,-1.));
#9122=DIRECTION('',(1.,0.,0.));
#9123=DIRECTION('',(0.,0.,1.));
#9124=DIRECTION('',(-1.,0.,0.));
#9125=DIRECTION('',(0.,0.,-1.));
#9126=DIRECTION('',(0.,1.,0.));
#9127=DIRECTION('',(1.,0.,0.));
#9128=DIRECTION('',(0.,1.,0.));
#9129=DIRECTION('',(0.,0.,1.));
#9130=DIRECTION('',(0.,-1.,0.));
#9131=DIRECTION('',(0.,1.,0.));
#9132=DIRECTION('',(0.,1.,0.));
#9133=DIRECTION('',(0.,1.,0.));
#9134=DIRECTION('',(1.,0.,0.));
#9135=DIRECTION('',(0.,0.,1.));
#9136=DIRECTION('',(0.,-1.,0.));
#9137=DIRECTION('',(0.,1.,0.));
#9138=DIRECTION('',(0.,0.,1.));
#9139=DIRECTION('',(-1.,0.,0.));
#9140=DIRECTION('',(0.,-1.,0.));
#9141=DIRECTION('',(0.,1.,0.));
#9142=DIRECTION('',(1.,0.,0.));
#9143=DIRECTION('',(0.,0.,1.));
#9144=DIRECTION('',(0.,-1.,0.));
#9145=DIRECTION('',(0.,1.,0.));
#9146=DIRECTION('',(0.,1.,0.));
#9147=DIRECTION('',(0.,1.,0.));
#9148=DIRECTION('',(1.,0.,0.));
#9149=DIRECTION('',(0.,0.,1.));
#9150=DIRECTION('',(0.,-1.,0.));
#9151=DIRECTION('',(0.,1.,0.));
#9152=DIRECTION('',(0.,1.,0.));
#9153=DIRECTION('',(0.,1.,0.));
#9154=DIRECTION('',(0.,0.,1.));
#9155=DIRECTION('',(-1.,0.,0.));
#9156=DIRECTION('',(0.,-1.,0.));
#9157=DIRECTION('',(0.,1.,0.));
#9158=DIRECTION('',(1.,0.,0.));
#9159=DIRECTION('',(0.,0.,1.));
#9160=DIRECTION('',(0.,-1.,0.));
#9161=DIRECTION('',(0.,1.,0.));
#9162=DIRECTION('',(0.,0.,1.));
#9163=DIRECTION('',(-1.,0.,0.));
#9164=DIRECTION('',(0.,-1.,0.));
#9165=DIRECTION('',(0.,1.,0.));
#9166=DIRECTION('',(0.200944143721308,0.,-0.979602700641495));
#9167=DIRECTION('',(0.979602700641495,0.,0.200944143721308));
#9168=DIRECTION('',(-0.200944143721308,0.,0.979602700641495));
#9169=DIRECTION('',(0.,1.,0.));
#9170=DIRECTION('',(1.,0.,0.));
#9171=DIRECTION('',(0.,0.,1.));
#9172=DIRECTION('',(0.,-1.,0.));
#9173=DIRECTION('',(0.,1.,0.));
#9174=DIRECTION('',(0.212429644331013,0.,0.977176363922808));
#9175=DIRECTION('',(-0.977176363922808,0.,0.212429644331013));
#9176=DIRECTION('',(-0.212429644331013,0.,-0.977176363922808));
#9177=DIRECTION('',(0.,1.,0.));
#9178=DIRECTION('',(0.,0.,1.));
#9179=DIRECTION('',(-1.,0.,0.));
#9180=DIRECTION('',(0.,-1.,0.));
#9181=DIRECTION('',(0.,1.,0.));
#9182=DIRECTION('',(-1.,0.,0.));
#9183=DIRECTION('',(0.,0.,-1.));
#9184=DIRECTION('',(0.,1.,0.));
#9185=DIRECTION('',(0.,1.,0.));
#9186=DIRECTION('',(0.,0.,1.));
#9187=DIRECTION('',(-1.,0.,0.));
#9188=DIRECTION('',(0.,-1.,0.));
#9189=DIRECTION('',(0.,1.,0.));
#9190=DIRECTION('',(-1.,0.,0.));
#9191=DIRECTION('',(0.,0.,-1.));
#9192=DIRECTION('',(0.,1.,0.));
#9193=DIRECTION('',(0.,1.,0.));
#9194=DIRECTION('',(0.218861161242013,0.,0.975756010537367));
#9195=DIRECTION('',(-0.975756010537366,0.,0.218861161242013));
#9196=DIRECTION('',(-0.218861161242013,0.,-0.975756010537367));
#9197=DIRECTION('',(0.,1.,0.));
#9198=DIRECTION('',(0.21015304237374,0.,-0.977668501477398));
#9199=DIRECTION('',(0.977668501477398,0.,0.21015304237374));
#9200=DIRECTION('',(-0.21015304237374,0.,0.977668501477398));
#9201=DIRECTION('',(0.,1.,0.));
#9202=DIRECTION('',(1.,0.,0.));
#9203=DIRECTION('',(0.,0.,1.));
#9204=DIRECTION('',(0.,-1.,0.));
#9205=DIRECTION('',(0.,1.,0.));
#9206=DIRECTION('',(0.,0.,-1.));
#9207=DIRECTION('',(1.,0.,0.));
#9208=DIRECTION('',(0.,1.,0.));
#9209=DIRECTION('',(0.,1.,0.));
#9210=DIRECTION('',(0.,1.,0.));
#9211=DIRECTION('',(0.,1.,0.));
#9212=DIRECTION('',(0.,1.,0.));
#9213=DIRECTION('',(0.,1.,0.));
#9214=DIRECTION('',(0.,0.,-1.));
#9215=DIRECTION('',(0.,0.,-1.));
#9216=DIRECTION('',(1.,0.,0.));
#9217=DIRECTION('',(0.,1.,0.));
#9218=DIRECTION('',(0.,1.,0.));
#9219=DIRECTION('',(0.,-1.,0.));
#9220=DIRECTION('',(1.,0.,0.));
#9221=DIRECTION('',(-2.96059473233375E-016,1.,0.));
#9222=DIRECTION('',(0.,0.,-1.));
#9223=DIRECTION('',(0.,1.,0.));
#9224=DIRECTION('',(0.,1.,0.));
#9225=DIRECTION('',(1.,0.,0.));
#9226=DIRECTION('',(0.,0.,1.));
#9227=DIRECTION('',(0.,-1.,0.));
#9228=DIRECTION('',(0.,1.,0.));
#9229=DIRECTION('',(0.000245536632201212,0.,-0.999999969855881));
#9230=DIRECTION('',(0.999999969855881,0.,0.000245536632201212));
#9231=DIRECTION('',(-0.000245536632201213,0.,0.999999969855881));
#9232=DIRECTION('',(0.,1.,0.));
#9233=DIRECTION('',(-1.,0.,0.));
#9234=DIRECTION('',(0.,0.,-1.));
#9235=DIRECTION('',(0.,1.,0.));
#9236=DIRECTION('',(0.,1.,0.));
#9237=DIRECTION('',(0.,0.,1.));
#9238=DIRECTION('',(-1.,0.,0.));
#9239=DIRECTION('',(0.,-1.,0.));
#9240=DIRECTION('',(0.,1.,0.));
#9241=DIRECTION('',(1.,0.,0.));
#9242=DIRECTION('',(0.,0.,1.));
#9243=DIRECTION('',(0.,-1.,0.));
#9244=DIRECTION('',(0.,1.,0.));
#9245=DIRECTION('',(0.,0.,-1.));
#9246=DIRECTION('',(1.,0.,0.));
#9247=DIRECTION('',(0.,1.,0.));
#9248=DIRECTION('',(0.,1.,0.));
#9249=DIRECTION('',(-1.,0.,0.));
#9250=DIRECTION('',(0.,0.,-1.));
#9251=DIRECTION('',(0.,1.,0.));
#9252=DIRECTION('',(0.,1.,0.));
#9253=DIRECTION('',(0.,0.,-1.));
#9254=DIRECTION('',(1.,0.,0.));
#9255=DIRECTION('',(0.,1.,0.));
#9256=DIRECTION('',(0.,1.,0.));
#9257=DIRECTION('',(1.,0.,0.));
#9258=DIRECTION('',(0.,0.,1.));
#9259=DIRECTION('',(0.,-1.,0.));
#9260=DIRECTION('',(0.,1.,0.));
#9261=DIRECTION('',(0.,0.,-1.));
#9262=DIRECTION('',(1.,0.,0.));
#9263=DIRECTION('',(0.,1.,0.));
#9264=DIRECTION('',(-0.714706272368276,0.,-0.699424723781941));
#9265=DIRECTION('',(0.699424723781941,0.,-0.714706272368276));
#9266=DIRECTION('',(0.714706272368276,0.,0.699424723781941));
#9267=DIRECTION('',(0.,-1.,0.));
#9268=DIRECTION('',(1.,0.,0.));
#9269=DIRECTION('',(0.,1.,0.));
#9270=DIRECTION('',(-1.,0.,0.));
#9271=DIRECTION('',(0.,1.,0.));
#9272=DIRECTION('',(0.,0.,-1.));
#9273=DIRECTION('',(0.,1.,0.));
#9274=DIRECTION('',(0.,1.,0.));
#9275=DIRECTION('',(-0.906047009393361,0.,-0.423177051326446));
#9276=DIRECTION('',(0.423177051326446,0.,-0.906047009393362));
#9277=DIRECTION('',(0.906047009393362,0.,0.423177051326446));
#9278=DIRECTION('',(0.,1.,0.));
#9279=DIRECTION('',(-0.391276908698735,0.,0.920272992496879));
#9280=DIRECTION('',(-0.920272992496879,0.,-0.391276908698735));
#9281=DIRECTION('',(0.391276908698736,0.,-0.92027299249688));
#9282=DIRECTION('',(0.,1.,0.));
#9283=DIRECTION('',(-0.906047009393283,0.,-0.423177051326614));
#9284=DIRECTION('',(0.423177051326614,0.,-0.906047009393283));
#9285=DIRECTION('',(0.906047009393284,0.,0.423177051326614));
#9286=DIRECTION('',(0.,1.,0.));
#9287=DIRECTION('',(-1.,0.,0.));
#9288=DIRECTION('',(0.,0.,-1.));
#9289=DIRECTION('',(0.,1.,0.));
#9290=DIRECTION('',(0.,1.,0.));
#9291=DIRECTION('',(-0.909653012723007,0.,0.415368988303119));
#9292=DIRECTION('',(-0.415368988303119,0.,-0.909653012723007));
#9293=DIRECTION('',(0.909653012723007,0.,-0.415368988303119));
#9294=DIRECTION('',(0.,1.,0.));
#9295=DIRECTION('',(0.,0.,1.));
#9296=DIRECTION('',(-1.,0.,0.));
#9297=DIRECTION('',(0.,-1.,0.));
#9298=DIRECTION('',(0.,1.,0.));
#9299=DIRECTION('',(0.886066854585398,0.,0.463557471307646));
#9300=DIRECTION('',(-0.463557471307646,0.,0.886066854585398));
#9301=DIRECTION('',(-0.886066854585398,0.,-0.463557471307646));
#9302=DIRECTION('',(0.,1.,0.));
#9303=DIRECTION('',(0.,0.,1.));
#9304=DIRECTION('',(-1.,0.,0.));
#9305=DIRECTION('',(0.,-1.,0.));
#9306=DIRECTION('',(0.,1.,0.));
#9307=DIRECTION('',(-1.,0.,0.));
#9308=DIRECTION('',(0.,0.,-1.));
#9309=DIRECTION('',(0.,1.,0.));
#9310=DIRECTION('',(0.,1.,0.));
#9311=DIRECTION('',(0.,0.,-1.));
#9312=DIRECTION('',(1.,0.,0.));
#9313=DIRECTION('',(0.,1.,0.));
#9314=DIRECTION('',(0.,1.,0.));
#9315=DIRECTION('',(-1.,0.,0.));
#9316=DIRECTION('',(0.,0.,-1.));
#9317=DIRECTION('',(0.,1.,0.));
#9318=DIRECTION('',(0.,1.,0.));
#9319=DIRECTION('',(0.,0.,1.));
#9320=DIRECTION('',(-1.,0.,0.));
#9321=DIRECTION('',(0.,-1.,0.));
#9322=DIRECTION('',(0.,1.,0.));
#9323=DIRECTION('',(0.886066854585398,0.,0.463557471307646));
#9324=DIRECTION('',(-0.463557471307646,0.,0.886066854585398));
#9325=DIRECTION('',(-0.886066854585398,0.,-0.463557471307646));
#9326=DIRECTION('',(0.,1.,0.));
#9327=DIRECTION('',(0.,0.,1.));
#9328=DIRECTION('',(-1.,0.,0.));
#9329=DIRECTION('',(0.,-1.,0.));
#9330=DIRECTION('',(-0.909653012723064,0.,0.415368988302994));
#9331=DIRECTION('',(-0.415368988302994,0.,-0.909653012723064));
#9332=DIRECTION('',(0.909653012723064,0.,-0.415368988302994));
#9333=DIRECTION('',(0.,1.,0.));
#9334=DIRECTION('',(-1.,0.,0.));
#9335=DIRECTION('',(0.,1.,0.));
#9336=DIRECTION('',(0.,1.,0.));
#9337=DIRECTION('',(1.,0.,0.));
#9338=DIRECTION('',(0.,0.,1.));
#9339=DIRECTION('',(0.,-1.,0.));
#9340=DIRECTION('',(0.,1.,0.));
#9341=DIRECTION('',(0.91230196600807,0.,-0.409518159326068));
#9342=DIRECTION('',(0.409518159326068,0.,0.91230196600807));
#9343=DIRECTION('',(-0.91230196600807,0.,0.409518159326068));
#9344=DIRECTION('',(0.,1.,0.));
#9345=DIRECTION('',(0.,0.,-1.));
#9346=DIRECTION('',(1.,0.,0.));
#9347=DIRECTION('',(0.,1.,0.));
#9348=DIRECTION('',(0.,1.,0.));
#9349=DIRECTION('',(-0.882598154269262,0.,-0.470128171970679));
#9350=DIRECTION('',(0.470128171970679,0.,-0.882598154269262));
#9351=DIRECTION('',(0.882598154269262,0.,0.470128171970679));
#9352=DIRECTION('',(0.,1.,0.));
#9353=DIRECTION('',(0.88804593439511,0.,-0.459754737228792));
#9354=DIRECTION('',(0.459754737228792,0.,0.88804593439511));
#9355=DIRECTION('',(-0.88804593439511,0.,0.459754737228792));
#9356=DIRECTION('',(0.,1.,0.));
#9357=DIRECTION('',(0.,0.,-1.));
#9358=DIRECTION('',(1.,0.,0.));
#9359=DIRECTION('',(0.,1.,0.));
#9360=DIRECTION('',(0.,1.,0.));
#9361=DIRECTION('',(-0.899011495411938,0.,-0.437925029105657));
#9362=DIRECTION('',(0.437925029105657,0.,-0.899011495411938));
#9363=DIRECTION('',(0.899011495411938,0.,0.437925029105657));
#9364=DIRECTION('',(0.,1.,0.));
#9365=DIRECTION('',(-1.,0.,1.67747521808594E-013));
#9366=DIRECTION('',(-1.67747521808594E-013,0.,-1.));
#9367=DIRECTION('',(1.,0.,-1.67747760126957E-013));
#9368=DIRECTION('',(0.,1.,0.));
#9369=DIRECTION('',(-0.90322632073331,0.,0.429164552980052));
#9370=DIRECTION('',(-0.429164552980052,0.,-0.90322632073331));
#9371=DIRECTION('',(0.90322632073331,0.,-0.429164552980052));
#9372=DIRECTION('',(0.,1.,0.));
#9373=DIRECTION('',(-0.429164552979412,0.,-0.903226320733614));
#9374=DIRECTION('',(0.903226320733614,0.,-0.429164552979413));
#9375=DIRECTION('',(0.429164552979413,0.,0.903226320733614));
#9376=DIRECTION('',(0.,1.,0.));
#9377=DIRECTION('',(-0.903226320733334,0.,0.429164552980002));
#9378=DIRECTION('',(-0.429164552980002,0.,-0.903226320733334));
#9379=DIRECTION('',(0.903226320733334,0.,-0.429164552980002));
#9380=DIRECTION('',(0.,1.,0.));
#9381=DIRECTION('',(-1.,0.,0.));
#9382=DIRECTION('',(0.,0.,-1.));
#9383=DIRECTION('',(0.,1.,0.));
#9384=DIRECTION('',(0.,1.,0.));
#9385=DIRECTION('',(-0.899011495412024,0.,-0.437925029105481));
#9386=DIRECTION('',(0.437925029105481,0.,-0.899011495412024));
#9387=DIRECTION('',(0.899011495412024,0.,0.437925029105481));
#9388=DIRECTION('',(0.,1.,0.));
#9389=DIRECTION('',(0.,0.,-1.));
#9390=DIRECTION('',(1.,0.,0.));
#9391=DIRECTION('',(0.,1.,0.));
#9392=DIRECTION('',(0.,1.,0.));
#9393=DIRECTION('',(0.888045934395338,0.,-0.459754737228353));
#9394=DIRECTION('',(0.459754737228353,0.,0.888045934395338));
#9395=DIRECTION('',(-0.888045934395338,0.,0.459754737228353));
#9396=DIRECTION('',(0.,1.,0.));
#9397=DIRECTION('',(-1.,0.,0.));
#9398=DIRECTION('',(0.,0.,-1.));
#9399=DIRECTION('',(0.,1.,0.));
#9400=DIRECTION('',(0.,1.,0.));
#9401=DIRECTION('',(0.,0.,-1.));
#9402=DIRECTION('',(1.,0.,0.));
#9403=DIRECTION('',(0.,1.,0.));
#9404=DIRECTION('',(0.,1.,0.));
#9405=DIRECTION('',(-1.,0.,0.));
#9406=DIRECTION('',(0.,0.,-1.));
#9407=DIRECTION('',(0.,1.,0.));
#9408=DIRECTION('',(0.,1.,0.));
#9409=DIRECTION('',(-0.882598154269402,0.,-0.470128171970417));
#9410=DIRECTION('',(0.470128171970417,0.,-0.882598154269401));
#9411=DIRECTION('',(0.882598154269402,0.,0.470128171970417));
#9412=DIRECTION('',(0.,1.,0.));
#9413=DIRECTION('',(0.,0.,-1.));
#9414=DIRECTION('',(1.,0.,0.));
#9415=DIRECTION('',(0.,1.,0.));
#9416=DIRECTION('',(0.,1.,0.));
#9417=DIRECTION('',(0.912301966008264,0.,-0.409518159325635));
#9418=DIRECTION('',(0.409518159325635,0.,0.912301966008264));
#9419=DIRECTION('',(-0.912301966008264,0.,0.409518159325635));
#9420=DIRECTION('',(0.,1.,0.));
#9421=DIRECTION('',(1.,0.,0.));
#9422=DIRECTION('',(0.,0.,1.));
#9423=DIRECTION('',(0.,-1.,0.));
#9424=DIRECTION('',(0.,1.,0.));
#9425=DIRECTION('',(0.903047397930821,0.,0.429540914338057));
#9426=DIRECTION('',(-0.429540914338057,0.,0.903047397930821));
#9427=DIRECTION('',(-0.903047397930821,0.,-0.429540914338057));
#9428=DIRECTION('',(0.,1.,0.));
#9429=DIRECTION('',(-0.429540914337576,0.,0.903047397931049));
#9430=DIRECTION('',(-0.903047397931049,0.,-0.429540914337576));
#9431=DIRECTION('',(0.429540914337576,0.,-0.903047397931049));
#9432=DIRECTION('',(0.903047397930697,0.,0.429540914338317));
#9433=DIRECTION('',(-0.429540914338317,0.,0.903047397930697));
#9434=DIRECTION('',(-0.903047397930697,0.,-0.429540914338317));
#9435=DIRECTION('',(0.,1.,0.));
#9436=DIRECTION('',(-1.,0.,0.));
#9437=DIRECTION('',(-0.707106781186546,0.,-0.707106781186549));
#9438=DIRECTION('',(0.707106781186549,0.,-0.707106781186546));
#9439=DIRECTION('',(0.707106781186548,0.,-0.707106781186547));
#9440=DIRECTION('',(0.707106781186547,0.,0.707106781186548));
#9441=DIRECTION('',(-0.707106781186548,0.,-0.707106781186547));
#9442=DIRECTION('',(0.707106781186547,0.,-0.707106781186548));
#9443=DIRECTION('',(0.,0.,1.));
#9444=DIRECTION('',(0.,0.,1.));
#9445=DIRECTION('',(-0.716091995878853,0.698005912180005,0.));
#9446=DIRECTION('',(0.698005912180005,0.716091995878853,0.));
#9447=DIRECTION('',(-0.716091995878853,0.698005912180005,0.));
#9448=DIRECTION('',(0.,0.,1.));
#9449=DIRECTION('',(1.,0.,0.));
#9450=DIRECTION('',(0.,-1.,0.));
#9451=DIRECTION('',(1.,0.,0.));
#9452=DIRECTION('',(0.,0.,1.));
#9453=DIRECTION('',(-0.716091995878853,0.698005912180005,0.));
#9454=DIRECTION('',(0.698005912180005,0.716091995878853,0.));
#9455=DIRECTION('',(-0.716091995878853,0.698005912180005,0.));
#9456=DIRECTION('',(0.,0.,1.));
#9457=DIRECTION('',(0.747020785582998,0.664800681337617,0.));
#9458=DIRECTION('',(0.664800681337617,-0.747020785582998,0.));
#9459=DIRECTION('',(0.747020785582998,0.664800681337617,0.));
#9460=DIRECTION('',(0.,0.,1.));
#9461=DIRECTION('',(1.,0.,0.));
#9462=DIRECTION('',(0.,-1.,0.));
#9463=DIRECTION('',(1.,0.,0.));
#9464=DIRECTION('',(0.747020785582998,0.664800681337617,0.));
#9465=DIRECTION('',(0.664800681337617,-0.747020785582998,0.));
#9466=DIRECTION('',(0.747020785582998,0.664800681337618,0.));
#9467=DIRECTION('',(0.,0.,-1.));
#9468=DIRECTION('',(0.,1.,0.));
#9469=DIRECTION('',(0.,0.,1.));
#9470=DIRECTION('',(0.,0.,1.));
#9471=DIRECTION('',(0.,-1.,0.));
#9472=DIRECTION('',(-1.,0.,0.));
#9473=DIRECTION('',(0.,-1.,0.));
#9474=DIRECTION('',(0.,0.,1.));
#9475=DIRECTION('',(1.,0.,0.));
#9476=DIRECTION('',(0.,-1.,0.));
#9477=DIRECTION('',(1.,0.,0.));
#9478=DIRECTION('',(0.,0.,1.));
#9479=DIRECTION('',(0.901278425157843,0.433240349396265,0.));
#9480=DIRECTION('',(0.433240349396265,-0.901278425157843,0.));
#9481=DIRECTION('',(0.901278425157843,0.433240349396265,0.));
#9482=DIRECTION('',(0.,0.,1.));
#9483=DIRECTION('',(0.,1.,0.));
#9484=DIRECTION('',(1.,0.,0.));
#9485=DIRECTION('',(0.,1.,0.));
#9486=DIRECTION('',(0.,0.,1.));
#9487=DIRECTION('',(-0.908689779022653,0.417472017624849,0.));
#9488=DIRECTION('',(0.417472017624849,0.908689779022653,0.));
#9489=DIRECTION('',(-0.908689779022653,0.417472017624849,0.));
#9490=DIRECTION('',(0.,0.,1.));
#9491=DIRECTION('',(-1.,0.,0.));
#9492=DIRECTION('',(0.,1.,0.));
#9493=DIRECTION('',(-1.,0.,0.));
#9494=DIRECTION('',(0.,0.,1.));
#9495=DIRECTION('',(0.,-1.,0.));
#9496=DIRECTION('',(-1.,0.,0.));
#9497=DIRECTION('',(0.,-1.,0.));
#9498=DIRECTION('',(0.,0.,1.));
#9499=DIRECTION('',(0.,-1.,0.));
#9500=DIRECTION('',(0.,0.,1.));
#9501=DIRECTION('',(0.,-1.,0.));
#9502=DIRECTION('',(-1.,0.,0.));
#9503=DIRECTION('',(0.,-1.,0.));
#9504=DIRECTION('',(0.,0.,1.));
#9505=DIRECTION('',(-1.,0.,0.));
#9506=DIRECTION('',(-1.,0.,0.));
#9507=DIRECTION('',(0.,1.,0.));
#9508=DIRECTION('',(-1.,0.,0.));
#9509=DIRECTION('',(0.,0.,1.));
#9510=DIRECTION('',(-0.908689779022591,0.417472017624983,0.));
#9511=DIRECTION('',(-0.908689779022591,0.417472017624983,0.));
#9512=DIRECTION('',(0.417472017624983,0.908689779022591,0.));
#9513=DIRECTION('',(-0.908689779022592,0.417472017624983,0.));
#9514=DIRECTION('',(0.,0.,1.));
#9515=DIRECTION('',(-2.48763735554027E-013,1.,0.));
#9516=DIRECTION('',(-2.48763735554027E-013,1.,0.));
#9517=DIRECTION('',(1.,2.48763735554027E-013,0.));
#9518=DIRECTION('',(-2.48762815902026E-013,1.,0.));
#9519=DIRECTION('',(0.,0.,1.));
#9520=DIRECTION('',(0.901278425157985,0.433240349395971,0.));
#9521=DIRECTION('',(0.901278425157985,0.433240349395971,0.));
#9522=DIRECTION('',(0.433240349395971,-0.901278425157985,0.));
#9523=DIRECTION('',(0.901278425157985,0.433240349395971,0.));
#9524=DIRECTION('',(1.,0.,0.));
#9525=DIRECTION('',(1.,0.,0.));
#9526=DIRECTION('',(0.,-1.,0.));
#9527=DIRECTION('',(1.,0.,0.));
#9528=DIRECTION('',(1.,0.,0.));
#9529=DIRECTION('',(0.,-1.,0.));
#9530=DIRECTION('',(1.,0.,0.));
#9531=DIRECTION('',(0.,0.,1.));
#9532=DIRECTION('',(0.,-1.,0.));
#9533=DIRECTION('',(0.,0.,-1.));
#9534=DIRECTION('',(0.,-1.,0.));
#9535=DIRECTION('',(0.,0.,1.));
#9536=DIRECTION('',(-0.365360898097088,-0.930865948534852,0.));
#9537=DIRECTION('',(0.,0.,1.));
#9538=DIRECTION('',(-0.930865948534852,0.365360898097088,0.));
#9539=DIRECTION('',(-0.365360898097088,-0.930865948534852,0.));
#9540=DIRECTION('',(0.,0.,1.));
#9541=DIRECTION('',(-0.381820337266384,0.924236566064005,0.));
#9542=DIRECTION('',(0.924236566064005,0.381820337266384,0.));
#9543=DIRECTION('',(-0.381820337266384,0.924236566064005,0.));
#9544=DIRECTION('',(0.,0.,1.));
#9545=DIRECTION('',(1.,0.,0.));
#9546=DIRECTION('',(0.,-1.,0.));
#9547=DIRECTION('',(1.,0.,0.));
#9548=DIRECTION('',(0.,0.,1.));
#9549=DIRECTION('',(-0.381820337266442,0.924236566063982,0.));
#9550=DIRECTION('',(0.924236566063982,0.381820337266442,0.));
#9551=DIRECTION('',(-0.381820337266442,0.924236566063982,0.));
#9552=DIRECTION('',(0.,0.,1.));
#9553=DIRECTION('',(1.,0.,0.));
#9554=DIRECTION('',(0.,-1.,0.));
#9555=DIRECTION('',(1.,0.,0.));
#9556=DIRECTION('',(0.,0.,1.));
#9557=DIRECTION('',(-0.365360898097115,-0.930865948534841,0.));
#9558=DIRECTION('',(-0.930865948534841,0.365360898097115,0.));
#9559=DIRECTION('',(-0.365360898097115,-0.930865948534841,0.));
#9560=DIRECTION('',(0.,0.,1.));
#9561=DIRECTION('',(-0.365360898097028,-0.930865948534875,0.));
#9562=DIRECTION('',(0.,0.,1.));
#9563=DIRECTION('',(-0.365360898097028,-0.930865948534875,0.));
#9564=DIRECTION('',(-0.930865948534875,0.365360898097028,0.));
#9565=DIRECTION('',(-0.365360898097028,-0.930865948534875,0.));
#9566=DIRECTION('',(0.,0.,1.));
#9567=DIRECTION('',(1.,0.,0.));
#9568=DIRECTION('',(1.,0.,0.));
#9569=DIRECTION('',(0.,-1.,0.));
#9570=DIRECTION('',(1.,0.,0.));
#9571=DIRECTION('',(-0.381820337266378,0.924236566064008,0.));
#9572=DIRECTION('',(-0.381820337266378,0.924236566064008,0.));
#9573=DIRECTION('',(0.924236566064008,0.381820337266378,0.));
#9574=DIRECTION('',(-0.381820337266378,0.924236566064008,0.));
#9575=DIRECTION('',(1.,0.,0.));
#9576=DIRECTION('',(0.,-1.,0.));
#9577=DIRECTION('',(1.,0.,0.));
#9578=DIRECTION('',(0.,0.,1.));
#9579=DIRECTION('',(0.,-1.,0.));
#9580=DIRECTION('',(0.,0.,-1.));
#9581=DIRECTION('',(0.,-1.,0.));
#9582=DIRECTION('',(0.,0.,1.));
#9583=DIRECTION('',(-1.,0.,0.));
#9584=DIRECTION('',(0.,0.,1.));
#9585=DIRECTION('',(0.,1.,0.));
#9586=DIRECTION('',(-1.,0.,0.));
#9587=DIRECTION('',(0.,0.,1.));
#9588=DIRECTION('',(-0.747020785582998,0.664800681337617,0.));
#9589=DIRECTION('',(0.664800681337617,0.747020785582998,0.));
#9590=DIRECTION('',(-0.747020785582998,0.664800681337618,0.));
#9591=DIRECTION('',(0.,0.,1.));
#9592=DIRECTION('',(0.716091995878852,0.698005912180006,0.));
#9593=DIRECTION('',(0.698005912180006,-0.716091995878852,0.));
#9594=DIRECTION('',(0.716091995878852,0.698005912180006,0.));
#9595=DIRECTION('',(0.,0.,1.));
#9596=DIRECTION('',(-1.,0.,0.));
#9597=DIRECTION('',(0.,1.,0.));
#9598=DIRECTION('',(-1.,0.,0.));
#9599=DIRECTION('',(0.,0.,1.));
#9600=DIRECTION('',(0.716091995878853,0.698005912180005,0.));
#9601=DIRECTION('',(0.698005912180005,-0.716091995878853,0.));
#9602=DIRECTION('',(0.716091995878853,0.698005912180005,0.));
#9603=DIRECTION('',(-0.747020785582998,0.664800681337617,0.));
#9604=DIRECTION('',(0.664800681337617,0.747020785582998,0.));
#9605=DIRECTION('',(-0.747020785582998,0.664800681337617,0.));
#9606=DIRECTION('',(0.,0.,-1.));
#9607=DIRECTION('',(0.,1.,0.));
#9608=DIRECTION('',(-2.34291072916505E-015,0.,-1.));
#9609=DIRECTION('',(2.34291072916505E-015,0.,1.));
#9610=DIRECTION('',(-1.,-6.12323399573677E-017,2.34291072916505E-015));
#9611=DIRECTION('',(6.24500451351651E-017,-1.,0.));
#9612=DIRECTION('',(1.,6.12323399573677E-017,-2.34291072916505E-015));
#9613=DIRECTION('',(6.12323399573677E-017,-1.,-1.43461906257998E-031));
#9614=DIRECTION('',(1.,6.15826833971767E-017,-2.34361141604467E-015));
#9615=DIRECTION('',(1.,6.12323399573677E-017,-2.34291072916505E-015));
#9616=DIRECTION('',(2.34291072916505E-015,0.,1.));
#9617=DIRECTION('',(1.,6.15826833971767E-017,-2.34361141604467E-015));
#9618=DIRECTION('',(-6.12323399573677E-017,1.,1.43461906257998E-031));
#9619=DIRECTION('',(-1.,-6.15826833971767E-017,2.34361141604467E-015));
#9620=DIRECTION('',(0.,1.,0.));
#9621=DIRECTION('',(0.,0.,1.));
#9622=DIRECTION('',(1.,0.,0.));
#9623=DIRECTION('',(0.,1.,0.));
#9624=DIRECTION('',(0.,0.,-1.));
#9625=DIRECTION('',(0.,0.,1.));
#9626=DIRECTION('',(0.,-1.,0.));
#9627=DIRECTION('',(1.,0.,0.));
#9628=DIRECTION('',(0.,0.,1.));
#9629=DIRECTION('',(0.,0.,-1.));
#9630=DIRECTION('',(0.,0.,1.));
#9631=DIRECTION('',(0.,1.,0.));
#9632=DIRECTION('',(-1.,0.,0.));
#9633=DIRECTION('',(0.,0.,-1.));
#9634=DIRECTION('',(0.,-1.,0.));
#9635=DIRECTION('',(1.,0.,0.));
#9636=DIRECTION('',(0.904435178787505,0.,0.426611072725045));
#9637=DIRECTION('',(0.,-1.,0.));
#9638=DIRECTION('',(1.,0.,0.));
#9639=DIRECTION('',(-0.688054817233639,-5.37095341166634E-016,0.725658713502142));
#9640=DIRECTION('',(0.,-1.,0.));
#9641=DIRECTION('',(1.,0.,0.));
#9642=DIRECTION('',(0.,0.,1.));
#9643=DIRECTION('',(-1.,0.,0.));
#9644=DIRECTION('',(0.,0.,1.));
#9645=DIRECTION('',(0.,-1.,0.));
#9646=DIRECTION('',(1.,0.,0.));
#9647=DIRECTION('',(-0.688054817233639,-5.37095341166634E-016,0.725658713502142));
#9648=DIRECTION('',(0.,-1.,0.));
#9649=DIRECTION('',(1.,0.,0.));
#9650=DIRECTION('',(0.904435178787505,0.,0.426611072725045));
#9651=DIRECTION('',(0.,-1.,0.));
#9652=DIRECTION('',(1.,0.,0.));
#9653=DIRECTION('',(0.,1.,0.));
#9654=DIRECTION('',(-1.,0.,0.));
#9655=DIRECTION('',(0.,1.,0.));
#9656=DIRECTION('',(-1.,0.,0.));
#9657=DIRECTION('',(0.904435178787505,0.,0.426611072725045));
#9658=DIRECTION('',(0.,1.,0.));
#9659=DIRECTION('',(-1.,0.,0.));
#9660=DIRECTION('',(-0.688054817233639,-5.37095341166634E-016,0.725658713502142));
#9661=DIRECTION('',(0.,1.,0.));
#9662=DIRECTION('',(-1.,0.,0.));
#9663=DIRECTION('',(0.,0.,1.));
#9664=DIRECTION('',(1.,0.,0.));
#9665=DIRECTION('',(0.,0.,1.));
#9666=DIRECTION('',(0.,1.,0.));
#9667=DIRECTION('',(-1.,0.,0.));
#9668=DIRECTION('',(-0.688054817233639,-5.37095341166634E-016,0.725658713502142));
#9669=DIRECTION('',(0.,1.,0.));
#9670=DIRECTION('',(-1.,0.,0.));
#9671=DIRECTION('',(0.904435178787505,0.,0.426611072725045));
#9672=DIRECTION('',(0.,1.,0.));
#9673=DIRECTION('',(-1.,0.,0.));
#9674=DIRECTION('',(0.,-1.,0.));
#9675=DIRECTION('',(1.,0.,0.));
#9676=DIRECTION('',(0.,-1.,0.));
#9677=DIRECTION('',(0.,-1.,0.));
#9678=DIRECTION('',(1.,0.,0.));
#9679=DIRECTION('',(0.,-1.,0.));
#9680=DIRECTION('',(0.,-1.,0.));
#9681=DIRECTION('',(1.,0.,0.));
#9682=DIRECTION('',(0.,-1.,0.));
#9683=DIRECTION('',(-0.426611072725045,0.,0.904435178787505));
#9684=DIRECTION('',(-0.904435178787505,0.,-0.426611072725045));
#9685=DIRECTION('',(0.,1.,0.));
#9686=DIRECTION('',(0.426611072725045,0.,-0.904435178787505));
#9687=DIRECTION('',(0.904435178787505,0.,0.426611072725045));
#9688=DIRECTION('',(0.,-1.,0.));
#9689=DIRECTION('',(0.,-1.,0.));
#9690=DIRECTION('',(1.,0.,0.));
#9691=DIRECTION('',(0.,-1.,0.));
#9692=DIRECTION('',(0.,-1.,0.));
#9693=DIRECTION('',(1.,0.,0.));
#9694=DIRECTION('',(0.,-1.,-7.4014868308344E-016));
#9695=DIRECTION('',(-0.725658713502142,5.09262866864695E-016,-0.688054817233639));
#9696=DIRECTION('',(0.688054817233639,5.36896915814822E-016,-0.725658713502142));
#9697=DIRECTION('',(0.,1.,7.4014868308344E-016));
#9698=DIRECTION('',(0.725658713502142,-5.09262866864695E-016,0.688054817233639));
#9699=DIRECTION('',(-0.688054817233639,-5.36896915814822E-016,0.725658713502142));
#9700=DIRECTION('',(0.,1.,0.));
#9701=DIRECTION('',(0.,-1.,0.));
#9702=DIRECTION('',(1.,0.,0.));
#9703=DIRECTION('',(0.,1.,0.));
#9704=DIRECTION('',(0.,-1.,0.));
#9705=DIRECTION('',(1.,0.,0.));
#9706=DIRECTION('',(0.,-1.,0.));
#9707=DIRECTION('',(-1.,0.,0.));
#9708=DIRECTION('',(0.,0.,-1.));
#9709=DIRECTION('',(0.,1.,0.));
#9710=DIRECTION('',(1.,0.,0.));
#9711=DIRECTION('',(0.,0.,1.));
#9712=DIRECTION('',(0.,-1.,0.));
#9713=DIRECTION('',(-1.,0.,0.));
#9714=DIRECTION('',(0.,1.,0.));
#9715=DIRECTION('',(1.,0.,0.));
#9716=DIRECTION('',(0.,0.,-1.));
#9717=DIRECTION('',(0.,1.,0.));
#9718=DIRECTION('',(-0.0953462589245587,0.286038776773678,-0.953462589245592));
#9719=DIRECTION('',(0.0953462589245587,0.286038776773678,0.953462589245592));
#9720=DIRECTION('',(-0.995037190209989,0.,0.0995037190209983));
#9721=DIRECTION('',(-0.0995037190209983,0.,-0.995037190209989));
#9722=DIRECTION('',(-0.0953462589245587,-0.286038776773678,0.953462589245592));
#9723=DIRECTION('',(0.0953462589245587,-0.286038776773678,-0.953462589245592));
#9724=DIRECTION('',(0.995037190209989,0.,0.0995037190209983));
#9725=DIRECTION('',(-0.0995037190209983,0.,0.995037190209989));
#9726=DIRECTION('',(0.,0.957826285221151,0.287347885566345));
#9727=DIRECTION('',(0.,-0.287347885566345,0.957826285221152));
#9728=DIRECTION('',(0.,-0.957826285221151,0.287347885566345));
#9729=DIRECTION('',(0.,-0.287347885566345,-0.957826285221152));
#9730=DIRECTION('',(-1.,0.,0.));
#9731=DIRECTION('',(-0.707106781186545,0.,0.70710678118655));
#9732=DIRECTION('',(0.,1.,0.));
#9733=DIRECTION('',(1.,0.,0.));
#9734=DIRECTION('',(0.,-1.,0.));
#9735=DIRECTION('',(-0.70710678118655,0.,-0.707106781186545));
#9736=DIRECTION('',(-0.707106781186545,0.,0.70710678118655));
#9737=DIRECTION('',(0.,0.,1.));
#9738=DIRECTION('',(1.,0.,0.));
#9739=DIRECTION('',(0.707106781186545,0.,-0.70710678118655));
#9740=DIRECTION('',(-1.,0.,0.));
#9741=DIRECTION('',(0.,-1.,0.));
#9742=DIRECTION('',(-1.,0.,0.));
#9743=DIRECTION('',(0.,-1.,0.));
#9744=DIRECTION('',(-0.70710678118655,0.,-0.707106781186545));
#9745=DIRECTION('',(-0.707106781186545,0.,0.70710678118655));
#9746=DIRECTION('',(0.,0.,1.));
#9747=DIRECTION('',(1.,0.,0.));
#9748=DIRECTION('',(0.,0.,1.));
#9749=DIRECTION('',(0.,0.,-1.));
#9750=DIRECTION('',(0.,-1.,0.));
#9751=DIRECTION('',(-1.,0.,0.));
#9752=DIRECTION('',(0.,0.,1.));
#9753=DIRECTION('',(0.,0.,1.));
#9754=DIRECTION('',(0.,0.,-1.));
#9755=DIRECTION('',(0.,1.,0.));
#9756=DIRECTION('',(1.,0.,0.));
#9757=DIRECTION('',(0.,0.,-1.));
#9758=DIRECTION('',(0.,1.,0.));
#9759=DIRECTION('',(-1.,0.,0.));
#9760=DIRECTION('',(-0.904435178787505,0.,0.426611072725045));
#9761=DIRECTION('',(0.,1.,0.));
#9762=DIRECTION('',(-1.,0.,0.));
#9763=DIRECTION('',(0.688054817233639,-5.37095341166634E-016,0.725658713502142));
#9764=DIRECTION('',(0.,1.,0.));
#9765=DIRECTION('',(-1.,0.,0.));
#9766=DIRECTION('',(0.,0.,1.));
#9767=DIRECTION('',(1.,0.,0.));
#9768=DIRECTION('',(0.,0.,1.));
#9769=DIRECTION('',(0.,1.,0.));
#9770=DIRECTION('',(-1.,0.,0.));
#9771=DIRECTION('',(0.688054817233639,-5.37095341166634E-016,0.725658713502142));
#9772=DIRECTION('',(0.,1.,0.));
#9773=DIRECTION('',(-1.,0.,0.));
#9774=DIRECTION('',(-0.904435178787505,0.,0.426611072725045));
#9775=DIRECTION('',(0.,1.,0.));
#9776=DIRECTION('',(-1.,0.,0.));
#9777=DIRECTION('',(0.,1.,0.));
#9778=DIRECTION('',(1.,0.,0.));
#9779=DIRECTION('',(0.,-1.,0.));
#9780=DIRECTION('',(1.,0.,0.));
#9781=DIRECTION('',(-0.904435178787505,0.,0.426611072725045));
#9782=DIRECTION('',(0.,-1.,0.));
#9783=DIRECTION('',(1.,0.,0.));
#9784=DIRECTION('',(0.688054817233639,-5.37095341166634E-016,0.725658713502142));
#9785=DIRECTION('',(0.,-1.,0.));
#9786=DIRECTION('',(1.,0.,0.));
#9787=DIRECTION('',(0.,0.,1.));
#9788=DIRECTION('',(-1.,0.,0.));
#9789=DIRECTION('',(0.,0.,1.));
#9790=DIRECTION('',(0.,-1.,0.));
#9791=DIRECTION('',(1.,0.,0.));
#9792=DIRECTION('',(0.688054817233639,-5.37095341166634E-016,0.725658713502142));
#9793=DIRECTION('',(0.,-1.,0.));
#9794=DIRECTION('',(1.,0.,0.));
#9795=DIRECTION('',(-0.904435178787505,0.,0.426611072725045));
#9796=DIRECTION('',(0.,-1.,0.));
#9797=DIRECTION('',(1.,0.,0.));
#9798=DIRECTION('',(0.,-1.,0.));
#9799=DIRECTION('',(-1.,0.,0.));
#9800=DIRECTION('',(0.,-1.,0.));
#9801=DIRECTION('',(0.,-1.,0.));
#9802=DIRECTION('',(-1.,0.,0.));
#9803=DIRECTION('',(0.,-1.,0.));
#9804=DIRECTION('',(0.,-1.,0.));
#9805=DIRECTION('',(-1.,0.,0.));
#9806=DIRECTION('',(0.,-1.,0.));
#9807=DIRECTION('',(0.426611072725045,0.,0.904435178787505));
#9808=DIRECTION('',(0.904435178787505,0.,-0.426611072725045));
#9809=DIRECTION('',(0.,1.,0.));
#9810=DIRECTION('',(-0.426611072725045,0.,-0.904435178787505));
#9811=DIRECTION('',(-0.904435178787505,0.,0.426611072725045));
#9812=DIRECTION('',(0.,-1.,0.));
#9813=DIRECTION('',(0.,-1.,0.));
#9814=DIRECTION('',(-1.,0.,0.));
#9815=DIRECTION('',(0.,-1.,0.));
#9816=DIRECTION('',(0.,-1.,0.));
#9817=DIRECTION('',(-1.,0.,0.));
#9818=DIRECTION('',(0.,-1.,-7.4014868308344E-016));
#9819=DIRECTION('',(0.725658713502142,5.09262866864695E-016,-0.688054817233639));
#9820=DIRECTION('',(-0.688054817233639,5.36896915814822E-016,-0.725658713502142));
#9821=DIRECTION('',(0.,1.,7.4014868308344E-016));
#9822=DIRECTION('',(-0.725658713502142,-5.09262866864695E-016,0.688054817233639));
#9823=DIRECTION('',(0.688054817233639,-5.36896915814822E-016,0.725658713502142));
#9824=DIRECTION('',(0.,1.,0.));
#9825=DIRECTION('',(0.,-1.,0.));
#9826=DIRECTION('',(-1.,0.,0.));
#9827=DIRECTION('',(0.,1.,0.));
#9828=DIRECTION('',(0.,-1.,0.));
#9829=DIRECTION('',(-1.,0.,0.));
#9830=DIRECTION('',(0.,-1.,0.));
#9831=DIRECTION('',(1.,0.,0.));
#9832=DIRECTION('',(0.,0.,-1.));
#9833=DIRECTION('',(0.,1.,0.));
#9834=DIRECTION('',(-1.,0.,0.));
#9835=DIRECTION('',(0.,0.,1.));
#9836=DIRECTION('',(0.,-1.,0.));
#9837=DIRECTION('',(-1.,0.,0.));
#9838=DIRECTION('',(0.,1.,0.));
#9839=DIRECTION('',(1.,0.,0.));
#9840=DIRECTION('',(0.,0.,-1.));
#9841=DIRECTION('',(0.,1.,0.));
#9842=DIRECTION('',(-0.0953462589245587,0.286038776773678,0.953462589245592));
#9843=DIRECTION('',(0.0953462589245587,0.286038776773678,-0.953462589245592));
#9844=DIRECTION('',(0.995037190209989,0.,0.0995037190209983));
#9845=DIRECTION('',(0.0995037190209983,0.,-0.995037190209989));
#9846=DIRECTION('',(-0.0953462589245587,-0.286038776773678,-0.953462589245592));
#9847=DIRECTION('',(0.0953462589245587,-0.286038776773678,0.953462589245592));
#9848=DIRECTION('',(-0.995037190209989,0.,0.0995037190209983));
#9849=DIRECTION('',(0.0995037190209983,0.,0.995037190209989));
#9850=DIRECTION('',(0.,0.957826285221151,0.287347885566345));
#9851=DIRECTION('',(0.,-0.287347885566345,0.957826285221152));
#9852=DIRECTION('',(0.,-0.957826285221151,0.287347885566345));
#9853=DIRECTION('',(0.,-0.287347885566345,-0.957826285221152));
#9854=DIRECTION('',(0.,0.,-1.));
#9855=DIRECTION('',(0.,0.,1.));
#9856=DIRECTION('',(0.,-1.,0.));
#9857=DIRECTION('',(1.,0.,0.));
#9858=DIRECTION('',(0.,0.,1.));
#9859=DIRECTION('',(0.,0.,-1.));
#9860=DIRECTION('',(0.,0.,1.));
#9861=DIRECTION('',(0.,1.,0.));
#9862=DIRECTION('',(-1.,0.,0.));
#9863=DIRECTION('',(0.,0.,-1.));
#9864=DIRECTION('',(0.,-1.,0.));
#9865=DIRECTION('',(1.,0.,0.));
#9866=DIRECTION('',(0.904435178787505,0.,0.426611072725045));
#9867=DIRECTION('',(0.,-1.,0.));
#9868=DIRECTION('',(1.,0.,0.));
#9869=DIRECTION('',(-0.688054817233639,-5.37095341166634E-016,0.725658713502142));
#9870=DIRECTION('',(0.,-1.,0.));
#9871=DIRECTION('',(1.,0.,0.));
#9872=DIRECTION('',(0.,0.,1.));
#9873=DIRECTION('',(-1.,0.,0.));
#9874=DIRECTION('',(0.,0.,1.));
#9875=DIRECTION('',(0.,-1.,0.));
#9876=DIRECTION('',(1.,0.,0.));
#9877=DIRECTION('',(-0.688054817233639,-5.37095341166634E-016,0.725658713502142));
#9878=DIRECTION('',(0.,-1.,0.));
#9879=DIRECTION('',(1.,0.,0.));
#9880=DIRECTION('',(0.904435178787505,0.,0.426611072725045));
#9881=DIRECTION('',(0.,-1.,0.));
#9882=DIRECTION('',(1.,0.,0.));
#9883=DIRECTION('',(0.,1.,0.));
#9884=DIRECTION('',(-1.,0.,0.));
#9885=DIRECTION('',(0.,1.,0.));
#9886=DIRECTION('',(-1.,0.,0.));
#9887=DIRECTION('',(0.904435178787505,0.,0.426611072725045));
#9888=DIRECTION('',(0.,1.,0.));
#9889=DIRECTION('',(-1.,0.,0.));
#9890=DIRECTION('',(-0.688054817233639,-5.37095341166634E-016,0.725658713502142));
#9891=DIRECTION('',(0.,1.,0.));
#9892=DIRECTION('',(-1.,0.,0.));
#9893=DIRECTION('',(0.,0.,1.));
#9894=DIRECTION('',(1.,0.,0.));
#9895=DIRECTION('',(0.,0.,1.));
#9896=DIRECTION('',(0.,1.,0.));
#9897=DIRECTION('',(-1.,0.,0.));
#9898=DIRECTION('',(-0.688054817233639,-5.37095341166634E-016,0.725658713502142));
#9899=DIRECTION('',(0.,1.,0.));
#9900=DIRECTION('',(-1.,0.,0.));
#9901=DIRECTION('',(0.904435178787505,0.,0.426611072725045));
#9902=DIRECTION('',(0.,1.,0.));
#9903=DIRECTION('',(-1.,0.,0.));
#9904=DIRECTION('',(0.,-1.,0.));
#9905=DIRECTION('',(1.,0.,0.));
#9906=DIRECTION('',(0.,-1.,0.));
#9907=DIRECTION('',(0.,-1.,0.));
#9908=DIRECTION('',(1.,0.,0.));
#9909=DIRECTION('',(0.,-1.,0.));
#9910=DIRECTION('',(0.,-1.,0.));
#9911=DIRECTION('',(1.,0.,0.));
#9912=DIRECTION('',(0.,-1.,0.));
#9913=DIRECTION('',(-0.426611072725045,0.,0.904435178787505));
#9914=DIRECTION('',(-0.904435178787505,0.,-0.426611072725045));
#9915=DIRECTION('',(0.,1.,0.));
#9916=DIRECTION('',(0.426611072725045,0.,-0.904435178787505));
#9917=DIRECTION('',(0.904435178787505,0.,0.426611072725045));
#9918=DIRECTION('',(0.,-1.,0.));
#9919=DIRECTION('',(0.,-1.,0.));
#9920=DIRECTION('',(1.,0.,0.));
#9921=DIRECTION('',(0.,-1.,0.));
#9922=DIRECTION('',(0.,-1.,0.));
#9923=DIRECTION('',(1.,0.,0.));
#9924=DIRECTION('',(0.,-1.,-7.4014868308344E-016));
#9925=DIRECTION('',(-0.725658713502142,5.09262866864695E-016,-0.688054817233639));
#9926=DIRECTION('',(0.688054817233639,5.36896915814822E-016,-0.725658713502142));
#9927=DIRECTION('',(0.,1.,7.4014868308344E-016));
#9928=DIRECTION('',(0.725658713502142,-5.09262866864695E-016,0.688054817233639));
#9929=DIRECTION('',(-0.688054817233639,-5.36896915814822E-016,0.725658713502142));
#9930=DIRECTION('',(0.,1.,0.));
#9931=DIRECTION('',(0.,-1.,0.));
#9932=DIRECTION('',(1.,0.,0.));
#9933=DIRECTION('',(0.,1.,0.));
#9934=DIRECTION('',(0.,-1.,0.));
#9935=DIRECTION('',(1.,0.,0.));
#9936=DIRECTION('',(0.,-1.,0.));
#9937=DIRECTION('',(-1.,0.,0.));
#9938=DIRECTION('',(0.,0.,-1.));
#9939=DIRECTION('',(0.,1.,0.));
#9940=DIRECTION('',(1.,0.,0.));
#9941=DIRECTION('',(0.,0.,1.));
#9942=DIRECTION('',(0.,-1.,0.));
#9943=DIRECTION('',(-1.,0.,0.));
#9944=DIRECTION('',(0.,1.,0.));
#9945=DIRECTION('',(1.,0.,0.));
#9946=DIRECTION('',(0.,0.,-1.));
#9947=DIRECTION('',(0.,1.,0.));
#9948=DIRECTION('',(-0.0953462589245587,0.286038776773678,-0.953462589245592));
#9949=DIRECTION('',(0.0953462589245587,0.286038776773678,0.953462589245592));
#9950=DIRECTION('',(-0.995037190209989,0.,0.0995037190209983));
#9951=DIRECTION('',(-0.0995037190209984,0.,-0.995037190209989));
#9952=DIRECTION('',(-0.0953462589245587,-0.286038776773678,0.953462589245592));
#9953=DIRECTION('',(0.0953462589245587,-0.286038776773678,-0.953462589245592));
#9954=DIRECTION('',(0.995037190209989,0.,0.0995037190209983));
#9955=DIRECTION('',(-0.0995037190209984,0.,0.995037190209989));
#9956=DIRECTION('',(0.,0.957826285221151,0.287347885566345));
#9957=DIRECTION('',(0.,-0.287347885566345,0.957826285221152));
#9958=DIRECTION('',(0.,-0.957826285221151,0.287347885566345));
#9959=DIRECTION('',(0.,-0.287347885566345,-0.957826285221152));
#9960=DIRECTION('',(0.,0.,-1.));
#9961=DIRECTION('',(0.,1.,0.));
#9962=DIRECTION('',(0.,0.,1.));
#9963=DIRECTION('',(0.,-1.,0.));
#9964=DIRECTION('',(1.,0.,0.));
#9965=DIRECTION('',(-1.,0.,0.));
#9966=DIRECTION('',(1.,0.,0.));
#9967=DIRECTION('',(0.,0.999999999999994,0.));
#9968=DIRECTION('',(-1.,0.,0.));
#9969=DIRECTION('',(0.,0.,-1.));
#9970=DIRECTION('',(0.,1.,0.));
#9971=DIRECTION('',(1.,0.,0.));
#9972=DIRECTION('',(-1.,0.,0.));
#9973=DIRECTION('',(0.,-0.999999999999994,0.));
#9974=DIRECTION('',(0.,0.,-1.));
#9975=DIRECTION('',(0.,0.,-1.));
#9976=DIRECTION('',(-1.,0.,0.));
#9977=DIRECTION('',(0.,-0.999999999999994,0.));
#9978=DIRECTION('',(0.,1.,0.));
#9979=DIRECTION('',(-1.,0.,0.));
#9980=DIRECTION('',(0.,0.,-1.));
#9981=DIRECTION('',(-1.,0.,0.));
#9982=DIRECTION('',(0.,1.,0.));
#9983=DIRECTION('',(-1.,0.,0.));
#9984=DIRECTION('',(1.,0.,0.));
#9985=DIRECTION('',(1.,0.,0.));
#9986=DIRECTION('',(0.,0.999999999999994,0.));
#9987=DIRECTION('',(1.,0.,0.));
#9988=DIRECTION('',(0.,1.,0.));
#9989=DIRECTION('',(0.,0.,1.));
#9990=DIRECTION('',(0.,0.,1.));
#9991=DIRECTION('',(0.,0.,-1.));
#9992=DIRECTION('',(0.,1.,0.));
#9993=DIRECTION('',(-1.,0.,0.));
#9994=DIRECTION('',(0.,-0.999999999999994,0.));
#9995=DIRECTION('',(-1.,0.,0.));
#9996=DIRECTION('',(0.,0.,-1.));
#9997=DIRECTION('',(-1.,0.,0.));
#9998=DIRECTION('',(0.,-1.,0.));
#9999=DIRECTION('',(0.,0.,-1.));
#10000=DIRECTION('',(-1.,0.,0.));
#10001=DIRECTION('',(1.,0.,0.));
#10002=DIRECTION('',(-1.,0.,0.));
#10003=DIRECTION('',(0.,-0.999999999999994,0.));
#10004=DIRECTION('',(-1.,0.,0.));
#10005=DIRECTION('',(0.,-1.,0.));
#10006=DIRECTION('',(1.,0.,0.));
#10007=DIRECTION('',(1.,0.,0.));
#10008=DIRECTION('',(1.,0.,0.));
#10009=DIRECTION('',(0.,0.999999999999994,0.));
#10010=DIRECTION('',(-1.,0.,0.));
#10011=DIRECTION('',(0.,0.,-1.));
#10012=DIRECTION('',(0.,1.,0.));
#10013=DIRECTION('',(1.,0.,0.));
#10014=DIRECTION('',(-1.,0.,0.));
#10015=DIRECTION('',(0.,-0.999999999999994,0.));
#10016=DIRECTION('',(-1.,0.,0.));
#10017=DIRECTION('',(0.,1.,0.));
#10018=DIRECTION('',(-1.,0.,0.));
#10019=DIRECTION('',(1.,0.,0.));
#10020=DIRECTION('',(0.,0.,-1.));
#10021=DIRECTION('',(0.,1.,0.));
#10022=DIRECTION('',(0.,-1.,0.));
#10023=DIRECTION('',(1.,0.,0.));
#10024=DIRECTION('',(0.,0.,1.));
#10025=DIRECTION('',(-1.,0.,0.));
#10026=DIRECTION('',(0.,0.,1.));
#10027=DIRECTION('',(-1.,0.,0.));
#10028=DIRECTION('',(0.331294578224539,-0.331294578224539,-0.883452208598773));
#10029=DIRECTION('',(0.,1.,0.));
#10030=DIRECTION('',(-0.331294578224539,-0.331294578224539,0.883452208598773));
#10031=DIRECTION('',(0.,-1.,0.));
#10032=DIRECTION('',(0.936329177569045,0.,0.351123441588391));
#10033=DIRECTION('',(-0.351123441588391,0.,0.936329177569045));
#10034=DIRECTION('',(0.331294578224539,-0.331294578224539,0.883452208598773));
#10035=DIRECTION('',(1.,0.,0.));
#10036=DIRECTION('',(-1.,0.,0.));
#10037=DIRECTION('',(0.,0.936329177569045,0.351123441588391));
#10038=DIRECTION('',(0.,-0.351123441588391,0.936329177569045));
#10039=DIRECTION('',(-0.331294578224539,-0.331294578224539,-0.883452208598773));
#10040=DIRECTION('',(1.,0.,0.));
#10041=DIRECTION('',(-1.,0.,0.));
#10042=DIRECTION('',(0.,-0.936329177569045,0.351123441588391));
#10043=DIRECTION('',(0.,-0.351123441588391,-0.936329177569045));
#10044=DIRECTION('',(0.,-1.,0.));
#10045=DIRECTION('',(0.,1.,0.));
#10046=DIRECTION('',(-0.936329177569045,0.,0.351123441588391));
#10047=DIRECTION('',(-0.351123441588391,0.,-0.936329177569045));
#10048=DIRECTION('',(0.,0.,-1.));
#10049=DIRECTION('',(0.,0.,-1.));
#10050=DIRECTION('',(0.,-1.,0.));
#10051=DIRECTION('',(0.,0.,-1.));
#10052=DIRECTION('',(0.,0.,-1.));
#10053=DIRECTION('',(0.,0.,-1.));
#10054=DIRECTION('',(0.,1.,0.));
#10055=DIRECTION('',(0.,0.,1.));
#10056=DIRECTION('',(0.,0.,-1.));
#10057=DIRECTION('',(1.,0.,0.));
#10058=DIRECTION('',(1.,0.,0.));
#10059=DIRECTION('',(0.,0.,1.));
#10060=DIRECTION('',(-1.,0.,0.));
#10061=DIRECTION('',(0.,0.,-1.));
#10062=DIRECTION('',(1.,0.,0.));
#10063=DIRECTION('',(0.,0.,1.));
#10064=DIRECTION('',(0.,-1.,0.));
#10065=DIRECTION('',(1.,0.,0.));
#10066=DIRECTION('',(0.,0.,-1.));
#10067=DIRECTION('',(0.,-1.,0.));
#10068=DIRECTION('',(1.,0.,0.));
#10069=DIRECTION('',(0.,0.,-1.));
#10070=DIRECTION('',(-1.,0.,0.));
#10071=DIRECTION('',(0.,-1.,0.));
#10072=DIRECTION('',(0.,0.,-1.));
#10073=DIRECTION('',(1.,0.,0.));
#10074=DIRECTION('',(0.,0.999999999999994,0.));
#10075=DIRECTION('',(0.,-1.,0.));
#10076=DIRECTION('',(1.,0.,0.));
#10077=DIRECTION('',(0.,0.,1.));
#10078=DIRECTION('',(-1.,0.,0.));
#10079=DIRECTION('',(-1.,0.,0.));
#10080=DIRECTION('',(0.,-0.999999999999994,0.));
#10081=DIRECTION('',(0.,0.,1.));
#10082=DIRECTION('',(-1.,0.,0.));
#10083=DIRECTION('',(0.,0.,-1.));
#10084=DIRECTION('',(1.,0.,0.));
#10085=DIRECTION('',(0.,1.,0.));
#10086=DIRECTION('',(0.,0.,1.));
#10087=DIRECTION('',(0.,0.,1.));
#10088=DIRECTION('',(-1.,0.,0.));
#10089=DIRECTION('',(0.,1.,0.));
#10090=DIRECTION('',(-1.,0.,0.));
#10091=DIRECTION('',(0.,-1.,0.));
#10092=DIRECTION('',(1.,0.,0.));
#10093=DIRECTION('',(0.,0.999999999999994,0.));
#10094=DIRECTION('',(1.,0.,0.));
#10095=DIRECTION('',(0.,0.,1.));
#10096=DIRECTION('',(1.,0.,0.));
#10097=DIRECTION('',(1.,0.,0.));
#10098=DIRECTION('',(0.,0.999999999999994,0.));
#10099=DIRECTION('',(0.,0.,1.));
#10100=DIRECTION('',(-1.,0.,0.));
#10101=DIRECTION('',(0.,0.,-1.));
#10102=DIRECTION('',(0.,0.,-1.));
#10103=DIRECTION('',(0.,1.,0.));
#10104=DIRECTION('',(1.,0.,0.));
#10105=DIRECTION('',(0.,0.,1.));
#10106=DIRECTION('',(0.,0.,-1.));
#10107=DIRECTION('',(0.,0.,-1.));
#10108=DIRECTION('',(0.,-1.,0.));
#10109=DIRECTION('',(-1.,0.,0.));
#10110=DIRECTION('',(0.,0.,-1.));
#10111=DIRECTION('',(-1.,0.,0.));
#10112=DIRECTION('',(0.,1.,0.));
#10113=DIRECTION('',(1.,0.,0.));
#10114=DIRECTION('',(0.,-1.,0.));
#10115=DIRECTION('',(0.,0.,-1.));
#10116=DIRECTION('',(1.,0.,0.));
#10117=DIRECTION('',(-1.,0.,0.));
#10118=DIRECTION('',(0.,1.,0.));
#10119=DIRECTION('',(0.,0.,1.));
#10120=DIRECTION('',(1.,0.,0.));
#10121=DIRECTION('',(0.,-1.,0.));
#10122=DIRECTION('',(0.,0.,-1.));
#10123=DIRECTION('',(0.331294578224539,-0.331294578224539,0.883452208598773));
#10124=DIRECTION('',(-0.331294578224539,-0.331294578224539,-0.883452208598773));
#10125=DIRECTION('',(-0.936329177569045,0.,0.351123441588391));
#10126=DIRECTION('',(-0.351123441588391,0.,-0.936329177569045));
#10127=DIRECTION('',(0.331294578224539,-0.331294578224539,-0.883452208598773));
#10128=DIRECTION('',(0.,-0.936329177569045,0.351123441588391));
#10129=DIRECTION('',(0.,-0.351123441588391,-0.936329177569045));
#10130=DIRECTION('',(-0.331294578224539,-0.331294578224539,0.883452208598773));
#10131=DIRECTION('',(0.,0.936329177569045,0.351123441588391));
#10132=DIRECTION('',(0.,-0.351123441588391,0.936329177569045));
#10133=DIRECTION('',(0.936329177569045,0.,0.351123441588391));
#10134=DIRECTION('',(-0.351123441588391,0.,0.936329177569045));
#10135=DIRECTION('',(0.,0.,-1.));
#10136=DIRECTION('',(1.,0.,0.));
#10137=DIRECTION('',(0.,0.,-1.));
#10138=DIRECTION('',(-1.,0.,0.));
#10139=DIRECTION('',(0.,-1.,0.));
#10140=DIRECTION('',(0.,0.,-1.));
#10141=DIRECTION('',(-1.,0.,0.));
#10142=DIRECTION('',(0.,1.,0.));
#10143=DIRECTION('',(1.,0.,0.));
#10144=DIRECTION('',(1.,0.,0.));
#10145=DIRECTION('',(0.,-1.,0.));
#10146=DIRECTION('',(1.,0.,0.));
#10147=DIRECTION('',(0.,1.,0.));
#10148=DIRECTION('',(0.,1.,0.));
#10149=DIRECTION('',(-1.,0.,0.));
#10150=DIRECTION('',(0.,-1.,0.));
#10151=DIRECTION('',(0.,0.,-1.));
#10152=DIRECTION('',(1.,0.,0.));
#10153=DIRECTION('',(0.,-0.707106781186548,0.707106781186548));
#10154=DIRECTION('',(0.,0.707106781186548,-0.707106781186548));
#10155=DIRECTION('',(0.,-0.707106781186547,-0.707106781186547));
#10156=DIRECTION('',(0.,0.707106781186548,-0.707106781186548));
#10157=DIRECTION('',(1.,0.,0.));
#10158=DIRECTION('',(0.,0.,1.));
#10159=DIRECTION('',(-1.,0.,0.));
#10160=DIRECTION('',(0.,0.,-1.));
#10161=DIRECTION('',(0.,0.,-1.));
#10162=DIRECTION('',(-1.,0.,0.));
#10163=DIRECTION('',(0.,0.,-1.));
#10164=DIRECTION('',(-1.,0.,0.));
#10165=DIRECTION('',(0.,1.,0.));
#10166=DIRECTION('',(0.,0.,1.));
#10167=DIRECTION('',(0.,1.,0.));
#10168=DIRECTION('',(1.,0.,0.));
#10169=DIRECTION('',(0.,1.,0.));
#10170=DIRECTION('',(1.,0.,0.));
#10171=DIRECTION('',(0.,0.,1.));
#10172=DIRECTION('',(-1.,0.,0.));
#10173=DIRECTION('',(0.,-1.,0.));
#10174=DIRECTION('',(0.,-1.,0.));
#10175=DIRECTION('',(-1.,0.,0.));
#10176=DIRECTION('',(0.,0.,-1.));
#10177=DIRECTION('',(1.,0.,0.));
#10178=DIRECTION('',(0.,0.,-1.));
#10179=DIRECTION('',(1.,0.,0.));
#10180=DIRECTION('',(-1.,0.,0.));
#10181=DIRECTION('',(0.,-1.,0.));
#10182=DIRECTION('',(0.,0.,-1.));
#10183=DIRECTION('',(1.,0.,0.));
#10184=DIRECTION('',(0.,0.,-1.));
#10185=DIRECTION('',(1.,0.,0.));
#10186=DIRECTION('',(0.,-1.,0.));
#10187=DIRECTION('',(0.,0.,-1.));
#10188=DIRECTION('',(1.,0.,0.));
#10189=DIRECTION('',(0.,1.,0.));
#10190=DIRECTION('',(0.,1.,0.));
#10191=DIRECTION('',(1.,0.,0.));
#10192=DIRECTION('',(0.,0.,1.));
#10193=DIRECTION('',(0.,-1.,0.));
#10194=DIRECTION('',(-1.,0.,0.));
#10195=DIRECTION('',(0.,-1.,0.));
#10196=DIRECTION('',(-1.,0.,0.));
#10197=DIRECTION('',(0.,0.,-1.));
#10198=DIRECTION('',(-1.,0.,0.));
#10199=DIRECTION('',(0.,0.,-1.));
#10200=DIRECTION('',(1.,0.,0.));
#10201=DIRECTION('',(1.,0.,0.));
#10202=DIRECTION('',(0.,1.,0.));
#10203=DIRECTION('',(0.,0.,-1.));
#10204=DIRECTION('',(-1.,0.,0.));
#10205=DIRECTION('',(0.,0.,-1.));
#10206=DIRECTION('',(1.,0.,0.));
#10207=DIRECTION('',(0.,1.,0.));
#10208=DIRECTION('',(0.,0.,1.));
#10209=DIRECTION('',(0.,-1.,0.));
#10210=DIRECTION('',(1.,0.,0.));
#10211=DIRECTION('',(0.,1.,0.));
#10212=DIRECTION('',(-1.,0.,0.));
#10213=DIRECTION('',(0.,0.,-1.));
#10214=DIRECTION('',(1.,0.,0.));
#10215=DIRECTION('',(1.,0.,0.));
#10216=DIRECTION('',(0.,-1.,0.));
#10217=DIRECTION('',(-1.,0.,0.));
#10218=DIRECTION('',(0.,1.,0.));
#10219=DIRECTION('',(-1.,0.,0.));
#10220=DIRECTION('',(0.,-1.,0.));
#10221=DIRECTION('',(0.,0.707106781186548,0.707106781186548));
#10222=DIRECTION('',(0.,-0.707106781186548,-0.707106781186548));
#10223=DIRECTION('',(0.,0.707106781186547,-0.707106781186547));
#10224=DIRECTION('',(0.,0.707106781186548,0.707106781186548));
#10225=DIRECTION('',(1.,0.,0.));
#10226=DIRECTION('',(0.,0.,1.));
#10227=DIRECTION('',(-1.,0.,0.));
#10228=DIRECTION('',(0.,0.,-1.));
#10229=CARTESIAN_POINT('',(0.,0.,0.));
#10230=CARTESIAN_POINT('',(25.6,-5.,7.8));
#10231=CARTESIAN_POINT('',(25.6,-5.,7.95));
#10232=CARTESIAN_POINT('',(25.6,-5.,7.9));
#10233=CARTESIAN_POINT('',(25.6,-4.95,7.95));
#10234=CARTESIAN_POINT('',(25.6,-4.95,8.));
#10235=CARTESIAN_POINT('',(25.6,-5.85,8.));
#10236=CARTESIAN_POINT('',(25.6,-6.65,8.));
#10237=CARTESIAN_POINT('',(25.6,-6.65,7.95));
#10238=CARTESIAN_POINT('',(25.6,-6.6,7.95));
#10239=CARTESIAN_POINT('',(25.6,-6.6,7.8));
#10240=CARTESIAN_POINT('',(25.6,-6.6,7.9));
#10241=CARTESIAN_POINT('',(25.6,-4.4,7.9));
#10242=CARTESIAN_POINT('',(25.6,-5.85,8.));
#10243=CARTESIAN_POINT('',(25.6,-7.2,8.));
#10244=CARTESIAN_POINT('',(25.6,-7.2,8.));
#10245=CARTESIAN_POINT('',(25.6,-7.2,7.9));
#10246=CARTESIAN_POINT('',(25.6,-5.85,8.));
#10247=CARTESIAN_POINT('',(25.6,-7.4,8.));
#10248=CARTESIAN_POINT('',(25.6,-6.625,7.225));
#10249=CARTESIAN_POINT('',(25.6,-7.3,7.9));
#10250=CARTESIAN_POINT('',(25.6,-4.4,7.9));
#10251=CARTESIAN_POINT('',(25.6,-5.85,8.));
#10252=CARTESIAN_POINT('',(26.1,-5.85,7.9));
#10253=CARTESIAN_POINT('',(26.1,-6.6,7.9));
#10254=CARTESIAN_POINT('',(26.1,-5.,7.9));
#10255=CARTESIAN_POINT('',(25.85,-5.,7.9));
#10256=CARTESIAN_POINT('',(25.85,-6.6,7.9));
#10257=CARTESIAN_POINT('',(25.85,-4.4,7.9));
#10258=CARTESIAN_POINT('',(25.6,-5.85,8.));
#10259=CARTESIAN_POINT('',(25.6,-4.4,8.));
#10260=CARTESIAN_POINT('',(25.6,-4.3,8.));
#10261=CARTESIAN_POINT('',(25.6,-4.4,8.));
#10262=CARTESIAN_POINT('',(25.6,-4.4,7.9));
#10263=CARTESIAN_POINT('',(25.6,-5.075,7.225));
#10264=CARTESIAN_POINT('',(25.6,-5.85,8.));
#10265=CARTESIAN_POINT('',(17.6,-5.25,7.8));
#10266=CARTESIAN_POINT('',(17.6,-5.25,7.65));
#10267=CARTESIAN_POINT('',(17.6,-5.25,7.9));
#10268=CARTESIAN_POINT('',(17.6,-5.2,7.65));
#10269=CARTESIAN_POINT('',(17.6,-5.2,7.6));
#10270=CARTESIAN_POINT('',(17.6,-5.,7.6));
#10271=CARTESIAN_POINT('',(17.6,-5.05,7.6));
#10272=CARTESIAN_POINT('',(17.6,-5.05,7.65));
#10273=CARTESIAN_POINT('',(17.6,-5.,7.65));
#10274=CARTESIAN_POINT('',(17.6,-5.,7.8));
#10275=CARTESIAN_POINT('',(17.6,-5.,7.9));
#10276=CARTESIAN_POINT('',(17.6,-5.8,7.9));
#10277=CARTESIAN_POINT('',(17.6,-5.8,8.));
#10278=CARTESIAN_POINT('',(17.6,-6.6,7.8));
#10279=CARTESIAN_POINT('',(17.6,-6.6,7.65));
#10280=CARTESIAN_POINT('',(17.6,-6.6,7.9));
#10281=CARTESIAN_POINT('',(17.6,-6.55,7.65));
#10282=CARTESIAN_POINT('',(17.6,-6.55,7.6));
#10283=CARTESIAN_POINT('',(17.6,-6.35,7.6));
#10284=CARTESIAN_POINT('',(17.6,-6.4,7.6));
#10285=CARTESIAN_POINT('',(17.6,-6.4,7.65));
#10286=CARTESIAN_POINT('',(17.6,-6.35,7.65));
#10287=CARTESIAN_POINT('',(17.6,-6.35,7.8));
#10288=CARTESIAN_POINT('',(17.6,-6.35,7.9));
#10289=CARTESIAN_POINT('',(17.6,-5.8,7.9));
#10290=CARTESIAN_POINT('',(17.6,-5.8,8.));
#10291=CARTESIAN_POINT('',(18.1,-5.8,8.));
#10292=CARTESIAN_POINT('',(18.1,-7.2,8.));
#10293=CARTESIAN_POINT('',(18.1,-7.3,8.));
#10294=CARTESIAN_POINT('',(18.1,-7.2,8.));
#10295=CARTESIAN_POINT('',(18.1,-7.2,7.9));
#10296=CARTESIAN_POINT('',(18.1,-6.55,7.25));
#10297=CARTESIAN_POINT('',(18.1,-5.8,8.));
#10298=CARTESIAN_POINT('',(18.1,-4.4,8.));
#10299=CARTESIAN_POINT('',(18.1,-4.4,8.));
#10300=CARTESIAN_POINT('',(18.1,-4.4,7.9));
#10301=CARTESIAN_POINT('',(18.1,-5.8,8.));
#10302=CARTESIAN_POINT('',(18.1,-4.3,8.));
#10303=CARTESIAN_POINT('',(18.1,-5.05,7.25));
#10304=CARTESIAN_POINT('',(18.1,-5.8,8.));
#10305=CARTESIAN_POINT('',(16.1,-4.4,6.55));
#10306=CARTESIAN_POINT('',(16.1,-5.55,6.55));
#10307=CARTESIAN_POINT('',(16.1,-6.05,6.55));
#10308=CARTESIAN_POINT('',(16.1,-5.55,7.4));
#10309=CARTESIAN_POINT('',(16.1,-5.55,6.4));
#10310=CARTESIAN_POINT('',(16.1,-5.8,6.4));
#10311=CARTESIAN_POINT('',(16.1,-6.05,6.4));
#10312=CARTESIAN_POINT('',(16.1,-6.05,7.4));
#10313=CARTESIAN_POINT('',(16.1,-5.8,7.4));
#10314=CARTESIAN_POINT('',(22.63,-4.9,7.7));
#10315=CARTESIAN_POINT('',(22.53,-4.9,7.7));
#10316=CARTESIAN_POINT('',(22.45,-4.9,7.7));
#10317=CARTESIAN_POINT('',(22.955,-4.9,7.275));
#10318=CARTESIAN_POINT('',(22.55,-4.9,7.68));
#10319=CARTESIAN_POINT('',(22.55,-4.9,11.8));
#10320=CARTESIAN_POINT('',(22.55,-4.9,11.8));
#10321=CARTESIAN_POINT('',(21.9,-4.9,11.8));
#10322=CARTESIAN_POINT('',(22.45,-4.9,11.8));
#10323=CARTESIAN_POINT('',(22.45,-4.9,9.1));
#10324=CARTESIAN_POINT('',(21.9,-4.9,11.8));
#10325=CARTESIAN_POINT('',(22.955,-6.7,7.275));
#10326=CARTESIAN_POINT('',(22.53,-6.7,7.7));
#10327=CARTESIAN_POINT('',(22.55,-6.7,7.68));
#10328=CARTESIAN_POINT('',(22.63,-6.7,7.7));
#10329=CARTESIAN_POINT('',(22.45,-6.7,7.7));
#10330=CARTESIAN_POINT('',(22.45,-6.7,9.1));
#10331=CARTESIAN_POINT('',(22.45,-6.7,11.8));
#10332=CARTESIAN_POINT('',(21.9,-6.7,11.8));
#10333=CARTESIAN_POINT('',(22.55,-6.7,11.8));
#10334=CARTESIAN_POINT('',(22.55,-6.7,11.8));
#10335=CARTESIAN_POINT('',(21.9,-6.7,11.8));
#10336=CARTESIAN_POINT('',(22.45,-5.2,5.8));
#10337=CARTESIAN_POINT('',(22.45,-5.2,11.8));
#10338=CARTESIAN_POINT('',(22.45,-5.2,6.4));
#10339=CARTESIAN_POINT('',(22.45,-4.9,6.4));
#10340=CARTESIAN_POINT('',(22.45,-5.15,6.4));
#10341=CARTESIAN_POINT('',(22.45,-5.15,9.1));
#10342=CARTESIAN_POINT('',(22.45,-5.15,7.7));
#10343=CARTESIAN_POINT('',(22.45,-5.40000000000003,7.7));
#10344=CARTESIAN_POINT('',(22.45,-5.8,11.8));
#10345=CARTESIAN_POINT('',(22.45,-4.9,9.1));
#10346=CARTESIAN_POINT('',(24.45,-4.9,6.4));
#10347=CARTESIAN_POINT('',(24.45,-5.2,6.4));
#10348=CARTESIAN_POINT('',(24.45,-6.4,6.4));
#10349=CARTESIAN_POINT('',(24.45,-5.2,6.4));
#10350=CARTESIAN_POINT('',(24.45,-5.2,6.));
#10351=CARTESIAN_POINT('',(24.45,-6.4,6.));
#10352=CARTESIAN_POINT('',(24.45,-6.4,6.));
#10353=CARTESIAN_POINT('',(24.45,-6.4,6.4));
#10354=CARTESIAN_POINT('',(24.45,-5.8,11.8));
#10355=CARTESIAN_POINT('',(22.45,-5.8,11.8));
#10356=CARTESIAN_POINT('',(22.45,-6.4,11.8));
#10357=CARTESIAN_POINT('',(22.45,-6.4,11.8));
#10358=CARTESIAN_POINT('',(22.55,-6.4,11.8));
#10359=CARTESIAN_POINT('',(22.55,-5.8,11.8));
#10360=CARTESIAN_POINT('',(21.9,-5.8,11.8));
#10361=CARTESIAN_POINT('',(20.45,-4.9,6.4));
#10362=CARTESIAN_POINT('',(20.45,-5.2,6.4));
#10363=CARTESIAN_POINT('',(20.45,-6.4,6.4));
#10364=CARTESIAN_POINT('',(20.45,-5.2,5.8));
#10365=CARTESIAN_POINT('',(20.45,-5.2,6.));
#10366=CARTESIAN_POINT('',(20.45,-6.4,6.));
#10367=CARTESIAN_POINT('',(20.45,-6.4,6.));
#10368=CARTESIAN_POINT('',(20.45,-6.4,5.8));
#10369=CARTESIAN_POINT('',(20.45,-5.8,11.8));
#10370=CARTESIAN_POINT('',(24.4,-5.8,6.4));
#10371=CARTESIAN_POINT('',(24.4,-5.5,6.4));
#10372=CARTESIAN_POINT('',(24.4,-6.1,6.4));
#10373=CARTESIAN_POINT('',(24.15,-5.5,6.4));
#10374=CARTESIAN_POINT('',(24.15,-5.5,6.4));
#10375=CARTESIAN_POINT('',(24.15,-5.8,6.4));
#10376=CARTESIAN_POINT('',(24.15,-6.1,6.4));
#10377=CARTESIAN_POINT('',(24.15,-6.1,6.4));
#10378=CARTESIAN_POINT('',(22.63,-6.45,6.4));
#10379=CARTESIAN_POINT('',(22.55,-6.45,6.4));
#10380=CARTESIAN_POINT('',(22.45,-6.45,6.4));
#10381=CARTESIAN_POINT('',(22.55,-5.8,6.4));
#10382=CARTESIAN_POINT('',(22.55,-6.4,6.4));
#10383=CARTESIAN_POINT('',(22.85,-6.4,6.4));
#10384=CARTESIAN_POINT('',(23.35,-6.4,6.4));
#10385=CARTESIAN_POINT('',(23.35,-5.8,6.4));
#10386=CARTESIAN_POINT('',(23.35,-5.2,6.4));
#10387=CARTESIAN_POINT('',(22.85,-5.2,6.4));
#10388=CARTESIAN_POINT('',(22.55,-5.2,6.4));
#10389=CARTESIAN_POINT('',(22.55,-5.8,6.4));
#10390=CARTESIAN_POINT('',(22.55,-5.15,6.4));
#10391=CARTESIAN_POINT('',(22.63,-5.15,6.4));
#10392=CARTESIAN_POINT('',(22.45,-5.2,6.4));
#10393=CARTESIAN_POINT('',(22.35,-5.2,6.4));
#10394=CARTESIAN_POINT('',(22.35,-5.8,6.4));
#10395=CARTESIAN_POINT('',(22.35,-6.4,6.4));
#10396=CARTESIAN_POINT('',(22.45,-6.4,6.4));
#10397=CARTESIAN_POINT('',(22.45,-6.4,6.4));
#10398=CARTESIAN_POINT('',(22.45,-4.9,6.4));
#10399=CARTESIAN_POINT('',(21.3,-5.8,6.4));
#10400=CARTESIAN_POINT('',(21.3,-6.1,6.4));
#10401=CARTESIAN_POINT('',(21.3,-5.5,6.4));
#10402=CARTESIAN_POINT('',(21.55,-6.1,6.4));
#10403=CARTESIAN_POINT('',(21.55,-6.1,6.4));
#10404=CARTESIAN_POINT('',(21.55,-5.8,6.4));
#10405=CARTESIAN_POINT('',(21.55,-5.5,6.4));
#10406=CARTESIAN_POINT('',(21.55,-5.5,6.4));
#10407=CARTESIAN_POINT('',(19.35,-5.8,6.4));
#10408=CARTESIAN_POINT('',(19.35,-6.4,6.4));
#10409=CARTESIAN_POINT('',(19.35,-5.2,6.4));
#10410=CARTESIAN_POINT('',(18.85,-5.2,6.4));
#10411=CARTESIAN_POINT('',(18.55,-5.2,6.4));
#10412=CARTESIAN_POINT('',(18.55,-5.8,6.4));
#10413=CARTESIAN_POINT('',(18.55,-6.4,6.4));
#10414=CARTESIAN_POINT('',(18.85,-6.4,6.4));
#10415=CARTESIAN_POINT('',(26.7,-7.05,6.40000000000001));
#10416=CARTESIAN_POINT('',(26.7,-7.05,6.40000000000001));
#10417=CARTESIAN_POINT('',(27.6,-7.05,6.40000000000001));
#10418=CARTESIAN_POINT('',(27.6,-5.8,6.4));
#10419=CARTESIAN_POINT('',(27.6,-8.,6.4));
#10420=CARTESIAN_POINT('',(26.1,-8.,6.4));
#10421=CARTESIAN_POINT('',(24.6,-8.,6.4));
#10422=CARTESIAN_POINT('',(24.6,-8.5,6.4));
#10423=CARTESIAN_POINT('',(24.6,-9.,6.4));
#10424=CARTESIAN_POINT('',(20.7,-9.,6.4));
#10425=CARTESIAN_POINT('',(18.8,-9.,6.4));
#10426=CARTESIAN_POINT('',(18.8,-8.5,6.4));
#10427=CARTESIAN_POINT('',(18.8,-8.,6.4));
#10428=CARTESIAN_POINT('',(16.3,-8.,6.4));
#10429=CARTESIAN_POINT('',(13.8,-8.,6.4));
#10430=CARTESIAN_POINT('',(13.8,-5.8,6.4));
#10431=CARTESIAN_POINT('',(13.8,-7.1,6.4));
#10432=CARTESIAN_POINT('',(14.25,-7.1,6.4));
#10433=CARTESIAN_POINT('',(14.7,-7.1,6.4));
#10434=CARTESIAN_POINT('',(14.7,-7.1,6.4));
#10435=CARTESIAN_POINT('',(14.7,-4.5,6.4));
#10436=CARTESIAN_POINT('',(14.25,-4.5,6.4));
#10437=CARTESIAN_POINT('',(13.8,-4.5,6.4));
#10438=CARTESIAN_POINT('',(13.8,-5.8,6.4));
#10439=CARTESIAN_POINT('',(13.8,-3.6,6.4));
#10440=CARTESIAN_POINT('',(16.3,-3.6,6.4));
#10441=CARTESIAN_POINT('',(18.8,-3.6,6.4));
#10442=CARTESIAN_POINT('',(18.8,-3.1,6.4));
#10443=CARTESIAN_POINT('',(18.8,-2.6,6.4));
#10444=CARTESIAN_POINT('',(20.7,-2.6,6.4));
#10445=CARTESIAN_POINT('',(24.6,-2.6,6.4));
#10446=CARTESIAN_POINT('',(24.6,-3.1,6.39999999999999));
#10447=CARTESIAN_POINT('',(24.6,-3.6,6.39999999999999));
#10448=CARTESIAN_POINT('',(26.1,-3.6,6.39999999999999));
#10449=CARTESIAN_POINT('',(27.6,-3.6,6.39999999999999));
#10450=CARTESIAN_POINT('',(27.6,-5.8,6.4));
#10451=CARTESIAN_POINT('',(27.6,-4.55,6.4));
#10452=CARTESIAN_POINT('',(26.7,-4.55,6.40000000000001));
#10453=CARTESIAN_POINT('',(26.7,-4.55,6.40000000000001));
#10454=CARTESIAN_POINT('',(26.7,-5.8,6.40000000000001));
#10455=CARTESIAN_POINT('',(22.6107380222783,-4.34423488539219,6.4));
#10456=CARTESIAN_POINT('',(22.6107380222783,-4.34423488539219,6.4));
#10457=CARTESIAN_POINT('',(22.2,-3.35,6.4));
#10458=CARTESIAN_POINT('',(23.0009709566961,-3.35,6.4));
#10459=CARTESIAN_POINT('',(23.0009709566961,-3.35,6.4));
#10460=CARTESIAN_POINT('',(22.9424629182549,-3.35,6.4));
#10461=CARTESIAN_POINT('',(22.9424629182549,-3.35,6.4));
#10462=CARTESIAN_POINT('',(22.9424629182549,-3.34999999999995,6.4));
#10463=CARTESIAN_POINT('',(22.7715482808183,-3.78545605707817,6.4));
#10464=CARTESIAN_POINT('',(22.4388231837859,-3.78545605707817,6.4));
#10465=CARTESIAN_POINT('',(22.4388231837859,-3.78545605707817,6.4));
#10466=CARTESIAN_POINT('',(22.4388231837859,-3.78545605707817,6.4));
#10467=CARTESIAN_POINT('',(22.258927706066,-3.35,6.4));
#10468=CARTESIAN_POINT('',(22.2,-3.35,6.4));
#10469=CARTESIAN_POINT('',(21.2,-3.35,6.4));
#10470=CARTESIAN_POINT('',(21.2,-3.35,6.4));
#10471=CARTESIAN_POINT('',(21.2,-4.35,6.4));
#10472=CARTESIAN_POINT('',(21.2,-4.35,6.4));
#10473=CARTESIAN_POINT('',(21.7935094822586,-4.35,6.4));
#10474=CARTESIAN_POINT('',(21.7935094822586,-4.35,6.4));
#10475=CARTESIAN_POINT('',(22.0134438437916,-4.24427857477216,6.4));
#10476=CARTESIAN_POINT('',(22.0134438437916,-4.24427857477216,6.4));
#10477=CARTESIAN_POINT('',(22.0134438437916,-3.94437513348599,6.4));
#10478=CARTESIAN_POINT('',(22.0134438437916,-3.94437513348599,6.4));
#10479=CARTESIAN_POINT('',(21.7904155791199,-3.84191105631764,6.4));
#10480=CARTESIAN_POINT('',(21.7904155791199,-3.84191105631764,6.4));
#10481=CARTESIAN_POINT('',(21.254950622038,-3.84191105631764,6.4));
#10482=CARTESIAN_POINT('',(21.254950622038,-3.35,6.4));
#10483=CARTESIAN_POINT('',(21.254950622038,-3.35,6.4));
#10484=CARTESIAN_POINT('',(21.2,-3.35,6.4));
#10485=CARTESIAN_POINT('',(20.5893595871211,-3.86069349740435,6.4));
#10486=CARTESIAN_POINT('',(20.5893595871211,-3.86069349740435,6.4));
#10487=CARTESIAN_POINT('',(20.070741672275,-3.35517413284178,6.4));
#10488=CARTESIAN_POINT('',(19.9991090411934,-3.35517413284178,6.4));
#10489=CARTESIAN_POINT('',(19.9991090411934,-3.35517413284178,6.4));
#10490=CARTESIAN_POINT('',(20.5160193779963,-3.85902904705925,6.4));
#10491=CARTESIAN_POINT('',(20.5160193779963,-3.85902904705925,6.4));
#10492=CARTESIAN_POINT('',(19.9576052915231,-4.35598183916418,6.4));
#10493=CARTESIAN_POINT('',(19.9576052915231,-4.35598183916418,6.4));
#10494=CARTESIAN_POINT('',(19.9576052915231,-4.35598183916418,6.4));
#10495=CARTESIAN_POINT('',(20.0328158040927,-4.35598183916418,6.4));
#10496=CARTESIAN_POINT('',(20.0328158040927,-4.35598183916418,6.4));
#10497=CARTESIAN_POINT('',(15.85,-5.55,6.4));
#10498=CARTESIAN_POINT('',(15.6,-5.55,6.4));
#10499=CARTESIAN_POINT('',(15.6,-5.8,6.4));
#10500=CARTESIAN_POINT('',(15.6,-6.05,6.4));
#10501=CARTESIAN_POINT('',(15.85,-6.05,6.4));
#10502=CARTESIAN_POINT('',(25.85,-5.55,6.4));
#10503=CARTESIAN_POINT('',(26.1,-5.55,6.4));
#10504=CARTESIAN_POINT('',(25.6,-5.55,6.4));
#10505=CARTESIAN_POINT('',(25.6,-5.8,6.4));
#10506=CARTESIAN_POINT('',(25.6,-6.05,6.4));
#10507=CARTESIAN_POINT('',(25.85,-6.05,6.4));
#10508=CARTESIAN_POINT('',(26.1,-6.05,6.4));
#10509=CARTESIAN_POINT('',(26.1,-5.8,6.4));
#10510=CARTESIAN_POINT('',(17.85,-5.55,6.4));
#10511=CARTESIAN_POINT('',(18.1,-5.55,6.4));
#10512=CARTESIAN_POINT('',(17.6,-5.55,6.4));
#10513=CARTESIAN_POINT('',(17.6,-5.8,6.4));
#10514=CARTESIAN_POINT('',(17.6,-6.05,6.4));
#10515=CARTESIAN_POINT('',(17.85,-6.05,6.4));
#10516=CARTESIAN_POINT('',(18.1,-6.05,6.4));
#10517=CARTESIAN_POINT('',(18.1,-5.8,6.4));
#10518=CARTESIAN_POINT('',(23.9940718834906,-4.35598183916418,6.4));
#10519=CARTESIAN_POINT('',(23.9940718834906,-4.35598183916418,6.4));
#10520=CARTESIAN_POINT('',(23.4375281004621,-3.86069349740435,6.4));
#10521=CARTESIAN_POINT('',(24.0692823960602,-4.35598183916418,6.4));
#10522=CARTESIAN_POINT('',(24.0692823960602,-4.35598183916418,6.4));
#10523=CARTESIAN_POINT('',(24.0692823960602,-4.35598183916418,6.4));
#10524=CARTESIAN_POINT('',(23.510868309587,-3.85902904705925,6.4));
#10525=CARTESIAN_POINT('',(23.510868309587,-3.85902904705925,6.4));
#10526=CARTESIAN_POINT('',(24.0277786463898,-3.35517413284178,6.4));
#10527=CARTESIAN_POINT('',(24.0277786463898,-3.35517413284178,6.4));
#10528=CARTESIAN_POINT('',(23.9561460153082,-3.35517413284178,6.4));
#10529=CARTESIAN_POINT('',(23.4375281004621,-3.86069349740435,6.4));
#10530=CARTESIAN_POINT('',(21.25,-5.8,6.4));
#10531=CARTESIAN_POINT('',(21.25,-5.2,6.4));
#10532=CARTESIAN_POINT('',(21.25,-6.4,6.4));
#10533=CARTESIAN_POINT('',(20.85,-5.2,6.4));
#10534=CARTESIAN_POINT('',(20.85,-6.4,6.4));
#10535=CARTESIAN_POINT('',(24.85,-6.4,6.4));
#10536=CARTESIAN_POINT('',(25.25,-6.4,6.4));
#10537=CARTESIAN_POINT('',(25.25,-5.8,6.4));
#10538=CARTESIAN_POINT('',(25.25,-5.2,6.4));
#10539=CARTESIAN_POINT('',(24.85,-5.2,6.4));
#10540=CARTESIAN_POINT('',(20.4,-5.8,6.4));
#10541=CARTESIAN_POINT('',(20.4,-5.5,6.4));
#10542=CARTESIAN_POINT('',(20.4,-6.1,6.4));
#10543=CARTESIAN_POINT('',(20.15,-5.5,6.4));
#10544=CARTESIAN_POINT('',(20.15,-5.5,6.4));
#10545=CARTESIAN_POINT('',(20.15,-5.8,6.4));
#10546=CARTESIAN_POINT('',(20.15,-6.1,6.4));
#10547=CARTESIAN_POINT('',(20.15,-6.1,6.4));
#10548=CARTESIAN_POINT('',(20.7,-5.8,6.4));
#10549=CARTESIAN_POINT('',(23.4226539647946,-8.9,8.99109927939376));
#10550=CARTESIAN_POINT('',(23.4226539647946,-8.9,8.99109927939376));
#10551=CARTESIAN_POINT('',(23.6516019161852,-8.9,9.09999999999994));
#10552=CARTESIAN_POINT('',(23.6516019161852,-8.9,9.09999999999994));
#10553=CARTESIAN_POINT('',(23.9877816533038,-8.9,9.09999999999994));
#10554=CARTESIAN_POINT('',(23.9877816533038,-8.9,9.09999999999994));
#10555=CARTESIAN_POINT('',(24.2176676177925,-8.9,8.9968077670113));
#10556=CARTESIAN_POINT('',(24.2176676177925,-8.9,8.9968077670113));
#10557=CARTESIAN_POINT('',(24.2176676177925,-8.9,8.70251817722258));
#10558=CARTESIAN_POINT('',(24.2176676177925,-8.9,8.70251817722258));
#10559=CARTESIAN_POINT('',(24.0324911524066,-8.9,8.60388135961453));
#10560=CARTESIAN_POINT('',(24.0324911524066,-8.9,8.60388135961453));
#10561=CARTESIAN_POINT('',(24.2176676177925,-8.9,8.50801271826723));
#10562=CARTESIAN_POINT('',(24.2176676177925,-8.9,8.50801271826723));
#10563=CARTESIAN_POINT('',(24.2176676177925,-8.9,8.21154563785243));
#10564=CARTESIAN_POINT('',(24.2176676177925,-8.9,8.21154563785243));
#10565=CARTESIAN_POINT('',(23.9886767996672,-8.9,8.09999999999995));
#10566=CARTESIAN_POINT('',(23.9886767996672,-8.9,8.09999999999995));
#10567=CARTESIAN_POINT('',(23.65,-8.9,8.1));
#10568=CARTESIAN_POINT('',(23.65,-8.9,8.1));
#10569=CARTESIAN_POINT('',(23.4223082866259,-8.9,8.2081868521149));
#10570=CARTESIAN_POINT('',(23.4456511199668,-8.9,8.25731453828477));
#10571=CARTESIAN_POINT('',(23.4456511199668,-8.9,8.25731453828477));
#10572=CARTESIAN_POINT('',(23.6622648752209,-8.9,8.1543913358614));
#10573=CARTESIAN_POINT('',(23.6622648752209,-8.9,8.1543913358614));
#10574=CARTESIAN_POINT('',(23.9761337858953,-8.9,8.1543913358614));
#10575=CARTESIAN_POINT('',(23.9761337858953,-8.9,8.1543913358614));
#10576=CARTESIAN_POINT('',(24.1632762819312,-8.9,8.2455518865792));
#10577=CARTESIAN_POINT('',(24.1632762819312,-8.9,8.2455518865792));
#10578=CARTESIAN_POINT('',(24.1632762819312,-8.9,8.47492359483702));
#10579=CARTESIAN_POINT('',(24.1632762819312,-8.9,8.47492359483702));
#10580=CARTESIAN_POINT('',(23.9672924081298,-8.9,8.57638739407381));
#10581=CARTESIAN_POINT('',(23.9672924081298,-8.9,8.57638739407381));
#10582=CARTESIAN_POINT('',(23.9672924081298,-8.9,8.57638739407381));
#10583=CARTESIAN_POINT('',(23.7889912898594,-8.9,8.57638739407381));
#10584=CARTESIAN_POINT('',(23.7889912898594,-8.9,8.63077872993527));
#10585=CARTESIAN_POINT('',(23.7889912898594,-8.9,8.63077872993527));
#10586=CARTESIAN_POINT('',(23.9672924081298,-8.9,8.63077872993527));
#10587=CARTESIAN_POINT('',(23.9672924081298,-8.9,8.63077872993527));
#10588=CARTESIAN_POINT('',(24.1632762819312,-8.9,8.7351722638218));
#10589=CARTESIAN_POINT('',(24.1632762819312,-8.9,8.7351722638218));
#10590=CARTESIAN_POINT('',(24.1632762819312,-8.9,8.96160330915328));
#10591=CARTESIAN_POINT('',(24.1632762819312,-8.9,8.96160330915328));
#10592=CARTESIAN_POINT('',(23.9761337858953,-8.9,9.04560866413849));
#10593=CARTESIAN_POINT('',(23.9761337858953,-8.9,9.04560866413849));
#10594=CARTESIAN_POINT('',(23.6638787013896,-8.9,9.04560866413849));
#10595=CARTESIAN_POINT('',(23.6638787013896,-8.9,9.04560866413849));
#10596=CARTESIAN_POINT('',(23.4460172689326,-8.9,8.94198132507413));
#10597=CARTESIAN_POINT('',(23.4460172689326,-8.9,8.94198132507413));
#10598=CARTESIAN_POINT('',(23.4460172689326,-8.9,8.94198132507413));
#10599=CARTESIAN_POINT('',(20.1945652173911,-8.9,11.2695652173913));
#10600=CARTESIAN_POINT('',(20.1945652173911,-8.9,11.2695652173913));
#10601=CARTESIAN_POINT('',(20.6716371282311,-8.9,11.2695652173913));
#10602=CARTESIAN_POINT('',(20.1945652173911,-8.9,11.2695652173913));
#10603=CARTESIAN_POINT('',(20.1918041947573,-8.9,11.2988906220564));
#10604=CARTESIAN_POINT('',(20.1914579849574,-8.9,11.3278685450356));
#10605=CARTESIAN_POINT('',(20.1993695102141,-8.9,11.4008242937921));
#10606=CARTESIAN_POINT('',(20.2198789933207,-8.9,11.5029464544144));
#10607=CARTESIAN_POINT('',(20.2600260667774,-8.9,11.5754967317585));
#10608=CARTESIAN_POINT('',(20.3053690464746,-8.9,11.6638691596199));
#10609=CARTESIAN_POINT('',(20.3613095200037,-8.9,11.7492614308426));
#10610=CARTESIAN_POINT('',(20.4730885164249,-8.9,11.8513897354512));
#10611=CARTESIAN_POINT('',(20.6225432067944,-8.9,11.9242414133924));
#10612=CARTESIAN_POINT('',(20.794340234427,-8.9,11.9563554955512));
#10613=CARTESIAN_POINT('',(20.9849804412585,-8.9,11.9723487552404));
#10614=CARTESIAN_POINT('',(21.1620838039527,-8.9,11.9452255256297));
#10615=CARTESIAN_POINT('',(21.3141618005768,-8.9,11.8723977596476));
#10616=CARTESIAN_POINT('',(21.4327817470558,-8.9,11.7882639514058));
#10617=CARTESIAN_POINT('',(21.5440145729478,-8.9,11.6642391572576));
#10618=CARTESIAN_POINT('',(21.5900605031578,-8.9,11.5595441983829));
#10619=CARTESIAN_POINT('',(21.6112318840579,-8.9,11.4719692899485));
#10620=CARTESIAN_POINT('',(21.6148550724636,-8.9,11.4569820581578));
#10621=CARTESIAN_POINT('',(21.6184782608695,-8.9,11.4419948263671));
#10622=CARTESIAN_POINT('',(21.6184782608695,-8.9,11.4419948263671));
#10623=CARTESIAN_POINT('',(21.6184782608695,-8.9,11.9));
#10624=CARTESIAN_POINT('',(21.6184782608695,-8.9,11.9));
#10625=CARTESIAN_POINT('',(21.6184782608695,-8.9,11.9));
#10626=CARTESIAN_POINT('',(22.3358695652173,-8.9,11.9));
#10627=CARTESIAN_POINT('',(22.3358695652173,-8.9,11.9));
#10628=CARTESIAN_POINT('',(22.5858695652174,-8.9,10.7369565217391));
#10629=CARTESIAN_POINT('',(22.5858695652174,-8.9,10.7369565217391));
#10630=CARTESIAN_POINT('',(22.8467391304348,-8.9,11.9));
#10631=CARTESIAN_POINT('',(23.575,-8.9,11.9));
#10632=CARTESIAN_POINT('',(23.575,-8.9,11.9));
#10633=CARTESIAN_POINT('',(23.575,-8.9,9.9));
#10634=CARTESIAN_POINT('',(23.575,-8.9,9.9));
#10635=CARTESIAN_POINT('',(23.575,-8.9,9.9));
#10636=CARTESIAN_POINT('',(23.0749999999999,-8.9,9.9));
#10637=CARTESIAN_POINT('',(23.0749999999999,-8.9,9.9));
#10638=CARTESIAN_POINT('',(23.0749999999999,-8.9,11.2));
#10639=CARTESIAN_POINT('',(22.7923913043478,-8.9,9.9));
#10640=CARTESIAN_POINT('',(22.7923913043478,-8.9,9.9));
#10641=CARTESIAN_POINT('',(22.3684782608695,-8.9,9.9));
#10642=CARTESIAN_POINT('',(22.3684782608695,-8.9,9.9));
#10643=CARTESIAN_POINT('',(22.0967391304348,-8.9,11.2247282608696));
#10644=CARTESIAN_POINT('',(22.0967391304348,-8.9,11.2247282608696));
#10645=CARTESIAN_POINT('',(22.0967391304348,-8.9,9.9));
#10646=CARTESIAN_POINT('',(22.0967391304348,-8.9,9.9));
#10647=CARTESIAN_POINT('',(21.6184782608695,-8.9,9.9));
#10648=CARTESIAN_POINT('',(21.6184782608695,-8.9,9.9));
#10649=CARTESIAN_POINT('',(21.6184782608695,-8.9,9.9));
#10650=CARTESIAN_POINT('',(21.6184782608695,-8.9,10.34164368313));
#10651=CARTESIAN_POINT('',(20.1293478260869,-8.9,10.704347826087));
#10652=CARTESIAN_POINT('',(20.1268064325795,-8.9,10.6607008853691));
#10653=CARTESIAN_POINT('',(20.126854917362,-8.9,10.5624419320731));
#10654=CARTESIAN_POINT('',(20.1471486063912,-8.9,10.407944011237));
#10655=CARTESIAN_POINT('',(20.1795803410141,-8.9,10.2986418281273));
#10656=CARTESIAN_POINT('',(20.2290176617573,-8.9,10.2014749995236));
#10657=CARTESIAN_POINT('',(20.2775555458212,-8.9,10.0992347144018));
#10658=CARTESIAN_POINT('',(20.3593084919284,-8.9,10.0312264824632));
#10659=CARTESIAN_POINT('',(20.4425808879659,-8.9,9.9646531655756));
#10660=CARTESIAN_POINT('',(20.5437205454325,-8.9,9.91593339666841));
#10661=CARTESIAN_POINT('',(20.6956596036689,-8.9,9.87383864384993));
#10662=CARTESIAN_POINT('',(20.853886580084,-8.9,9.86681559961817));
#10663=CARTESIAN_POINT('',(21.0146894478776,-8.9,9.86156738052838));
#10664=CARTESIAN_POINT('',(21.1864712392149,-8.9,9.8936217071684));
#10665=CARTESIAN_POINT('',(21.3471876043198,-8.9,9.96436406947356));
#10666=CARTESIAN_POINT('',(21.4908769347167,-8.9,10.1012742293102));
#10667=CARTESIAN_POINT('',(21.5633530197077,-8.9,10.2139951551964));
#10668=CARTESIAN_POINT('',(21.6039855072463,-8.9,10.3080841262607));
#10669=CARTESIAN_POINT('',(21.6112318840579,-8.9,10.3248639046954));
#10670=CARTESIAN_POINT('',(21.6184782608695,-8.9,10.34164368313));
#10671=CARTESIAN_POINT('',(20.1293478260869,-8.9,10.704347826087));
#10672=CARTESIAN_POINT('',(20.1293478260869,-8.9,10.704347826087));
#10673=CARTESIAN_POINT('',(20.6184782608695,-8.9,10.704347826087));
#10674=CARTESIAN_POINT('',(20.6184782608695,-8.9,10.704347826087));
#10675=CARTESIAN_POINT('',(20.6221014492753,-8.9,10.6717391304348));
#10676=CARTESIAN_POINT('',(20.6170131403863,-8.9,10.6404385825528));
#10677=CARTESIAN_POINT('',(20.6222622702678,-8.9,10.5750479701135));
#10678=CARTESIAN_POINT('',(20.6286983571279,-8.9,10.5355449169411));
#10679=CARTESIAN_POINT('',(20.6453455149269,-8.9,10.4676463030873));
#10680=CARTESIAN_POINT('',(20.6850629513276,-8.9,10.4037806638015));
#10681=CARTESIAN_POINT('',(20.7182860220114,-8.9,10.3714145281947));
#10682=CARTESIAN_POINT('',(20.7722657319701,-8.9,10.3436172914386));
#10683=CARTESIAN_POINT('',(20.8092334529134,-8.9,10.3404991845857));
#10684=CARTESIAN_POINT('',(20.8603520154605,-8.9,10.3295282463776));
#10685=CARTESIAN_POINT('',(20.8863514536102,-8.9,10.3306165335424));
#10686=CARTESIAN_POINT('',(20.9432093500236,-8.9,10.3398676032261));
#10687=CARTESIAN_POINT('',(20.9811024190501,-8.9,10.3476806494954));
#10688=CARTESIAN_POINT('',(21.0366777362013,-8.9,10.3861134477846));
#10689=CARTESIAN_POINT('',(21.0572451854034,-8.9,10.4163532377626));
#10690=CARTESIAN_POINT('',(21.0819500725024,-8.9,10.4859749160451));
#10691=CARTESIAN_POINT('',(21.0997315303418,-8.9,10.5341851280237));
#10692=CARTESIAN_POINT('',(21.0804311192794,-8.9,10.6316690292647));
#10693=CARTESIAN_POINT('',(21.0491279696185,-8.9,10.687744511695));
#10694=CARTESIAN_POINT('',(21.0250129972051,-8.9,10.7099544457218));
#10695=CARTESIAN_POINT('',(20.9667996102566,-8.9,10.7459364288117));
#10696=CARTESIAN_POINT('',(20.9113206422038,-8.9,10.7603084372275));
#10697=CARTESIAN_POINT('',(20.8371232554845,-8.9,10.7674599741878));
#10698=CARTESIAN_POINT('',(20.826202278289,-8.9,10.7685125957895));
#10699=CARTESIAN_POINT('',(20.8152813010934,-8.9,10.7695652173913));
#10700=CARTESIAN_POINT('',(20.8152813010934,-8.9,10.7695652173913));
#10701=CARTESIAN_POINT('',(20.7489130434781,-8.9,10.7695652173913));
#10702=CARTESIAN_POINT('',(20.7489130434781,-8.9,10.7695652173913));
#10703=CARTESIAN_POINT('',(20.7489130434781,-8.9,10.7695652173913));
#10704=CARTESIAN_POINT('',(20.7489130434781,-8.9,11.1608695652174));
#10705=CARTESIAN_POINT('',(20.7489130434781,-8.9,11.1608695652174));
#10706=CARTESIAN_POINT('',(20.9228260869564,-8.9,11.1608695652174));
#10707=CARTESIAN_POINT('',(20.6716371282311,-8.9,11.2695652173913));
#10708=CARTESIAN_POINT('',(20.6703764069424,-8.9,11.2843771731403));
#10709=CARTESIAN_POINT('',(20.6713611974985,-8.9,11.3342088507213));
#10710=CARTESIAN_POINT('',(20.7125654058521,-8.9,11.4173396832002));
#10711=CARTESIAN_POINT('',(20.7888614601421,-8.9,11.4891415027486));
#10712=CARTESIAN_POINT('',(20.8813972681362,-8.9,11.5116023503627));
#10713=CARTESIAN_POINT('',(20.9382662923305,-8.9,11.5147924544886));
#10714=CARTESIAN_POINT('',(21.0023880289828,-8.9,11.5008493494646));
#10715=CARTESIAN_POINT('',(21.0704588784485,-8.9,11.4770250749774));
#10716=CARTESIAN_POINT('',(21.1085496652291,-8.9,11.407702302836));
#10717=CARTESIAN_POINT('',(21.1312265492493,-8.9,11.3404581535269));
#10718=CARTESIAN_POINT('',(21.122107539682,-8.9,11.2551901694802));
#10719=CARTESIAN_POINT('',(21.0336965320282,-8.9,11.1720889092273));
#10720=CARTESIAN_POINT('',(20.9641853729308,-8.9,11.1585353039115));
#10721=CARTESIAN_POINT('',(20.9228260869564,-8.9,11.1608695652174));
#10722=CARTESIAN_POINT('',(21.85,-8.9,12.4));
#10723=CARTESIAN_POINT('',(25.35,-8.9,12.4));
#10724=CARTESIAN_POINT('',(18.35,-8.9,12.4));
#10725=CARTESIAN_POINT('',(18.35,-8.9,9.9));
#10726=CARTESIAN_POINT('',(18.35,-8.9,7.4));
#10727=CARTESIAN_POINT('',(21.85,-8.9,7.4));
#10728=CARTESIAN_POINT('',(25.35,-8.9,7.4));
#10729=CARTESIAN_POINT('',(25.35,-8.9,9.9));
#10730=CARTESIAN_POINT('',(19.8456177748091,-8.9,9.1));
#10731=CARTESIAN_POINT('',(19.8456177748091,-8.9,9.1));
#10732=CARTESIAN_POINT('',(19.7714069645095,-8.9,9.02737593399955));
#10733=CARTESIAN_POINT('',(19.8456177748091,-8.9,9.1));
#10734=CARTESIAN_POINT('',(19.8984216205992,-8.9,9.1));
#10735=CARTESIAN_POINT('',(19.8984216205992,-8.9,9.1));
#10736=CARTESIAN_POINT('',(19.8986537845423,-8.9,8.15446314070048));
#10737=CARTESIAN_POINT('',(19.9928444283841,-8.9,8.15446314070048));
#10738=CARTESIAN_POINT('',(19.9928444283841,-8.9,8.15446314070048));
#10739=CARTESIAN_POINT('',(19.9928444283841,-8.9,8.1));
#10740=CARTESIAN_POINT('',(19.9928444283841,-8.9,8.1));
#10741=CARTESIAN_POINT('',(19.75,-8.9,8.1));
#10742=CARTESIAN_POINT('',(19.75,-8.9,8.1));
#10743=CARTESIAN_POINT('',(19.75,-8.9,8.15446314070048));
#10744=CARTESIAN_POINT('',(19.75,-8.9,8.15446314070048));
#10745=CARTESIAN_POINT('',(19.8441906438418,-8.9,8.15446314070048));
#10746=CARTESIAN_POINT('',(19.8441906438418,-8.9,8.15446314070048));
#10747=CARTESIAN_POINT('',(19.8441906438418,-8.9,8.99462390423467));
#10748=CARTESIAN_POINT('',(19.8441906438418,-8.9,8.99462390423467));
#10749=CARTESIAN_POINT('',(19.7714069645095,-8.9,8.99462390423467));
#10750=CARTESIAN_POINT('',(19.7714069645095,-8.9,8.99462390423467));
#10751=CARTESIAN_POINT('',(19.7714069645095,-8.9,9.02737593399955));
#10752=CARTESIAN_POINT('',(22.0213809858847,-8.9,9.10000000000006));
#10753=CARTESIAN_POINT('',(22.0213809858847,-8.9,9.10000000000006));
#10754=CARTESIAN_POINT('',(21.6804630724915,-8.9,9.10000000000006));
#10755=CARTESIAN_POINT('',(22.2503720278442,-8.9,8.99543729741041));
#10756=CARTESIAN_POINT('',(22.2503720278442,-8.9,8.99543729741041));
#10757=CARTESIAN_POINT('',(22.2503720278442,-8.9,8.695641597));
#10758=CARTESIAN_POINT('',(22.2503720278442,-8.9,8.695641597));
#10759=CARTESIAN_POINT('',(21.5050094842057,-8.9,8.30569542742101));
#10760=CARTESIAN_POINT('',(21.5050094842057,-8.9,8.30569542742101));
#10761=CARTESIAN_POINT('',(21.5050094842057,-8.9,8.15500948420576));
#10762=CARTESIAN_POINT('',(21.5050094842057,-8.9,8.15500948420576));
#10763=CARTESIAN_POINT('',(22.2473645815667,-8.9,8.15500948420576));
#10764=CARTESIAN_POINT('',(22.2473645815667,-8.9,8.15500948420576));
#10765=CARTESIAN_POINT('',(22.2473645815667,-8.9,8.15500948420576));
#10766=CARTESIAN_POINT('',(22.2473645815667,-8.9,8.1));
#10767=CARTESIAN_POINT('',(22.2473645815667,-8.9,8.1));
#10768=CARTESIAN_POINT('',(21.45,-8.9,8.1));
#10769=CARTESIAN_POINT('',(21.45,-8.9,8.1));
#10770=CARTESIAN_POINT('',(21.45,-8.9,8.33899926522586));
#10771=CARTESIAN_POINT('',(21.45,-8.9,8.33899926522586));
#10772=CARTESIAN_POINT('',(22.1953625436385,-8.9,8.72894543480485));
#10773=CARTESIAN_POINT('',(22.1953625436385,-8.9,8.72894543480485));
#10774=CARTESIAN_POINT('',(22.1953625436385,-8.9,8.96008288209564));
#10775=CARTESIAN_POINT('',(22.1953625436385,-8.9,8.96008288209564));
#10776=CARTESIAN_POINT('',(22.0094158625616,-8.9,9.04499051579436));
#10777=CARTESIAN_POINT('',(22.0094158625616,-8.9,9.04499051579436));
#10778=CARTESIAN_POINT('',(21.6926761769986,-8.9,9.04499051579436));
#10779=CARTESIAN_POINT('',(21.6926761769986,-8.9,9.04499051579436));
#10780=CARTESIAN_POINT('',(21.4704856513051,-8.9,8.94121451905151));
#10781=CARTESIAN_POINT('',(21.4704856513051,-8.9,8.94121451905151));
#10782=CARTESIAN_POINT('',(21.4489485727829,-8.9,8.99186916097043));
#10783=CARTESIAN_POINT('',(21.6804630724915,-8.9,9.10000000000006));
#10784=CARTESIAN_POINT('',(21.85,-8.9,9.9));
#10785=CARTESIAN_POINT('',(22.55,-6.45,11.8));
#10786=CARTESIAN_POINT('',(22.55,-6.45,7.68));
#10787=CARTESIAN_POINT('',(22.55,-5.8,7.68));
#10788=CARTESIAN_POINT('',(22.55,-6.4,11.8));
#10789=CARTESIAN_POINT('',(22.55,-5.8,11.8));
#10790=CARTESIAN_POINT('',(16.15,-2.6,17.));
#10791=CARTESIAN_POINT('',(16.15,-2.6,17.));
#10792=CARTESIAN_POINT('',(16.15,-2.6,18.));
#10793=CARTESIAN_POINT('',(16.15,-3.85,18.));
#10794=CARTESIAN_POINT('',(16.15,-3.85,18.));
#10795=CARTESIAN_POINT('',(16.15,-3.85,18.4));
#10796=CARTESIAN_POINT('',(16.15,-3.85,8.));
#10797=CARTESIAN_POINT('',(16.15,-5.8,8.));
#10798=CARTESIAN_POINT('',(16.15,-3.2,8.));
#10799=CARTESIAN_POINT('',(16.15,-3.2,18.4));
#10800=CARTESIAN_POINT('',(16.15,-3.2,16.6));
#10801=CARTESIAN_POINT('',(16.15,-4.3,15.5));
#10802=CARTESIAN_POINT('',(16.15,-2.8,17.));
#10803=CARTESIAN_POINT('',(16.15,-5.8,17.));
#10804=CARTESIAN_POINT('',(16.15,-5.8,17.));
#10805=CARTESIAN_POINT('',(25.65,-5.8,17.));
#10806=CARTESIAN_POINT('',(25.65,-2.6,17.));
#10807=CARTESIAN_POINT('',(25.65,-2.8,17.));
#10808=CARTESIAN_POINT('',(21.425,-2.8,17.));
#10809=CARTESIAN_POINT('',(26.7,-2.8,17.));
#10810=CARTESIAN_POINT('',(26.7,-5.8,17.));
#10811=CARTESIAN_POINT('',(26.7,-2.6,17.));
#10812=CARTESIAN_POINT('',(21.425,-2.6,17.));
#10813=CARTESIAN_POINT('',(21.425,-5.8,17.));
#10814=CARTESIAN_POINT('',(26.7,-5.8,17.));
#10815=CARTESIAN_POINT('',(26.7,-9.,17.));
#10816=CARTESIAN_POINT('',(26.7,-8.8,17.));
#10817=CARTESIAN_POINT('',(21.425,-8.8,17.));
#10818=CARTESIAN_POINT('',(25.65,-8.8,17.));
#10819=CARTESIAN_POINT('',(25.65,-5.8,17.));
#10820=CARTESIAN_POINT('',(25.65,-9.,17.));
#10821=CARTESIAN_POINT('',(21.425,-9.,17.));
#10822=CARTESIAN_POINT('',(21.425,-5.8,17.));
#10823=CARTESIAN_POINT('',(21.425,-2.8,17.));
#10824=CARTESIAN_POINT('',(18.05,-2.8,17.));
#10825=CARTESIAN_POINT('',(18.05,-5.8,17.));
#10826=CARTESIAN_POINT('',(18.05,-2.6,17.));
#10827=CARTESIAN_POINT('',(21.425,-2.6,17.));
#10828=CARTESIAN_POINT('',(21.425,-5.8,17.));
#10829=CARTESIAN_POINT('',(20.7,-2.6,18.4));
#10830=CARTESIAN_POINT('',(27.1,-2.6,18.4));
#10831=CARTESIAN_POINT('',(27.6,-2.6,18.4));
#10832=CARTESIAN_POINT('',(27.1,-9.,18.4));
#10833=CARTESIAN_POINT('',(27.1,-9.,18.4));
#10834=CARTESIAN_POINT('',(20.7,-9.,18.4));
#10835=CARTESIAN_POINT('',(27.6,-9.,18.4));
#10836=CARTESIAN_POINT('',(27.6,-5.8,18.4));
#10837=CARTESIAN_POINT('',(20.7,-5.8,18.4));
#10838=CARTESIAN_POINT('',(16.15,-3.45,18.4));
#10839=CARTESIAN_POINT('',(14.3,-3.45,18.4));
#10840=CARTESIAN_POINT('',(15.75,-3.45,18.4));
#10841=CARTESIAN_POINT('',(15.75,-2.6,18.4));
#10842=CARTESIAN_POINT('',(15.75,-2.6,18.4));
#10843=CARTESIAN_POINT('',(20.7,-2.6,18.4));
#10844=CARTESIAN_POINT('',(13.8,-2.6,18.4));
#10845=CARTESIAN_POINT('',(13.8,-5.8,18.4));
#10846=CARTESIAN_POINT('',(13.8,-9.,18.4));
#10847=CARTESIAN_POINT('',(20.7,-9.,18.4));
#10848=CARTESIAN_POINT('',(15.75,-9.,18.4));
#10849=CARTESIAN_POINT('',(15.75,-7.75,18.4));
#10850=CARTESIAN_POINT('',(15.75,-8.15,18.4));
#10851=CARTESIAN_POINT('',(14.7,-8.15,18.4));
#10852=CARTESIAN_POINT('',(14.3,-8.15,18.4));
#10853=CARTESIAN_POINT('',(14.3,-3.85,18.4));
#10854=CARTESIAN_POINT('',(20.7,-5.8,18.4));
#10855=CARTESIAN_POINT('',(27.6,-7.05,8.90000000000001));
#10856=CARTESIAN_POINT('',(27.6,-7.05,11.4));
#10857=CARTESIAN_POINT('',(27.6,-5.8,11.4));
#10858=CARTESIAN_POINT('',(27.6,-4.55,11.4));
#10859=CARTESIAN_POINT('',(27.6,-4.55,8.90000000000001));
#10860=CARTESIAN_POINT('',(27.6,-3.6,5.4));
#10861=CARTESIAN_POINT('',(27.6,-3.6,5.4));
#10862=CARTESIAN_POINT('',(27.6,-3.1,5.4));
#10863=CARTESIAN_POINT('',(27.6,-2.6,5.4));
#10864=CARTESIAN_POINT('',(27.6,-2.6,6.4));
#10865=CARTESIAN_POINT('',(27.6,-9.,6.4));
#10866=CARTESIAN_POINT('',(27.6,-9.,5.4));
#10867=CARTESIAN_POINT('',(27.6,-8.5,5.4));
#10868=CARTESIAN_POINT('',(27.6,-8.,5.4));
#10869=CARTESIAN_POINT('',(27.6,-8.,5.4));
#10870=CARTESIAN_POINT('',(27.6,-5.8,6.4));
#10871=CARTESIAN_POINT('',(25.35,-9.,9.9));
#10872=CARTESIAN_POINT('',(25.35,-9.,12.4));
#10873=CARTESIAN_POINT('',(25.35,-9.,7.4));
#10874=CARTESIAN_POINT('',(21.85,-9.,7.4));
#10875=CARTESIAN_POINT('',(18.35,-9.,7.4));
#10876=CARTESIAN_POINT('',(18.35,-9.,9.9));
#10877=CARTESIAN_POINT('',(18.35,-9.,12.4));
#10878=CARTESIAN_POINT('',(21.85,-9.,12.4));
#10879=CARTESIAN_POINT('',(17.9,-9.,9.2));
#10880=CARTESIAN_POINT('',(26.7,-9.,18.));
#10881=CARTESIAN_POINT('',(26.7,-9.,17.));
#10882=CARTESIAN_POINT('',(25.65,-9.,13.4));
#10883=CARTESIAN_POINT('',(25.65,-9.,13.4));
#10884=CARTESIAN_POINT('',(21.85,-9.,13.4));
#10885=CARTESIAN_POINT('',(18.05,-9.,13.4));
#10886=CARTESIAN_POINT('',(18.05,-9.,13.4));
#10887=CARTESIAN_POINT('',(18.05,-9.,17.));
#10888=CARTESIAN_POINT('',(21.425,-9.,17.));
#10889=CARTESIAN_POINT('',(16.15,-9.,17.));
#10890=CARTESIAN_POINT('',(16.15,-9.,17.));
#10891=CARTESIAN_POINT('',(16.15,-9.,18.));
#10892=CARTESIAN_POINT('',(24.225,-9.,9.92500000000001));
#10893=CARTESIAN_POINT('',(13.8,-9.,6.4));
#10894=CARTESIAN_POINT('',(13.8,-9.,5.4));
#10895=CARTESIAN_POINT('',(16.3,-9.,5.4));
#10896=CARTESIAN_POINT('',(18.8,-9.,5.4));
#10897=CARTESIAN_POINT('',(18.8,-9.,5.4));
#10898=CARTESIAN_POINT('',(24.6,-9.,5.4));
#10899=CARTESIAN_POINT('',(24.6,-9.,5.4));
#10900=CARTESIAN_POINT('',(26.1,-9.,5.4));
#10901=CARTESIAN_POINT('',(20.7,-9.,6.4));
#10902=CARTESIAN_POINT('',(13.8,-4.5,11.45));
#10903=CARTESIAN_POINT('',(13.8,-4.5,16.5));
#10904=CARTESIAN_POINT('',(13.8,-7.1,16.5));
#10905=CARTESIAN_POINT('',(13.8,-7.1,16.5));
#10906=CARTESIAN_POINT('',(13.8,-7.1,11.45));
#10907=CARTESIAN_POINT('',(13.8,-8.,5.4));
#10908=CARTESIAN_POINT('',(13.8,-8.,5.4));
#10909=CARTESIAN_POINT('',(13.8,-8.5,5.4));
#10910=CARTESIAN_POINT('',(13.8,-2.6,6.4));
#10911=CARTESIAN_POINT('',(13.8,-2.6,5.4));
#10912=CARTESIAN_POINT('',(13.8,-3.1,5.4));
#10913=CARTESIAN_POINT('',(13.8,-3.6,5.4));
#10914=CARTESIAN_POINT('',(13.8,-3.6,5.4));
#10915=CARTESIAN_POINT('',(13.8,-5.8,6.4));
#10916=CARTESIAN_POINT('',(26.7,-2.6,17.));
#10917=CARTESIAN_POINT('',(26.7,-2.6,18.));
#10918=CARTESIAN_POINT('',(17.9,-2.6,9.2));
#10919=CARTESIAN_POINT('',(26.1,-2.6,5.4));
#10920=CARTESIAN_POINT('',(24.6,-2.6,5.4));
#10921=CARTESIAN_POINT('',(24.6,-2.6,5.4));
#10922=CARTESIAN_POINT('',(18.8,-2.6,5.4));
#10923=CARTESIAN_POINT('',(18.8,-2.6,5.4));
#10924=CARTESIAN_POINT('',(16.3,-2.6,5.4));
#10925=CARTESIAN_POINT('',(24.225,-2.6,9.92500000000001));
#10926=CARTESIAN_POINT('',(18.05,-2.6,13.4));
#10927=CARTESIAN_POINT('',(18.05,-2.6,13.4));
#10928=CARTESIAN_POINT('',(21.85,-2.6,13.4));
#10929=CARTESIAN_POINT('',(25.65,-2.6,13.4));
#10930=CARTESIAN_POINT('',(25.65,-2.6,13.4));
#10931=CARTESIAN_POINT('',(20.7,-2.6,6.4));
#10932=CARTESIAN_POINT('',(26.7,-5.8,11.4));
#10933=CARTESIAN_POINT('',(26.7,-4.55,11.4));
#10934=CARTESIAN_POINT('',(26.7,-7.05,11.4));
#10935=CARTESIAN_POINT('',(26.7,-7.05,8.90000000000001));
#10936=CARTESIAN_POINT('',(26.7,-7.05,8.));
#10937=CARTESIAN_POINT('',(26.7,-5.8,8.));
#10938=CARTESIAN_POINT('',(26.7,-8.4,8.));
#10939=CARTESIAN_POINT('',(26.7,-8.4,18.4));
#10940=CARTESIAN_POINT('',(26.7,-8.4,16.6));
#10941=CARTESIAN_POINT('',(26.7,-7.3,15.5));
#10942=CARTESIAN_POINT('',(26.7,-2.6,18.));
#10943=CARTESIAN_POINT('',(26.7,-4.3,15.5));
#10944=CARTESIAN_POINT('',(26.7,-3.2,16.6));
#10945=CARTESIAN_POINT('',(26.7,-3.2,18.4));
#10946=CARTESIAN_POINT('',(26.7,-3.2,8.));
#10947=CARTESIAN_POINT('',(26.7,-5.8,8.));
#10948=CARTESIAN_POINT('',(26.7,-4.55,8.));
#10949=CARTESIAN_POINT('',(26.7,-4.55,8.90000000000001));
#10950=CARTESIAN_POINT('',(26.7,-5.8,17.));
#10951=CARTESIAN_POINT('',(16.15,-7.75,18.4));
#10952=CARTESIAN_POINT('',(16.15,-7.75,18.));
#10953=CARTESIAN_POINT('',(16.15,-7.75,8.));
#10954=CARTESIAN_POINT('',(16.15,-9.,18.));
#10955=CARTESIAN_POINT('',(16.15,-5.8,17.));
#10956=CARTESIAN_POINT('',(16.15,-8.8,17.));
#10957=CARTESIAN_POINT('',(16.15,-7.3,15.5));
#10958=CARTESIAN_POINT('',(16.15,-8.4,16.6));
#10959=CARTESIAN_POINT('',(16.15,-8.4,18.4));
#10960=CARTESIAN_POINT('',(16.15,-8.4,8.));
#10961=CARTESIAN_POINT('',(16.15,-5.8,8.));
#10962=CARTESIAN_POINT('',(16.15,-5.8,17.));
#10963=CARTESIAN_POINT('',(18.05,-5.8,17.));
#10964=CARTESIAN_POINT('',(18.05,-8.8,17.));
#10965=CARTESIAN_POINT('',(21.425,-8.8,17.));
#10966=CARTESIAN_POINT('',(21.425,-5.8,17.));
#10967=CARTESIAN_POINT('',(21.425,-3.2,13.));
#10968=CARTESIAN_POINT('',(25.65,-3.2,13.));
#10969=CARTESIAN_POINT('',(18.05,-3.2,13.));
#10970=CARTESIAN_POINT('',(18.05,-3.2,18.4));
#10971=CARTESIAN_POINT('',(18.05,-3.2,16.6));
#10972=CARTESIAN_POINT('',(21.425,-3.2,16.6));
#10973=CARTESIAN_POINT('',(21.425,-3.2,8.));
#10974=CARTESIAN_POINT('',(21.425,-3.2,16.6));
#10975=CARTESIAN_POINT('',(25.65,-3.2,16.6));
#10976=CARTESIAN_POINT('',(25.65,-3.2,18.4));
#10977=CARTESIAN_POINT('',(21.425,-3.2,18.4));
#10978=CARTESIAN_POINT('',(21.425,-8.4,13.));
#10979=CARTESIAN_POINT('',(18.05,-8.4,13.));
#10980=CARTESIAN_POINT('',(25.65,-8.4,13.));
#10981=CARTESIAN_POINT('',(25.65,-8.4,18.4));
#10982=CARTESIAN_POINT('',(25.65,-8.4,16.6));
#10983=CARTESIAN_POINT('',(21.425,-8.4,16.6));
#10984=CARTESIAN_POINT('',(21.425,-8.4,8.));
#10985=CARTESIAN_POINT('',(21.425,-8.4,16.6));
#10986=CARTESIAN_POINT('',(18.05,-8.4,16.6));
#10987=CARTESIAN_POINT('',(18.05,-8.4,18.4));
#10988=CARTESIAN_POINT('',(21.425,-8.4,18.4));
#10989=CARTESIAN_POINT('',(21.425,-4.3,8.));
#10990=CARTESIAN_POINT('',(15.5,-4.3,8.));
#10991=CARTESIAN_POINT('',(16.2,-4.3,8.));
#10992=CARTESIAN_POINT('',(16.2,-5.8,8.));
#10993=CARTESIAN_POINT('',(16.2,-7.3,8.));
#10994=CARTESIAN_POINT('',(21.425,-7.3,8.));
#10995=CARTESIAN_POINT('',(15.5,-7.3,8.));
#10996=CARTESIAN_POINT('',(15.5,-5.8,8.));
#10997=CARTESIAN_POINT('',(26.2,-5.8,8.));
#10998=CARTESIAN_POINT('',(26.2,-4.3,8.));
#10999=CARTESIAN_POINT('',(26.2,-7.4,8.));
#11000=CARTESIAN_POINT('',(21.425,-7.4,8.));
#11001=CARTESIAN_POINT('',(25.6,-5.8,8.));
#11002=CARTESIAN_POINT('',(25.6,-7.65,8.));
#11003=CARTESIAN_POINT('',(21.425,-7.65,8.));
#11004=CARTESIAN_POINT('',(18.1,-7.65,8.));
#11005=CARTESIAN_POINT('',(18.1,-5.8,8.));
#11006=CARTESIAN_POINT('',(21.425,-7.3,8.));
#11007=CARTESIAN_POINT('',(17.5,-7.3,8.));
#11008=CARTESIAN_POINT('',(17.5,-5.8,8.));
#11009=CARTESIAN_POINT('',(17.5,-4.3,8.));
#11010=CARTESIAN_POINT('',(21.425,-4.3,8.));
#11011=CARTESIAN_POINT('',(18.1,-5.8,8.));
#11012=CARTESIAN_POINT('',(18.1,-3.95,8.));
#11013=CARTESIAN_POINT('',(21.425,-3.95,8.));
#11014=CARTESIAN_POINT('',(25.6,-3.95,8.));
#11015=CARTESIAN_POINT('',(25.6,-5.8,8.));
#11016=CARTESIAN_POINT('',(21.425,-4.3,8.));
#11017=CARTESIAN_POINT('',(15.425,-3.85,8.));
#11018=CARTESIAN_POINT('',(14.7,-3.85,8.));
#11019=CARTESIAN_POINT('',(14.7,-5.8,8.));
#11020=CARTESIAN_POINT('',(14.7,-4.5,8.));
#11021=CARTESIAN_POINT('',(14.7,-5.8,8.));
#11022=CARTESIAN_POINT('',(14.7,-7.1,8.));
#11023=CARTESIAN_POINT('',(14.7,-5.8,8.));
#11024=CARTESIAN_POINT('',(14.7,-7.75,8.));
#11025=CARTESIAN_POINT('',(15.425,-7.75,8.));
#11026=CARTESIAN_POINT('',(26.7,-5.8,8.));
#11027=CARTESIAN_POINT('',(21.425,-5.8,8.));
#11028=CARTESIAN_POINT('',(25.65,-5.8,13.4));
#11029=CARTESIAN_POINT('',(25.65,-8.8,13.4));
#11030=CARTESIAN_POINT('',(21.85,-8.8,13.4));
#11031=CARTESIAN_POINT('',(18.05,-8.8,13.4));
#11032=CARTESIAN_POINT('',(18.05,-5.8,13.4));
#11033=CARTESIAN_POINT('',(21.85,-5.8,13.4));
#11034=CARTESIAN_POINT('',(18.05,-8.8,17.));
#11035=CARTESIAN_POINT('',(18.05,-7.3,11.9));
#11036=CARTESIAN_POINT('',(18.05,-5.8,13.4));
#11037=CARTESIAN_POINT('',(25.65,-8.8,17.));
#11038=CARTESIAN_POINT('',(25.65,-7.3,11.9));
#11039=CARTESIAN_POINT('',(25.65,-5.8,13.4));
#11040=CARTESIAN_POINT('',(25.65,-2.8,17.));
#11041=CARTESIAN_POINT('',(25.65,-5.8,13.4));
#11042=CARTESIAN_POINT('',(25.65,-2.8,13.4));
#11043=CARTESIAN_POINT('',(25.65,-4.3,11.9));
#11044=CARTESIAN_POINT('',(25.65,-5.8,13.4));
#11045=CARTESIAN_POINT('',(18.05,-2.8,17.));
#11046=CARTESIAN_POINT('',(18.05,-4.3,11.9));
#11047=CARTESIAN_POINT('',(18.05,-2.8,13.4));
#11048=CARTESIAN_POINT('',(18.05,-5.8,13.4));
#11049=CARTESIAN_POINT('',(18.05,-5.8,13.4));
#11050=CARTESIAN_POINT('',(21.85,-2.8,13.4));
#11051=CARTESIAN_POINT('',(21.85,-5.8,13.4));
#11052=CARTESIAN_POINT('',(14.7,-3.85,18.));
#11053=CARTESIAN_POINT('',(14.7,-3.85,18.));
#11054=CARTESIAN_POINT('',(14.7,-3.85,18.4));
#11055=CARTESIAN_POINT('',(15.425,-3.85,18.4));
#11056=CARTESIAN_POINT('',(14.7,-7.75,18.));
#11057=CARTESIAN_POINT('',(14.7,-7.75,18.));
#11058=CARTESIAN_POINT('',(14.7,-7.75,18.4));
#11059=CARTESIAN_POINT('',(14.7,-7.1,11.45));
#11060=CARTESIAN_POINT('',(14.7,-7.1,16.5));
#11061=CARTESIAN_POINT('',(14.7,-7.1,16.5));
#11062=CARTESIAN_POINT('',(14.7,-4.5,16.5));
#11063=CARTESIAN_POINT('',(14.7,-4.5,18.4));
#11064=CARTESIAN_POINT('',(14.7,-5.8,18.4));
#11065=CARTESIAN_POINT('',(16.15,-7.75,18.));
#11066=CARTESIAN_POINT('',(15.425,-7.75,18.4));
#11067=CARTESIAN_POINT('',(14.7,-4.5,11.45));
#11068=CARTESIAN_POINT('',(14.7,-7.1,11.45));
#11069=CARTESIAN_POINT('',(14.7,-7.1,11.45));
#11070=CARTESIAN_POINT('',(14.25,-4.5,16.5));
#11071=CARTESIAN_POINT('',(14.25,-4.5,11.45));
#11072=CARTESIAN_POINT('',(14.25,-7.1,16.5));
#11073=CARTESIAN_POINT('',(14.25,-7.1,16.5));
#11074=CARTESIAN_POINT('',(14.25,-7.1,11.45));
#11075=CARTESIAN_POINT('',(25.3,-4.25,12.5));
#11076=CARTESIAN_POINT('',(25.3,-4.25,12.1));
#11077=CARTESIAN_POINT('',(25.3,-4.25,8.3));
#11078=CARTESIAN_POINT('',(21.85,-4.25,8.3));
#11079=CARTESIAN_POINT('',(18.4,-4.25,8.3));
#11080=CARTESIAN_POINT('',(18.4,-4.25,12.5));
#11081=CARTESIAN_POINT('',(18.4,-4.25,12.1));
#11082=CARTESIAN_POINT('',(21.85,-4.25,12.1));
#11083=CARTESIAN_POINT('',(21.85,-4.25,12.5));
#11084=CARTESIAN_POINT('',(18.4,-5.8,8.3));
#11085=CARTESIAN_POINT('',(18.4,-7.35,8.3));
#11086=CARTESIAN_POINT('',(18.4,-7.35,12.5));
#11087=CARTESIAN_POINT('',(18.4,-7.35,12.1));
#11088=CARTESIAN_POINT('',(18.4,-5.8,12.1));
#11089=CARTESIAN_POINT('',(18.4,-5.8,12.5));
#11090=CARTESIAN_POINT('',(21.85,-7.35,8.3));
#11091=CARTESIAN_POINT('',(25.3,-7.35,8.3));
#11092=CARTESIAN_POINT('',(25.3,-7.35,12.5));
#11093=CARTESIAN_POINT('',(25.3,-7.35,12.1));
#11094=CARTESIAN_POINT('',(21.85,-7.35,12.1));
#11095=CARTESIAN_POINT('',(21.85,-7.35,12.5));
#11096=CARTESIAN_POINT('',(21.85,-6.95,12.5));
#11097=CARTESIAN_POINT('',(18.8,-6.95,12.5));
#11098=CARTESIAN_POINT('',(24.9,-6.95,12.5));
#11099=CARTESIAN_POINT('',(24.9,-5.8,12.5));
#11100=CARTESIAN_POINT('',(24.9,-4.65,12.5));
#11101=CARTESIAN_POINT('',(21.85,-4.65,12.5));
#11102=CARTESIAN_POINT('',(18.8,-4.65,12.5));
#11103=CARTESIAN_POINT('',(18.8,-5.8,12.5));
#11104=CARTESIAN_POINT('',(23.85,-6.475,12.5));
#11105=CARTESIAN_POINT('',(24.65,-6.475,12.5));
#11106=CARTESIAN_POINT('',(23.05,-6.475,12.5));
#11107=CARTESIAN_POINT('',(23.05,-5.8,12.5));
#11108=CARTESIAN_POINT('',(23.05,-5.125,12.5));
#11109=CARTESIAN_POINT('',(23.85,-5.125,12.5));
#11110=CARTESIAN_POINT('',(24.65,-5.125,12.5));
#11111=CARTESIAN_POINT('',(24.65,-5.8,12.5));
#11112=CARTESIAN_POINT('',(21.85,-6.475,12.5));
#11113=CARTESIAN_POINT('',(22.65,-6.475,12.5));
#11114=CARTESIAN_POINT('',(21.05,-6.475,12.5));
#11115=CARTESIAN_POINT('',(21.05,-5.8,12.5));
#11116=CARTESIAN_POINT('',(21.05,-5.125,12.5));
#11117=CARTESIAN_POINT('',(21.85,-5.125,12.5));
#11118=CARTESIAN_POINT('',(22.65,-5.125,12.5));
#11119=CARTESIAN_POINT('',(22.65,-5.8,12.5));
#11120=CARTESIAN_POINT('',(19.85,-6.475,12.5));
#11121=CARTESIAN_POINT('',(20.65,-6.475,12.5));
#11122=CARTESIAN_POINT('',(19.05,-6.475,12.5));
#11123=CARTESIAN_POINT('',(19.05,-5.8,12.5));
#11124=CARTESIAN_POINT('',(19.05,-5.125,12.5));
#11125=CARTESIAN_POINT('',(19.85,-5.125,12.5));
#11126=CARTESIAN_POINT('',(20.65,-5.125,12.5));
#11127=CARTESIAN_POINT('',(20.65,-5.8,12.5));
#11128=CARTESIAN_POINT('',(21.85,-5.8,12.5));
#11129=CARTESIAN_POINT('',(25.3,-5.8,8.3));
#11130=CARTESIAN_POINT('',(25.3,-5.8,12.1));
#11131=CARTESIAN_POINT('',(25.3,-5.8,12.5));
#11132=CARTESIAN_POINT('',(18.8,-3.6,5.4));
#11133=CARTESIAN_POINT('',(18.8,-3.6,5.4));
#11134=CARTESIAN_POINT('',(16.3,-3.6,5.4));
#11135=CARTESIAN_POINT('',(16.3,-3.6,5.4));
#11136=CARTESIAN_POINT('',(18.8,-3.1,5.4));
#11137=CARTESIAN_POINT('',(16.3,-3.1,5.4));
#11138=CARTESIAN_POINT('',(18.8,-3.1,5.4));
#11139=CARTESIAN_POINT('',(18.8,-8.,5.4));
#11140=CARTESIAN_POINT('',(18.8,-8.,5.4));
#11141=CARTESIAN_POINT('',(18.8,-8.5,5.4));
#11142=CARTESIAN_POINT('',(18.8,-8.5,5.4));
#11143=CARTESIAN_POINT('',(16.3,-8.,5.4));
#11144=CARTESIAN_POINT('',(16.3,-8.5,5.4));
#11145=CARTESIAN_POINT('',(16.3,-8.,5.4));
#11146=CARTESIAN_POINT('',(24.6,-8.,5.4));
#11147=CARTESIAN_POINT('',(24.6,-8.,5.4));
#11148=CARTESIAN_POINT('',(24.6,-8.5,5.4));
#11149=CARTESIAN_POINT('',(24.6,-8.5,5.4));
#11150=CARTESIAN_POINT('',(26.1,-8.,5.4));
#11151=CARTESIAN_POINT('',(26.1,-8.5,5.4));
#11152=CARTESIAN_POINT('',(26.1,-8.,5.4));
#11153=CARTESIAN_POINT('',(24.6,-3.6,5.4));
#11154=CARTESIAN_POINT('',(24.6,-3.6,5.4));
#11155=CARTESIAN_POINT('',(26.1,-3.6,5.4));
#11156=CARTESIAN_POINT('',(26.1,-3.6,5.4));
#11157=CARTESIAN_POINT('',(24.6,-3.1,5.4));
#11158=CARTESIAN_POINT('',(24.6,-3.1,5.4));
#11159=CARTESIAN_POINT('',(26.1,-3.1,5.4));
#11160=CARTESIAN_POINT('',(20.65,-6.175,12.2));
#11161=CARTESIAN_POINT('',(19.35,-6.175,12.2));
#11162=CARTESIAN_POINT('',(20.35,-6.175,12.2));
#11163=CARTESIAN_POINT('',(20.35,-5.125,12.2));
#11164=CARTESIAN_POINT('',(20.35,-5.425,12.2));
#11165=CARTESIAN_POINT('',(19.05,-5.425,12.2));
#11166=CARTESIAN_POINT('',(19.35,-5.425,12.2));
#11167=CARTESIAN_POINT('',(19.35,-6.475,12.2));
#11168=CARTESIAN_POINT('',(19.85,-5.8,12.2));
#11169=CARTESIAN_POINT('',(18.1,-6.6,7.8));
#11170=CARTESIAN_POINT('',(18.1,-6.6,7.95));
#11171=CARTESIAN_POINT('',(18.1,-6.6,7.65));
#11172=CARTESIAN_POINT('',(18.1,-6.65,7.95));
#11173=CARTESIAN_POINT('',(18.1,-6.65,8.));
#11174=CARTESIAN_POINT('',(18.1,-5.8,8.));
#11175=CARTESIAN_POINT('',(18.1,-4.95,8.));
#11176=CARTESIAN_POINT('',(18.1,-4.95,7.95));
#11177=CARTESIAN_POINT('',(18.1,-5.,7.95));
#11178=CARTESIAN_POINT('',(18.1,-5.,7.8));
#11179=CARTESIAN_POINT('',(18.1,-5.,7.65));
#11180=CARTESIAN_POINT('',(18.1,-5.05,7.65));
#11181=CARTESIAN_POINT('',(18.1,-5.05,7.6));
#11182=CARTESIAN_POINT('',(18.1,-5.,7.6));
#11183=CARTESIAN_POINT('',(18.1,-5.2,7.6));
#11184=CARTESIAN_POINT('',(18.1,-5.2,7.65));
#11185=CARTESIAN_POINT('',(18.1,-5.25,7.65));
#11186=CARTESIAN_POINT('',(18.1,-5.25,7.8));
#11187=CARTESIAN_POINT('',(18.1,-5.25,7.9));
#11188=CARTESIAN_POINT('',(18.1,-5.25,7.9));
#11189=CARTESIAN_POINT('',(18.1,-6.35,7.9));
#11190=CARTESIAN_POINT('',(18.1,-6.35,7.8));
#11191=CARTESIAN_POINT('',(18.1,-6.35,7.65));
#11192=CARTESIAN_POINT('',(18.1,-6.4,7.65));
#11193=CARTESIAN_POINT('',(18.1,-6.4,7.6));
#11194=CARTESIAN_POINT('',(18.1,-6.35,7.6));
#11195=CARTESIAN_POINT('',(18.1,-6.55,7.6));
#11196=CARTESIAN_POINT('',(18.1,-6.55,7.65));
#11197=CARTESIAN_POINT('',(18.1,-5.8,8.));
#11198=CARTESIAN_POINT('',(22.65,-6.175,12.2));
#11199=CARTESIAN_POINT('',(21.35,-6.175,12.2));
#11200=CARTESIAN_POINT('',(22.35,-6.175,12.2));
#11201=CARTESIAN_POINT('',(22.35,-5.125,12.2));
#11202=CARTESIAN_POINT('',(22.35,-5.425,12.2));
#11203=CARTESIAN_POINT('',(21.05,-5.425,12.2));
#11204=CARTESIAN_POINT('',(21.35,-5.425,12.2));
#11205=CARTESIAN_POINT('',(21.35,-6.475,12.2));
#11206=CARTESIAN_POINT('',(21.85,-5.8,12.2));
#11207=CARTESIAN_POINT('',(24.65,-6.175,12.2));
#11208=CARTESIAN_POINT('',(23.35,-6.175,12.2));
#11209=CARTESIAN_POINT('',(24.35,-6.175,12.2));
#11210=CARTESIAN_POINT('',(24.35,-5.125,12.2));
#11211=CARTESIAN_POINT('',(24.35,-5.425,12.2));
#11212=CARTESIAN_POINT('',(23.05,-5.425,12.2));
#11213=CARTESIAN_POINT('',(23.35,-5.425,12.2));
#11214=CARTESIAN_POINT('',(23.35,-6.475,12.2));
#11215=CARTESIAN_POINT('',(23.85,-5.8,12.2));
#11216=CARTESIAN_POINT('',(16.5333333333333,-7.36666666666667,17.6166666666667));
#11217=CARTESIAN_POINT('',(15.75,-5.8,18.4));
#11218=CARTESIAN_POINT('',(15.0833333333333,-7.36666666666667,17.6166666666667));
#11219=CARTESIAN_POINT('',(20.7,-8.15,18.4));
#11220=CARTESIAN_POINT('',(16.4333333333333,-5.58333333333334,16.2666666666667));
#11221=CARTESIAN_POINT('',(14.3,-5.8,18.4));
#11222=CARTESIAN_POINT('',(17.4,-5.1,16.75));
#11223=CARTESIAN_POINT('',(20.7,-3.45,18.4));
#11224=CARTESIAN_POINT('',(15.75,-5.8,18.4));
#11225=CARTESIAN_POINT('',(21.425,-8.8,17.));
#11226=CARTESIAN_POINT('',(21.425,-2.8,17.));
#11227=CARTESIAN_POINT('',(21.425,-8.8,17.));
#11228=CARTESIAN_POINT('',(21.425,-2.8,17.));
#11229=CARTESIAN_POINT('',(27.1,-5.8,18.4));
#11230=CARTESIAN_POINT('',(21.425,-8.4,13.));
#11231=CARTESIAN_POINT('',(21.425,-3.2,13.));
#11232=CARTESIAN_POINT('',(18.9166666666667,-6.83333333333333,12.6166666666667));
#11233=CARTESIAN_POINT('',(18.9166666666667,-4.76666666666667,12.6166666666667));
#11234=CARTESIAN_POINT('',(18.4,-5.8,12.1));
#11235=CARTESIAN_POINT('',(24.15,-5.4,13.25));
#11236=CARTESIAN_POINT('',(21.85,-4.25,12.1));
#11237=CARTESIAN_POINT('',(24.15,-6.2,13.25));
#11238=CARTESIAN_POINT('',(21.85,-7.35,12.1));
#11239=CARTESIAN_POINT('',(25.3,-5.8,12.1));
#11240=CARTESIAN_POINT('',(18.1,-5.8,8.));
#11241=CARTESIAN_POINT('',(18.1,-5.8,8.));
#11242=CARTESIAN_POINT('',(18.9166666666667,-6.83333333333333,8.81666666666667));
#11243=CARTESIAN_POINT('',(19.55,-5.4,9.45));
#11244=CARTESIAN_POINT('',(18.4,-5.8,8.3));
#11245=CARTESIAN_POINT('',(24.15,-6.2,9.45));
#11246=CARTESIAN_POINT('',(21.85,-7.35,8.3));
#11247=CARTESIAN_POINT('',(24.15,-5.4,9.45));
#11248=CARTESIAN_POINT('',(21.85,-4.25,8.3));
#11249=CARTESIAN_POINT('',(25.6,-5.8,8.));
#11250=CARTESIAN_POINT('',(25.6,-5.8,8.));
#11251=CARTESIAN_POINT('',(25.3,-5.8,8.3));
#11252=CARTESIAN_POINT('',(21.5166666666667,-5.59166666666667,12.0333333333333));
#11253=CARTESIAN_POINT('',(21.5166666666667,-6.00833333333333,12.0333333333333));
#11254=CARTESIAN_POINT('',(21.35,-5.8,12.2));
#11255=CARTESIAN_POINT('',(22.225,-6.05,12.075));
#11256=CARTESIAN_POINT('',(21.85,-6.175,12.2));
#11257=CARTESIAN_POINT('',(22.225,-5.55,12.075));
#11258=CARTESIAN_POINT('',(21.85,-5.425,12.2));
#11259=CARTESIAN_POINT('',(22.35,-5.8,12.2));
#11260=CARTESIAN_POINT('',(23.5166666666667,-5.59166666666667,12.0333333333333));
#11261=CARTESIAN_POINT('',(23.5166666666667,-6.00833333333333,12.0333333333333));
#11262=CARTESIAN_POINT('',(23.35,-5.8,12.2));
#11263=CARTESIAN_POINT('',(24.225,-6.05,12.075));
#11264=CARTESIAN_POINT('',(23.85,-6.175,12.2));
#11265=CARTESIAN_POINT('',(24.225,-5.55,12.075));
#11266=CARTESIAN_POINT('',(23.85,-5.425,12.2));
#11267=CARTESIAN_POINT('',(24.35,-5.8,12.2));
#11268=CARTESIAN_POINT('',(19.5166666666667,-5.59166666666667,12.0333333333333));
#11269=CARTESIAN_POINT('',(19.5166666666667,-6.00833333333333,12.0333333333333));
#11270=CARTESIAN_POINT('',(19.35,-5.8,12.2));
#11271=CARTESIAN_POINT('',(20.225,-6.05,12.075));
#11272=CARTESIAN_POINT('',(19.85,-6.175,12.2));
#11273=CARTESIAN_POINT('',(20.225,-5.55,12.075));
#11274=CARTESIAN_POINT('',(19.85,-5.425,12.2));
#11275=CARTESIAN_POINT('',(20.35,-5.8,12.2));
#11276=CARTESIAN_POINT('',(25.35,-8.9,12.4));
#11277=CARTESIAN_POINT('',(25.35,-8.9,7.4));
#11278=CARTESIAN_POINT('',(25.35,-8.9,9.9));
#11279=CARTESIAN_POINT('',(18.35,-8.9,7.4));
#11280=CARTESIAN_POINT('',(21.85,-8.9,7.4));
#11281=CARTESIAN_POINT('',(18.35,-8.9,12.4));
#11282=CARTESIAN_POINT('',(18.35,-8.9,9.9));
#11283=CARTESIAN_POINT('',(21.85,-8.9,12.4));
#11284=CARTESIAN_POINT('',(15.85,-5.55,6.55));
#11285=CARTESIAN_POINT('',(15.6,-5.55,6.55));
#11286=CARTESIAN_POINT('',(15.6,-5.55,7.4));
#11287=CARTESIAN_POINT('',(15.85,-5.55,7.4));
#11288=CARTESIAN_POINT('',(15.6,-4.4,6.55));
#11289=CARTESIAN_POINT('',(15.6,-6.05,6.55));
#11290=CARTESIAN_POINT('',(15.6,-6.05,7.4));
#11291=CARTESIAN_POINT('',(15.6,-5.8,7.4));
#11292=CARTESIAN_POINT('',(15.85,-6.05,6.55));
#11293=CARTESIAN_POINT('',(15.85,-6.05,7.4));
#11294=CARTESIAN_POINT('',(22.45,-5.2,11.8));
#11295=CARTESIAN_POINT('',(22.55,-5.2,11.8));
#11296=CARTESIAN_POINT('',(22.55,-5.8,11.8));
#11297=CARTESIAN_POINT('',(21.9,-5.8,11.8));
#11298=CARTESIAN_POINT('',(21.25,-5.2,5.8));
#11299=CARTESIAN_POINT('',(21.25,-5.2,6.));
#11300=CARTESIAN_POINT('',(21.25,-6.4,5.8));
#11301=CARTESIAN_POINT('',(21.25,-6.4,6.));
#11302=CARTESIAN_POINT('',(21.25,-5.2,6.));
#11303=CARTESIAN_POINT('',(21.25,-5.8,11.8));
#11304=CARTESIAN_POINT('',(22.55,-5.8,7.68));
#11305=CARTESIAN_POINT('',(22.55,-5.15,7.68));
#11306=CARTESIAN_POINT('',(22.55,-5.15,11.8));
#11307=CARTESIAN_POINT('',(22.55,-5.2,11.8));
#11308=CARTESIAN_POINT('',(22.55,-5.8,11.8));
#11309=CARTESIAN_POINT('',(19.35,-6.4,5.8));
#11310=CARTESIAN_POINT('',(19.35,-6.4,5.8));
#11311=CARTESIAN_POINT('',(18.55,-6.4,6.4));
#11312=CARTESIAN_POINT('',(18.55,-6.4,5.8));
#11313=CARTESIAN_POINT('',(19.25,-6.4,5.8));
#11314=CARTESIAN_POINT('',(19.25,-6.4,5.8));
#11315=CARTESIAN_POINT('',(19.35,-5.2,5.8));
#11316=CARTESIAN_POINT('',(19.35,-5.2,5.8));
#11317=CARTESIAN_POINT('',(19.25,-5.2,5.8));
#11318=CARTESIAN_POINT('',(18.55,-5.2,5.8));
#11319=CARTESIAN_POINT('',(18.55,-5.2,6.4));
#11320=CARTESIAN_POINT('',(19.25,-5.2,5.8));
#11321=CARTESIAN_POINT('',(19.35,-5.8,5.8));
#11322=CARTESIAN_POINT('',(18.55,-5.8,5.8));
#11323=CARTESIAN_POINT('',(19.25,-5.8,5.8));
#11324=CARTESIAN_POINT('',(19.35,-5.8,5.8));
#11325=CARTESIAN_POINT('',(17.475,-5.325,6.02500000000001));
#11326=CARTESIAN_POINT('',(15.6,-7.2,7.9));
#11327=CARTESIAN_POINT('',(15.6,-5.8,7.9));
#11328=CARTESIAN_POINT('',(15.6,-4.4,7.9));
#11329=CARTESIAN_POINT('',(16.,-4.8,7.5));
#11330=CARTESIAN_POINT('',(15.5,-5.8,8.));
#11331=CARTESIAN_POINT('',(15.85,-4.4,7.9));
#11332=CARTESIAN_POINT('',(16.1,-4.4,7.9));
#11333=CARTESIAN_POINT('',(15.7,-4.8,7.5));
#11334=CARTESIAN_POINT('',(21.425,-4.3,8.));
#11335=CARTESIAN_POINT('',(15.7,-6.8,7.5));
#11336=CARTESIAN_POINT('',(16.1,-7.2,7.9));
#11337=CARTESIAN_POINT('',(15.85,-7.2,7.9));
#11338=CARTESIAN_POINT('',(21.425,-7.3,8.));
#11339=CARTESIAN_POINT('',(16.1,-5.8,7.9));
#11340=CARTESIAN_POINT('',(16.2,-5.8,8.));
#11341=CARTESIAN_POINT('',(18.,-4.8,7.5));
#11342=CARTESIAN_POINT('',(17.6,-4.4,7.9));
#11343=CARTESIAN_POINT('',(17.85,-4.4,7.9));
#11344=CARTESIAN_POINT('',(21.425,-4.3,8.));
#11345=CARTESIAN_POINT('',(18.8083333333333,-5.99166666666667,6.69166666666667));
#11346=CARTESIAN_POINT('',(17.6,-7.2,7.9));
#11347=CARTESIAN_POINT('',(17.6,-5.8,7.9));
#11348=CARTESIAN_POINT('',(17.6,-5.25,7.9));
#11349=CARTESIAN_POINT('',(17.6,-5.8,7.9));
#11350=CARTESIAN_POINT('',(17.5,-5.8,8.));
#11351=CARTESIAN_POINT('',(17.85,-7.2,7.9));
#11352=CARTESIAN_POINT('',(21.425,-7.3,8.));
#11353=CARTESIAN_POINT('',(25.85,-4.4,7.9));
#11354=CARTESIAN_POINT('',(26.1,-4.4,7.9));
#11355=CARTESIAN_POINT('',(25.7,-4.8,7.5));
#11356=CARTESIAN_POINT('',(21.425,-4.3,8.));
#11357=CARTESIAN_POINT('',(26.1,-5.85,7.9));
#11358=CARTESIAN_POINT('',(26.1,-5.85,7.9));
#11359=CARTESIAN_POINT('',(26.1,-7.2,7.9));
#11360=CARTESIAN_POINT('',(26.1,-5.85,7.9));
#11361=CARTESIAN_POINT('',(26.1,-7.3,7.9));
#11362=CARTESIAN_POINT('',(24.6083333333334,-5.80833333333334,6.40833333333334));
#11363=CARTESIAN_POINT('',(26.2,-5.8,8.));
#11364=CARTESIAN_POINT('',(25.85,-7.3,7.9));
#11365=CARTESIAN_POINT('',(21.425,-7.4,8.));
#11366=CARTESIAN_POINT('',(23.35,-6.4,5.8));
#11367=CARTESIAN_POINT('',(23.35,-6.4,5.8));
#11368=CARTESIAN_POINT('',(22.45,-6.4,5.8));
#11369=CARTESIAN_POINT('',(22.35,-6.4,5.8));
#11370=CARTESIAN_POINT('',(22.35,-6.4,5.8));
#11371=CARTESIAN_POINT('',(22.45,-6.4,5.8));
#11372=CARTESIAN_POINT('',(22.45,-6.4,5.8));
#11373=CARTESIAN_POINT('',(22.35,-5.2,5.8));
#11374=CARTESIAN_POINT('',(22.35,-5.2,5.8));
#11375=CARTESIAN_POINT('',(22.35,-5.8,5.8));
#11376=CARTESIAN_POINT('',(22.35,-5.8,5.8));
#11377=CARTESIAN_POINT('',(23.35,-5.2,5.8));
#11378=CARTESIAN_POINT('',(23.35,-5.2,5.8));
#11379=CARTESIAN_POINT('',(22.45,-5.2,5.8));
#11380=CARTESIAN_POINT('',(22.45,-5.2,5.8));
#11381=CARTESIAN_POINT('',(23.35,-5.8,5.8));
#11382=CARTESIAN_POINT('',(22.45,-5.8,5.8));
#11383=CARTESIAN_POINT('',(23.35,-5.8,5.8));
#11384=CARTESIAN_POINT('',(20.85,-6.4,5.8));
#11385=CARTESIAN_POINT('',(20.65,-6.4,5.8));
#11386=CARTESIAN_POINT('',(21.05,-6.4,5.8));
#11387=CARTESIAN_POINT('',(20.95,-6.4,5.7));
#11388=CARTESIAN_POINT('',(20.75,-6.4,5.7));
#11389=CARTESIAN_POINT('',(20.85,-6.4,5.8));
#11390=CARTESIAN_POINT('',(20.85,-5.2,5.8));
#11391=CARTESIAN_POINT('',(21.05,-5.2,5.8));
#11392=CARTESIAN_POINT('',(20.65,-5.2,5.8));
#11393=CARTESIAN_POINT('',(21.05,-6.4,5.8));
#11394=CARTESIAN_POINT('',(20.65,-5.2,5.8));
#11395=CARTESIAN_POINT('',(20.85,-5.8,5.8));
#11396=CARTESIAN_POINT('',(20.95,-5.2,5.7));
#11397=CARTESIAN_POINT('',(20.75,-5.2,5.7));
#11398=CARTESIAN_POINT('',(20.85,-5.2,5.8));
#11399=CARTESIAN_POINT('',(24.85,-6.4,5.8));
#11400=CARTESIAN_POINT('',(24.65,-6.4,5.8));
#11401=CARTESIAN_POINT('',(25.25,-6.4,5.8));
#11402=CARTESIAN_POINT('',(24.65,-5.2,5.8));
#11403=CARTESIAN_POINT('',(24.65,-5.2,5.8));
#11404=CARTESIAN_POINT('',(24.85,-5.2,5.8));
#11405=CARTESIAN_POINT('',(25.25,-5.2,5.8));
#11406=CARTESIAN_POINT('',(25.25,-5.8,5.8));
#11407=CARTESIAN_POINT('',(24.85,-5.8,5.8));
#11408=CARTESIAN_POINT('',(24.45,-5.2,6.));
#11409=CARTESIAN_POINT('',(25.25,-5.2,6.4));
#11410=CARTESIAN_POINT('',(24.85,-5.2,6.4));
#11411=CARTESIAN_POINT('',(24.45,-6.4,6.));
#11412=CARTESIAN_POINT('',(25.25,-6.4,6.4));
#11413=CARTESIAN_POINT('',(24.85,-6.4,6.4));
#11414=CARTESIAN_POINT('',(25.25,-5.8,6.4));
#11415=CARTESIAN_POINT('',(18.55,-5.8,6.4));
#11416=CARTESIAN_POINT('',(20.6716371282311,-8.98,11.2695652173913));
#11417=CARTESIAN_POINT('',(20.6716371282311,-8.98,11.2695652173913));
#11418=CARTESIAN_POINT('',(20.1945652173911,-8.98,11.2695652173913));
#11419=CARTESIAN_POINT('',(20.1945652173911,-8.98,11.2695652173913));
#11420=CARTESIAN_POINT('',(20.1945652173911,-8.98,11.2695652173913));
#11421=CARTESIAN_POINT('',(20.1945652173911,-8.98,11.2695652173913));
#11422=CARTESIAN_POINT('',(20.9228260869564,-8.98,11.1608695652174));
#11423=CARTESIAN_POINT('',(20.9228260869564,-8.98,11.1608695652174));
#11424=CARTESIAN_POINT('',(20.6716371282311,-8.98,11.2695652173913));
#11425=CARTESIAN_POINT('',(20.6703764069424,-8.98,11.2843771731403));
#11426=CARTESIAN_POINT('',(20.6713611974985,-8.98,11.3342088507213));
#11427=CARTESIAN_POINT('',(20.7125654058521,-8.98,11.4173396832002));
#11428=CARTESIAN_POINT('',(20.7888614601421,-8.98,11.4891415027486));
#11429=CARTESIAN_POINT('',(20.8813972681362,-8.98,11.5116023503627));
#11430=CARTESIAN_POINT('',(20.9382662923305,-8.98,11.5147924544886));
#11431=CARTESIAN_POINT('',(21.0023880289828,-8.98,11.5008493494646));
#11432=CARTESIAN_POINT('',(21.0704588784485,-8.98,11.4770250749774));
#11433=CARTESIAN_POINT('',(21.1085496652291,-8.98,11.407702302836));
#11434=CARTESIAN_POINT('',(21.1312265492493,-8.98,11.3404581535269));
#11435=CARTESIAN_POINT('',(21.122107539682,-8.98,11.2551901694802));
#11436=CARTESIAN_POINT('',(21.0336965320282,-8.98,11.1720889092273));
#11437=CARTESIAN_POINT('',(20.9641853729308,-8.98,11.1585353039115));
#11438=CARTESIAN_POINT('',(20.9228260869564,-8.98,11.1608695652174));
#11439=CARTESIAN_POINT('',(20.6716371282311,-8.98,11.2695652173913));
#11440=CARTESIAN_POINT('',(20.6703764069424,-8.98,11.2843771731403));
#11441=CARTESIAN_POINT('',(20.6713611974985,-8.98,11.3342088507213));
#11442=CARTESIAN_POINT('',(20.7125654058521,-8.98,11.4173396832002));
#11443=CARTESIAN_POINT('',(20.7888614601421,-8.98,11.4891415027486));
#11444=CARTESIAN_POINT('',(20.8813972681362,-8.98,11.5116023503627));
#11445=CARTESIAN_POINT('',(20.9382662923305,-8.98,11.5147924544886));
#11446=CARTESIAN_POINT('',(21.0023880289828,-8.98,11.5008493494646));
#11447=CARTESIAN_POINT('',(21.0704588784485,-8.98,11.4770250749774));
#11448=CARTESIAN_POINT('',(21.1085496652291,-8.98,11.407702302836));
#11449=CARTESIAN_POINT('',(21.1312265492493,-8.98,11.3404581535269));
#11450=CARTESIAN_POINT('',(21.122107539682,-8.98,11.2551901694802));
#11451=CARTESIAN_POINT('',(21.0336965320282,-8.98,11.1720889092273));
#11452=CARTESIAN_POINT('',(20.9641853729308,-8.98,11.1585353039115));
#11453=CARTESIAN_POINT('',(20.9228260869564,-8.98,11.1608695652174));
#11454=CARTESIAN_POINT('',(20.7489130434781,-8.98,11.1608695652174));
#11455=CARTESIAN_POINT('',(20.7489130434781,-8.98,11.1608695652174));
#11456=CARTESIAN_POINT('',(20.7489130434781,-8.98,11.1608695652174));
#11457=CARTESIAN_POINT('',(20.7489130434781,-8.98,11.1608695652174));
#11458=CARTESIAN_POINT('',(20.7489130434781,-8.98,10.7695652173913));
#11459=CARTESIAN_POINT('',(20.7489130434781,-8.98,10.7695652173913));
#11460=CARTESIAN_POINT('',(20.7489130434781,-8.98,10.7695652173913));
#11461=CARTESIAN_POINT('',(20.7489130434781,-8.98,10.7695652173913));
#11462=CARTESIAN_POINT('',(20.8152813010934,-8.98,10.7695652173913));
#11463=CARTESIAN_POINT('',(20.8152813010934,-8.98,10.7695652173913));
#11464=CARTESIAN_POINT('',(20.7489130434781,-8.98,10.7695652173913));
#11465=CARTESIAN_POINT('',(20.7489130434781,-8.98,10.7695652173913));
#11466=CARTESIAN_POINT('',(20.6184782608695,-8.98,10.704347826087));
#11467=CARTESIAN_POINT('',(20.6184782608695,-8.98,10.704347826087));
#11468=CARTESIAN_POINT('',(20.6184782608695,-8.98,10.704347826087));
#11469=CARTESIAN_POINT('',(20.6221014492753,-8.98,10.6717391304348));
#11470=CARTESIAN_POINT('',(20.6170131403863,-8.98,10.6404385825528));
#11471=CARTESIAN_POINT('',(20.6222622702678,-8.98,10.5750479701135));
#11472=CARTESIAN_POINT('',(20.6286983571279,-8.98,10.5355449169411));
#11473=CARTESIAN_POINT('',(20.6453455149269,-8.98,10.4676463030873));
#11474=CARTESIAN_POINT('',(20.6850629513276,-8.98,10.4037806638015));
#11475=CARTESIAN_POINT('',(20.7182860220114,-8.98,10.3714145281947));
#11476=CARTESIAN_POINT('',(20.7722657319701,-8.98,10.3436172914386));
#11477=CARTESIAN_POINT('',(20.8092334529134,-8.98,10.3404991845857));
#11478=CARTESIAN_POINT('',(20.8603520154605,-8.98,10.3295282463776));
#11479=CARTESIAN_POINT('',(20.8863514536102,-8.98,10.3306165335424));
#11480=CARTESIAN_POINT('',(20.9432093500236,-8.98,10.3398676032261));
#11481=CARTESIAN_POINT('',(20.9811024190501,-8.98,10.3476806494954));
#11482=CARTESIAN_POINT('',(21.0366777362013,-8.98,10.3861134477846));
#11483=CARTESIAN_POINT('',(21.0572451854034,-8.98,10.4163532377626));
#11484=CARTESIAN_POINT('',(21.0819500725024,-8.98,10.4859749160451));
#11485=CARTESIAN_POINT('',(21.0997315303418,-8.98,10.5341851280237));
#11486=CARTESIAN_POINT('',(21.0804311192794,-8.98,10.6316690292647));
#11487=CARTESIAN_POINT('',(21.0491279696185,-8.98,10.687744511695));
#11488=CARTESIAN_POINT('',(21.0250129972051,-8.98,10.7099544457218));
#11489=CARTESIAN_POINT('',(20.9667996102566,-8.98,10.7459364288117));
#11490=CARTESIAN_POINT('',(20.9113206422038,-8.98,10.7603084372275));
#11491=CARTESIAN_POINT('',(20.8371232554845,-8.98,10.7674599741878));
#11492=CARTESIAN_POINT('',(20.826202278289,-8.98,10.7685125957895));
#11493=CARTESIAN_POINT('',(20.8152813010934,-8.98,10.7695652173913));
#11494=CARTESIAN_POINT('',(20.6184782608695,-8.98,10.704347826087));
#11495=CARTESIAN_POINT('',(20.6221014492753,-8.98,10.6717391304348));
#11496=CARTESIAN_POINT('',(20.6170131403863,-8.98,10.6404385825528));
#11497=CARTESIAN_POINT('',(20.6222622702678,-8.98,10.5750479701135));
#11498=CARTESIAN_POINT('',(20.6286983571279,-8.98,10.5355449169411));
#11499=CARTESIAN_POINT('',(20.6453455149269,-8.98,10.4676463030873));
#11500=CARTESIAN_POINT('',(20.6850629513276,-8.98,10.4037806638015));
#11501=CARTESIAN_POINT('',(20.7182860220114,-8.98,10.3714145281947));
#11502=CARTESIAN_POINT('',(20.7722657319701,-8.98,10.3436172914386));
#11503=CARTESIAN_POINT('',(20.8092334529134,-8.98,10.3404991845857));
#11504=CARTESIAN_POINT('',(20.8603520154605,-8.98,10.3295282463776));
#11505=CARTESIAN_POINT('',(20.8863514536102,-8.98,10.3306165335424));
#11506=CARTESIAN_POINT('',(20.9432093500236,-8.98,10.3398676032261));
#11507=CARTESIAN_POINT('',(20.9811024190501,-8.98,10.3476806494954));
#11508=CARTESIAN_POINT('',(21.0366777362013,-8.98,10.3861134477846));
#11509=CARTESIAN_POINT('',(21.0572451854034,-8.98,10.4163532377626));
#11510=CARTESIAN_POINT('',(21.0819500725024,-8.98,10.4859749160451));
#11511=CARTESIAN_POINT('',(21.0997315303418,-8.98,10.5341851280237));
#11512=CARTESIAN_POINT('',(21.0804311192794,-8.98,10.6316690292647));
#11513=CARTESIAN_POINT('',(21.0491279696185,-8.98,10.687744511695));
#11514=CARTESIAN_POINT('',(21.0250129972051,-8.98,10.7099544457218));
#11515=CARTESIAN_POINT('',(20.9667996102566,-8.98,10.7459364288117));
#11516=CARTESIAN_POINT('',(20.9113206422038,-8.98,10.7603084372275));
#11517=CARTESIAN_POINT('',(20.8371232554845,-8.98,10.7674599741878));
#11518=CARTESIAN_POINT('',(20.826202278289,-8.98,10.7685125957895));
#11519=CARTESIAN_POINT('',(20.8152813010934,-8.98,10.7695652173913));
#11520=CARTESIAN_POINT('',(20.1293478260869,-8.98,10.704347826087));
#11521=CARTESIAN_POINT('',(20.1293478260869,-8.98,10.704347826087));
#11522=CARTESIAN_POINT('',(20.1293478260869,-8.98,10.704347826087));
#11523=CARTESIAN_POINT('',(20.1293478260869,-8.98,10.704347826087));
#11524=CARTESIAN_POINT('',(21.6184782608695,-8.98,10.34164368313));
#11525=CARTESIAN_POINT('',(21.6184782608695,-8.98,10.34164368313));
#11526=CARTESIAN_POINT('',(20.1293478260869,-8.98,10.704347826087));
#11527=CARTESIAN_POINT('',(20.1268064325795,-8.98,10.6607008853691));
#11528=CARTESIAN_POINT('',(20.126854917362,-8.98,10.5624419320731));
#11529=CARTESIAN_POINT('',(20.1471486063912,-8.98,10.407944011237));
#11530=CARTESIAN_POINT('',(20.1795803410141,-8.98,10.2986418281273));
#11531=CARTESIAN_POINT('',(20.2290176617573,-8.98,10.2014749995236));
#11532=CARTESIAN_POINT('',(20.2775555458212,-8.98,10.0992347144018));
#11533=CARTESIAN_POINT('',(20.3593084919284,-8.98,10.0312264824632));
#11534=CARTESIAN_POINT('',(20.4425808879659,-8.98,9.9646531655756));
#11535=CARTESIAN_POINT('',(20.5437205454325,-8.98,9.91593339666841));
#11536=CARTESIAN_POINT('',(20.6956596036689,-8.98,9.87383864384993));
#11537=CARTESIAN_POINT('',(20.853886580084,-8.98,9.86681559961817));
#11538=CARTESIAN_POINT('',(21.0146894478776,-8.98,9.86156738052838));
#11539=CARTESIAN_POINT('',(21.1864712392149,-8.98,9.8936217071684));
#11540=CARTESIAN_POINT('',(21.3471876043198,-8.98,9.96436406947356));
#11541=CARTESIAN_POINT('',(21.4908769347167,-8.98,10.1012742293102));
#11542=CARTESIAN_POINT('',(21.5633530197077,-8.98,10.2139951551964));
#11543=CARTESIAN_POINT('',(21.6039855072463,-8.98,10.3080841262607));
#11544=CARTESIAN_POINT('',(21.6112318840579,-8.98,10.3248639046954));
#11545=CARTESIAN_POINT('',(21.6184782608695,-8.98,10.34164368313));
#11546=CARTESIAN_POINT('',(20.1293478260869,-8.98,10.704347826087));
#11547=CARTESIAN_POINT('',(20.1268064325795,-8.98,10.6607008853691));
#11548=CARTESIAN_POINT('',(20.126854917362,-8.98,10.5624419320731));
#11549=CARTESIAN_POINT('',(20.1471486063912,-8.98,10.407944011237));
#11550=CARTESIAN_POINT('',(20.1795803410141,-8.98,10.2986418281273));
#11551=CARTESIAN_POINT('',(20.2290176617573,-8.98,10.2014749995236));
#11552=CARTESIAN_POINT('',(20.2775555458212,-8.98,10.0992347144018));
#11553=CARTESIAN_POINT('',(20.3593084919284,-8.98,10.0312264824632));
#11554=CARTESIAN_POINT('',(20.4425808879659,-8.98,9.9646531655756));
#11555=CARTESIAN_POINT('',(20.5437205454325,-8.98,9.91593339666841));
#11556=CARTESIAN_POINT('',(20.6956596036689,-8.98,9.87383864384993));
#11557=CARTESIAN_POINT('',(20.853886580084,-8.98,9.86681559961817));
#11558=CARTESIAN_POINT('',(21.0146894478776,-8.98,9.86156738052838));
#11559=CARTESIAN_POINT('',(21.1864712392149,-8.98,9.8936217071684));
#11560=CARTESIAN_POINT('',(21.3471876043198,-8.98,9.96436406947356));
#11561=CARTESIAN_POINT('',(21.4908769347167,-8.98,10.1012742293102));
#11562=CARTESIAN_POINT('',(21.5633530197077,-8.98,10.2139951551964));
#11563=CARTESIAN_POINT('',(21.6039855072463,-8.98,10.3080841262607));
#11564=CARTESIAN_POINT('',(21.6112318840579,-8.98,10.3248639046954));
#11565=CARTESIAN_POINT('',(21.6184782608695,-8.98,10.34164368313));
#11566=CARTESIAN_POINT('',(21.6184782608695,-8.98,9.9));
#11567=CARTESIAN_POINT('',(21.6184782608695,-8.98,9.9));
#11568=CARTESIAN_POINT('',(21.6184782608695,-8.98,9.9));
#11569=CARTESIAN_POINT('',(21.6184782608695,-8.98,9.9));
#11570=CARTESIAN_POINT('',(22.0967391304348,-8.98,9.9));
#11571=CARTESIAN_POINT('',(22.0967391304348,-8.98,9.9));
#11572=CARTESIAN_POINT('',(21.6184782608695,-8.98,9.9));
#11573=CARTESIAN_POINT('',(21.6184782608695,-8.98,9.9));
#11574=CARTESIAN_POINT('',(22.0967391304348,-8.98,11.2247282608696));
#11575=CARTESIAN_POINT('',(22.0967391304348,-8.98,11.2247282608696));
#11576=CARTESIAN_POINT('',(22.0967391304348,-8.98,9.9));
#11577=CARTESIAN_POINT('',(22.0967391304348,-8.98,9.9));
#11578=CARTESIAN_POINT('',(22.3684782608695,-8.98,9.9));
#11579=CARTESIAN_POINT('',(22.3684782608695,-8.98,9.9));
#11580=CARTESIAN_POINT('',(22.0967391304348,-8.98,11.2247282608696));
#11581=CARTESIAN_POINT('',(22.0967391304348,-8.98,11.2247282608696));
#11582=CARTESIAN_POINT('',(22.7923913043478,-8.98,9.9));
#11583=CARTESIAN_POINT('',(22.7923913043478,-8.98,9.9));
#11584=CARTESIAN_POINT('',(22.3684782608695,-8.98,9.9));
#11585=CARTESIAN_POINT('',(22.3684782608695,-8.98,9.9));
#11586=CARTESIAN_POINT('',(23.0749999999999,-8.98,11.2));
#11587=CARTESIAN_POINT('',(23.0749999999999,-8.98,11.2));
#11588=CARTESIAN_POINT('',(22.7923913043478,-8.98,9.9));
#11589=CARTESIAN_POINT('',(22.7923913043478,-8.98,9.9));
#11590=CARTESIAN_POINT('',(23.0749999999999,-8.98,9.9));
#11591=CARTESIAN_POINT('',(23.0749999999999,-8.98,9.9));
#11592=CARTESIAN_POINT('',(23.0749999999999,-8.98,9.9));
#11593=CARTESIAN_POINT('',(23.0749999999999,-8.98,9.9));
#11594=CARTESIAN_POINT('',(23.575,-8.98,9.9));
#11595=CARTESIAN_POINT('',(23.575,-8.98,9.9));
#11596=CARTESIAN_POINT('',(23.575,-8.98,9.9));
#11597=CARTESIAN_POINT('',(23.575,-8.98,9.9));
#11598=CARTESIAN_POINT('',(23.575,-8.98,11.9));
#11599=CARTESIAN_POINT('',(23.575,-8.98,11.9));
#11600=CARTESIAN_POINT('',(23.575,-8.98,9.9));
#11601=CARTESIAN_POINT('',(23.575,-8.98,9.9));
#11602=CARTESIAN_POINT('',(22.8467391304348,-8.98,11.9));
#11603=CARTESIAN_POINT('',(22.8467391304348,-8.98,11.9));
#11604=CARTESIAN_POINT('',(23.575,-8.98,11.9));
#11605=CARTESIAN_POINT('',(23.575,-8.98,11.9));
#11606=CARTESIAN_POINT('',(22.5858695652174,-8.98,10.7369565217391));
#11607=CARTESIAN_POINT('',(22.5858695652174,-8.98,10.7369565217391));
#11608=CARTESIAN_POINT('',(22.5858695652174,-8.98,10.7369565217391));
#11609=CARTESIAN_POINT('',(22.5858695652174,-8.98,10.7369565217391));
#11610=CARTESIAN_POINT('',(22.3358695652173,-8.98,11.9));
#11611=CARTESIAN_POINT('',(22.3358695652173,-8.98,11.9));
#11612=CARTESIAN_POINT('',(22.3358695652173,-8.98,11.9));
#11613=CARTESIAN_POINT('',(22.3358695652173,-8.98,11.9));
#11614=CARTESIAN_POINT('',(21.6184782608695,-8.98,11.9));
#11615=CARTESIAN_POINT('',(21.6184782608695,-8.98,11.9));
#11616=CARTESIAN_POINT('',(21.6184782608695,-8.98,11.9));
#11617=CARTESIAN_POINT('',(21.6184782608695,-8.98,11.9));
#11618=CARTESIAN_POINT('',(21.6184782608695,-8.98,11.4419948263671));
#11619=CARTESIAN_POINT('',(21.6184782608695,-8.98,11.4419948263671));
#11620=CARTESIAN_POINT('',(21.6184782608695,-8.98,11.9));
#11621=CARTESIAN_POINT('',(21.6184782608695,-8.98,11.9));
#11622=CARTESIAN_POINT('',(21.3807017410421,-8.98,10.9740573552078));
#11623=CARTESIAN_POINT('',(21.3807017410421,-8.98,10.9740573552078));
#11624=CARTESIAN_POINT('',(21.3807017410421,-8.9,10.9740573552078));
#11625=CARTESIAN_POINT('',(21.3807017410429,-8.98,10.9740573551567));
#11626=CARTESIAN_POINT('',(21.4178538565207,-8.98,10.9590148847839));
#11627=CARTESIAN_POINT('',(21.4529443510613,-8.98,10.9417932620179));
#11628=CARTESIAN_POINT('',(21.5009107240448,-8.98,10.902092835073));
#11629=CARTESIAN_POINT('',(21.523749352267,-8.98,10.8808627956302));
#11630=CARTESIAN_POINT('',(21.565010547631,-8.98,10.8269874781072));
#11631=CARTESIAN_POINT('',(21.5840213503103,-8.98,10.8005535160665));
#11632=CARTESIAN_POINT('',(21.6071097145797,-8.98,10.7488186067631));
#11633=CARTESIAN_POINT('',(21.6134094304886,-8.98,10.7307962584265));
#11634=CARTESIAN_POINT('',(21.6184782608695,-8.98,10.7119630872972));
#11635=CARTESIAN_POINT('',(21.6184782608695,-8.98,10.7119630872972));
#11636=CARTESIAN_POINT('',(21.6184782608695,-8.98,10.7119630872972));
#11637=CARTESIAN_POINT('',(21.6184782608695,-8.9,10.7119630872972));
#11638=CARTESIAN_POINT('',(21.3807017410429,-8.9,10.9740573551567));
#11639=CARTESIAN_POINT('',(21.4178538565207,-8.9,10.9590148847839));
#11640=CARTESIAN_POINT('',(21.4529443510613,-8.9,10.9417932620179));
#11641=CARTESIAN_POINT('',(21.5009107240448,-8.9,10.902092835073));
#11642=CARTESIAN_POINT('',(21.523749352267,-8.9,10.8808627956302));
#11643=CARTESIAN_POINT('',(21.565010547631,-8.9,10.8269874781072));
#11644=CARTESIAN_POINT('',(21.5840213503103,-8.9,10.8005535160665));
#11645=CARTESIAN_POINT('',(21.6071097145797,-8.9,10.7488186067631));
#11646=CARTESIAN_POINT('',(21.6134094304886,-8.9,10.7307962584265));
#11647=CARTESIAN_POINT('',(21.6184782608695,-8.9,10.7119630872972));
#11648=CARTESIAN_POINT('',(21.3807017410429,-8.98,10.9740573551567));
#11649=CARTESIAN_POINT('',(21.4178538565207,-8.98,10.9590148847839));
#11650=CARTESIAN_POINT('',(21.4529443510613,-8.98,10.9417932620179));
#11651=CARTESIAN_POINT('',(21.5009107240448,-8.98,10.902092835073));
#11652=CARTESIAN_POINT('',(21.523749352267,-8.98,10.8808627956302));
#11653=CARTESIAN_POINT('',(21.565010547631,-8.98,10.8269874781072));
#11654=CARTESIAN_POINT('',(21.5840213503103,-8.98,10.8005535160665));
#11655=CARTESIAN_POINT('',(21.6071097145797,-8.98,10.7488186067631));
#11656=CARTESIAN_POINT('',(21.6134094304886,-8.98,10.7307962584265));
#11657=CARTESIAN_POINT('',(21.6184782608695,-8.98,10.7119630872972));
#11658=CARTESIAN_POINT('',(21.6184782608695,-8.98,11.2512911827284));
#11659=CARTESIAN_POINT('',(21.6184782608695,-8.98,11.2512911827284));
#11660=CARTESIAN_POINT('',(21.6184782608695,-8.9,11.2512911827284));
#11661=CARTESIAN_POINT('',(21.3807017410421,-8.98,10.9740573552078));
#11662=CARTESIAN_POINT('',(21.4104214748099,-8.98,10.9786514605043));
#11663=CARTESIAN_POINT('',(21.4430743772637,-8.98,10.9962146625173));
#11664=CARTESIAN_POINT('',(21.5024081035142,-8.98,11.0492573604352));
#11665=CARTESIAN_POINT('',(21.543674169849,-8.98,11.0992246028048));
#11666=CARTESIAN_POINT('',(21.5844820634037,-8.98,11.157148612248));
#11667=CARTESIAN_POINT('',(21.6046062060609,-8.98,11.1973868246508));
#11668=CARTESIAN_POINT('',(21.616294251215,-8.98,11.2418093228466));
#11669=CARTESIAN_POINT('',(21.6184782608694,-8.98,11.2512911827285));
#11670=CARTESIAN_POINT('',(21.3807017410421,-8.9,10.9740573552078));
#11671=CARTESIAN_POINT('',(21.4104214748099,-8.9,10.9786514605043));
#11672=CARTESIAN_POINT('',(21.4430743772637,-8.9,10.9962146625173));
#11673=CARTESIAN_POINT('',(21.5024081035142,-8.9,11.0492573604352));
#11674=CARTESIAN_POINT('',(21.543674169849,-8.9,11.0992246028048));
#11675=CARTESIAN_POINT('',(21.5844820634037,-8.9,11.157148612248));
#11676=CARTESIAN_POINT('',(21.6046062060609,-8.9,11.1973868246508));
#11677=CARTESIAN_POINT('',(21.616294251215,-8.9,11.2418093228466));
#11678=CARTESIAN_POINT('',(21.6184782608694,-8.9,11.2512911827285));
#11679=CARTESIAN_POINT('',(21.3807017410421,-8.98,10.9740573552078));
#11680=CARTESIAN_POINT('',(21.4104214748099,-8.98,10.9786514605043));
#11681=CARTESIAN_POINT('',(21.4430743772637,-8.98,10.9962146625173));
#11682=CARTESIAN_POINT('',(21.5024081035142,-8.98,11.0492573604352));
#11683=CARTESIAN_POINT('',(21.543674169849,-8.98,11.0992246028048));
#11684=CARTESIAN_POINT('',(21.5844820634037,-8.98,11.157148612248));
#11685=CARTESIAN_POINT('',(21.6046062060609,-8.98,11.1973868246508));
#11686=CARTESIAN_POINT('',(21.616294251215,-8.98,11.2418093228466));
#11687=CARTESIAN_POINT('',(21.6184782608694,-8.98,11.2512911827285));
#11688=CARTESIAN_POINT('',(21.6184782608695,-8.98,11.2512911827284));
#11689=CARTESIAN_POINT('',(21.6184782608695,-8.9,11.2512911827284));
#11690=CARTESIAN_POINT('',(21.6184782608695,-8.98,11.2512911827284));
#11691=CARTESIAN_POINT('',(20.1945652173911,-8.98,11.2695652173913));
#11692=CARTESIAN_POINT('',(20.1918041947573,-8.98,11.2988906220564));
#11693=CARTESIAN_POINT('',(20.1914579849574,-8.98,11.3278685450356));
#11694=CARTESIAN_POINT('',(20.1993695102141,-8.98,11.4008242937921));
#11695=CARTESIAN_POINT('',(20.2198789933207,-8.98,11.5029464544144));
#11696=CARTESIAN_POINT('',(20.2600260667774,-8.98,11.5754967317585));
#11697=CARTESIAN_POINT('',(20.3053690464746,-8.98,11.6638691596199));
#11698=CARTESIAN_POINT('',(20.3613095200037,-8.98,11.7492614308426));
#11699=CARTESIAN_POINT('',(20.4730885164249,-8.98,11.8513897354512));
#11700=CARTESIAN_POINT('',(20.6225432067944,-8.98,11.9242414133924));
#11701=CARTESIAN_POINT('',(20.794340234427,-8.98,11.9563554955512));
#11702=CARTESIAN_POINT('',(20.9849804412585,-8.98,11.9723487552404));
#11703=CARTESIAN_POINT('',(21.1620838039527,-8.98,11.9452255256297));
#11704=CARTESIAN_POINT('',(21.3141618005768,-8.98,11.8723977596476));
#11705=CARTESIAN_POINT('',(21.4327817470558,-8.98,11.7882639514058));
#11706=CARTESIAN_POINT('',(21.5440145729478,-8.98,11.6642391572576));
#11707=CARTESIAN_POINT('',(21.5900605031578,-8.98,11.5595441983829));
#11708=CARTESIAN_POINT('',(21.6112318840579,-8.98,11.4719692899485));
#11709=CARTESIAN_POINT('',(21.6148550724636,-8.98,11.4569820581578));
#11710=CARTESIAN_POINT('',(21.6184782608695,-8.98,11.4419948263671));
#11711=CARTESIAN_POINT('',(20.1945652173911,-8.98,11.2695652173913));
#11712=CARTESIAN_POINT('',(20.1918041947573,-8.98,11.2988906220564));
#11713=CARTESIAN_POINT('',(20.1914579849574,-8.98,11.3278685450356));
#11714=CARTESIAN_POINT('',(20.1993695102141,-8.98,11.4008242937921));
#11715=CARTESIAN_POINT('',(20.2198789933207,-8.98,11.5029464544144));
#11716=CARTESIAN_POINT('',(20.2600260667774,-8.98,11.5754967317585));
#11717=CARTESIAN_POINT('',(20.3053690464746,-8.98,11.6638691596199));
#11718=CARTESIAN_POINT('',(20.3613095200037,-8.98,11.7492614308426));
#11719=CARTESIAN_POINT('',(20.4730885164249,-8.98,11.8513897354512));
#11720=CARTESIAN_POINT('',(20.6225432067944,-8.98,11.9242414133924));
#11721=CARTESIAN_POINT('',(20.794340234427,-8.98,11.9563554955512));
#11722=CARTESIAN_POINT('',(20.9849804412585,-8.98,11.9723487552404));
#11723=CARTESIAN_POINT('',(21.1620838039527,-8.98,11.9452255256297));
#11724=CARTESIAN_POINT('',(21.3141618005768,-8.98,11.8723977596476));
#11725=CARTESIAN_POINT('',(21.4327817470558,-8.98,11.7882639514058));
#11726=CARTESIAN_POINT('',(21.5440145729478,-8.98,11.6642391572576));
#11727=CARTESIAN_POINT('',(21.5900605031578,-8.98,11.5595441983829));
#11728=CARTESIAN_POINT('',(21.6112318840579,-8.98,11.4719692899485));
#11729=CARTESIAN_POINT('',(21.6148550724636,-8.98,11.4569820581578));
#11730=CARTESIAN_POINT('',(21.6184782608695,-8.98,11.4419948263671));
#11731=CARTESIAN_POINT('',(21.0197618022256,-8.98,11.4921089170737));
#11732=CARTESIAN_POINT('',(21.85,-8.9,9.9));
#11733=CARTESIAN_POINT('',(19.8984216205992,-8.98,9.1));
#11734=CARTESIAN_POINT('',(19.8984216205992,-8.98,9.1));
#11735=CARTESIAN_POINT('',(19.8456177748091,-8.98,9.1));
#11736=CARTESIAN_POINT('',(19.8456177748091,-8.98,9.1));
#11737=CARTESIAN_POINT('',(19.8456177748091,-8.98,9.1));
#11738=CARTESIAN_POINT('',(19.8456177748091,-8.98,9.1));
#11739=CARTESIAN_POINT('',(19.8986537845423,-8.98,8.15446314070048));
#11740=CARTESIAN_POINT('',(19.8986537845423,-8.98,8.15446314070048));
#11741=CARTESIAN_POINT('',(19.8984216205992,-8.98,9.1));
#11742=CARTESIAN_POINT('',(19.8984216205992,-8.98,9.1));
#11743=CARTESIAN_POINT('',(19.9928444283841,-8.98,8.15446314070048));
#11744=CARTESIAN_POINT('',(19.9928444283841,-8.98,8.15446314070048));
#11745=CARTESIAN_POINT('',(19.9928444283841,-8.98,8.15446314070048));
#11746=CARTESIAN_POINT('',(19.9928444283841,-8.98,8.15446314070048));
#11747=CARTESIAN_POINT('',(19.9928444283841,-8.98,8.1));
#11748=CARTESIAN_POINT('',(19.9928444283841,-8.98,8.1));
#11749=CARTESIAN_POINT('',(19.9928444283841,-8.98,8.1));
#11750=CARTESIAN_POINT('',(19.9928444283841,-8.98,8.1));
#11751=CARTESIAN_POINT('',(19.75,-8.98,8.1));
#11752=CARTESIAN_POINT('',(19.75,-8.98,8.1));
#11753=CARTESIAN_POINT('',(19.75,-8.98,8.1));
#11754=CARTESIAN_POINT('',(19.75,-8.98,8.1));
#11755=CARTESIAN_POINT('',(19.75,-8.98,8.15446314070048));
#11756=CARTESIAN_POINT('',(19.75,-8.98,8.15446314070048));
#11757=CARTESIAN_POINT('',(19.75,-8.98,8.15446314070048));
#11758=CARTESIAN_POINT('',(19.75,-8.98,8.15446314070048));
#11759=CARTESIAN_POINT('',(19.8441906438418,-8.98,8.15446314070048));
#11760=CARTESIAN_POINT('',(19.8441906438418,-8.98,8.15446314070048));
#11761=CARTESIAN_POINT('',(19.8441906438418,-8.98,8.15446314070048));
#11762=CARTESIAN_POINT('',(19.8441906438418,-8.98,8.15446314070048));
#11763=CARTESIAN_POINT('',(19.8441906438418,-8.98,8.99462390423467));
#11764=CARTESIAN_POINT('',(19.8441906438418,-8.98,8.99462390423467));
#11765=CARTESIAN_POINT('',(19.8441906438418,-8.98,8.99462390423467));
#11766=CARTESIAN_POINT('',(19.8441906438418,-8.98,8.99462390423467));
#11767=CARTESIAN_POINT('',(19.7714069645095,-8.98,8.99462390423467));
#11768=CARTESIAN_POINT('',(19.7714069645095,-8.98,8.99462390423467));
#11769=CARTESIAN_POINT('',(19.7714069645095,-8.98,8.99462390423467));
#11770=CARTESIAN_POINT('',(19.7714069645095,-8.98,8.99462390423467));
#11771=CARTESIAN_POINT('',(19.7714069645095,-8.98,9.02737593399955));
#11772=CARTESIAN_POINT('',(19.7714069645095,-8.98,9.02737593399955));
#11773=CARTESIAN_POINT('',(19.7714069645095,-8.98,9.02737593399955));
#11774=CARTESIAN_POINT('',(19.7714069645095,-8.98,9.02737593399955));
#11775=CARTESIAN_POINT('',(19.8456177748091,-8.98,9.1));
#11776=CARTESIAN_POINT('',(19.8456177748091,-8.98,9.1));
#11777=CARTESIAN_POINT('',(19.9928444283841,-8.98,9.1));
#11778=CARTESIAN_POINT('',(21.6804630724915,-8.98,9.10000000000006));
#11779=CARTESIAN_POINT('',(21.6804630724915,-8.98,9.10000000000006));
#11780=CARTESIAN_POINT('',(22.0213809858847,-8.98,9.10000000000006));
#11781=CARTESIAN_POINT('',(22.0213809858847,-8.98,9.10000000000006));
#11782=CARTESIAN_POINT('',(22.0213809858847,-8.98,9.10000000000006));
#11783=CARTESIAN_POINT('',(22.0213809858847,-8.98,9.10000000000006));
#11784=CARTESIAN_POINT('',(21.4489485727829,-8.98,8.99186916097043));
#11785=CARTESIAN_POINT('',(21.4489485727829,-8.98,8.99186916097043));
#11786=CARTESIAN_POINT('',(21.6804630724915,-8.98,9.10000000000006));
#11787=CARTESIAN_POINT('',(21.6804630724915,-8.98,9.10000000000006));
#11788=CARTESIAN_POINT('',(21.4704856513051,-8.98,8.94121451905151));
#11789=CARTESIAN_POINT('',(21.4704856513051,-8.98,8.94121451905151));
#11790=CARTESIAN_POINT('',(21.4704856513051,-8.98,8.94121451905151));
#11791=CARTESIAN_POINT('',(21.4704856513051,-8.98,8.94121451905151));
#11792=CARTESIAN_POINT('',(21.6926761769986,-8.98,9.04499051579436));
#11793=CARTESIAN_POINT('',(21.6926761769986,-8.98,9.04499051579436));
#11794=CARTESIAN_POINT('',(21.6926761769986,-8.98,9.04499051579436));
#11795=CARTESIAN_POINT('',(21.6926761769986,-8.98,9.04499051579436));
#11796=CARTESIAN_POINT('',(22.0094158625616,-8.98,9.04499051579436));
#11797=CARTESIAN_POINT('',(22.0094158625616,-8.98,9.04499051579436));
#11798=CARTESIAN_POINT('',(22.0094158625616,-8.98,9.04499051579436));
#11799=CARTESIAN_POINT('',(22.0094158625616,-8.98,9.04499051579436));
#11800=CARTESIAN_POINT('',(22.1953625436385,-8.98,8.96008288209564));
#11801=CARTESIAN_POINT('',(22.1953625436385,-8.98,8.96008288209564));
#11802=CARTESIAN_POINT('',(22.1953625436385,-8.98,8.96008288209564));
#11803=CARTESIAN_POINT('',(22.1953625436385,-8.98,8.96008288209564));
#11804=CARTESIAN_POINT('',(22.1953625436385,-8.98,8.72894543480485));
#11805=CARTESIAN_POINT('',(22.1953625436385,-8.98,8.72894543480485));
#11806=CARTESIAN_POINT('',(22.1953625436385,-8.98,8.72894543480485));
#11807=CARTESIAN_POINT('',(22.1953625436385,-8.98,8.72894543480485));
#11808=CARTESIAN_POINT('',(21.45,-8.98,8.33899926522586));
#11809=CARTESIAN_POINT('',(21.45,-8.98,8.33899926522586));
#11810=CARTESIAN_POINT('',(21.45,-8.98,8.33899926522586));
#11811=CARTESIAN_POINT('',(21.45,-8.98,8.33899926522586));
#11812=CARTESIAN_POINT('',(21.45,-8.98,8.1));
#11813=CARTESIAN_POINT('',(21.45,-8.98,8.1));
#11814=CARTESIAN_POINT('',(21.45,-8.98,8.1));
#11815=CARTESIAN_POINT('',(21.45,-8.98,8.1));
#11816=CARTESIAN_POINT('',(22.2473645815667,-8.98,8.1));
#11817=CARTESIAN_POINT('',(22.2473645815667,-8.98,8.1));
#11818=CARTESIAN_POINT('',(22.2473645815667,-8.98,8.1));
#11819=CARTESIAN_POINT('',(22.2473645815667,-8.98,8.1));
#11820=CARTESIAN_POINT('',(22.2473645815667,-8.98,8.15500948420576));
#11821=CARTESIAN_POINT('',(22.2473645815667,-8.98,8.15500948420576));
#11822=CARTESIAN_POINT('',(22.2473645815667,-8.98,8.15500948420576));
#11823=CARTESIAN_POINT('',(22.2473645815667,-8.98,8.15500948420576));
#11824=CARTESIAN_POINT('',(21.5050094842057,-8.98,8.15500948420576));
#11825=CARTESIAN_POINT('',(21.5050094842057,-8.98,8.15500948420576));
#11826=CARTESIAN_POINT('',(22.2473645815667,-8.98,8.15500948420576));
#11827=CARTESIAN_POINT('',(22.2473645815667,-8.98,8.15500948420576));
#11828=CARTESIAN_POINT('',(21.5050094842057,-8.98,8.30569542742101));
#11829=CARTESIAN_POINT('',(21.5050094842057,-8.98,8.30569542742101));
#11830=CARTESIAN_POINT('',(21.5050094842057,-8.98,8.15500948420576));
#11831=CARTESIAN_POINT('',(21.5050094842057,-8.98,8.15500948420576));
#11832=CARTESIAN_POINT('',(22.2503720278442,-8.98,8.695641597));
#11833=CARTESIAN_POINT('',(22.2503720278442,-8.98,8.695641597));
#11834=CARTESIAN_POINT('',(21.5050094842057,-8.98,8.30569542742101));
#11835=CARTESIAN_POINT('',(21.5050094842057,-8.98,8.30569542742101));
#11836=CARTESIAN_POINT('',(22.2503720278442,-8.98,8.99543729741041));
#11837=CARTESIAN_POINT('',(22.2503720278442,-8.98,8.99543729741041));
#11838=CARTESIAN_POINT('',(22.2503720278442,-8.98,8.695641597));
#11839=CARTESIAN_POINT('',(22.2503720278442,-8.98,8.695641597));
#11840=CARTESIAN_POINT('',(22.2503720278442,-8.98,8.99543729741041));
#11841=CARTESIAN_POINT('',(22.2503720278442,-8.98,8.99543729741041));
#11842=CARTESIAN_POINT('',(22.1953625436385,-8.98,9.10000000000006));
#11843=CARTESIAN_POINT('',(23.9877816533038,-8.98,9.09999999999994));
#11844=CARTESIAN_POINT('',(23.9877816533038,-8.98,9.09999999999994));
#11845=CARTESIAN_POINT('',(23.6516019161852,-8.98,9.09999999999994));
#11846=CARTESIAN_POINT('',(23.6516019161852,-8.98,9.09999999999994));
#11847=CARTESIAN_POINT('',(23.6516019161852,-8.98,9.09999999999994));
#11848=CARTESIAN_POINT('',(23.6516019161852,-8.98,9.09999999999994));
#11849=CARTESIAN_POINT('',(24.2176676177925,-8.98,8.9968077670113));
#11850=CARTESIAN_POINT('',(24.2176676177925,-8.98,8.9968077670113));
#11851=CARTESIAN_POINT('',(23.9877816533038,-8.98,9.09999999999994));
#11852=CARTESIAN_POINT('',(23.9877816533038,-8.98,9.09999999999994));
#11853=CARTESIAN_POINT('',(24.2176676177925,-8.98,8.70251817722258));
#11854=CARTESIAN_POINT('',(24.2176676177925,-8.98,8.70251817722258));
#11855=CARTESIAN_POINT('',(24.2176676177925,-8.98,8.9968077670113));
#11856=CARTESIAN_POINT('',(24.2176676177925,-8.98,8.9968077670113));
#11857=CARTESIAN_POINT('',(24.0324911524066,-8.98,8.60388135961453));
#11858=CARTESIAN_POINT('',(24.0324911524066,-8.98,8.60388135961453));
#11859=CARTESIAN_POINT('',(24.2176676177925,-8.98,8.70251817722258));
#11860=CARTESIAN_POINT('',(24.2176676177925,-8.98,8.70251817722258));
#11861=CARTESIAN_POINT('',(24.2176676177925,-8.98,8.50801271826723));
#11862=CARTESIAN_POINT('',(24.2176676177925,-8.98,8.50801271826723));
#11863=CARTESIAN_POINT('',(24.0324911524066,-8.98,8.60388135961453));
#11864=CARTESIAN_POINT('',(24.0324911524066,-8.98,8.60388135961453));
#11865=CARTESIAN_POINT('',(24.2176676177925,-8.98,8.21154563785243));
#11866=CARTESIAN_POINT('',(24.2176676177925,-8.98,8.21154563785243));
#11867=CARTESIAN_POINT('',(24.2176676177925,-8.98,8.50801271826723));
#11868=CARTESIAN_POINT('',(24.2176676177925,-8.98,8.50801271826723));
#11869=CARTESIAN_POINT('',(23.9886767996672,-8.98,8.09999999999995));
#11870=CARTESIAN_POINT('',(23.9886767996672,-8.98,8.09999999999995));
#11871=CARTESIAN_POINT('',(24.2176676177925,-8.98,8.21154563785243));
#11872=CARTESIAN_POINT('',(24.2176676177925,-8.98,8.21154563785243));
#11873=CARTESIAN_POINT('',(23.65,-8.98,8.1));
#11874=CARTESIAN_POINT('',(23.65,-8.98,8.1));
#11875=CARTESIAN_POINT('',(23.9886767996672,-8.98,8.09999999999995));
#11876=CARTESIAN_POINT('',(23.9886767996672,-8.98,8.09999999999995));
#11877=CARTESIAN_POINT('',(23.4223082866259,-8.98,8.2081868521149));
#11878=CARTESIAN_POINT('',(23.4223082866259,-8.98,8.2081868521149));
#11879=CARTESIAN_POINT('',(23.65,-8.98,8.1));
#11880=CARTESIAN_POINT('',(23.65,-8.98,8.1));
#11881=CARTESIAN_POINT('',(23.4456511199668,-8.98,8.25731453828477));
#11882=CARTESIAN_POINT('',(23.4456511199668,-8.98,8.25731453828477));
#11883=CARTESIAN_POINT('',(23.4456511199668,-8.98,8.25731453828477));
#11884=CARTESIAN_POINT('',(23.4456511199668,-8.98,8.25731453828477));
#11885=CARTESIAN_POINT('',(23.6622648752209,-8.98,8.1543913358614));
#11886=CARTESIAN_POINT('',(23.6622648752209,-8.98,8.1543913358614));
#11887=CARTESIAN_POINT('',(23.6622648752209,-8.98,8.1543913358614));
#11888=CARTESIAN_POINT('',(23.6622648752209,-8.98,8.1543913358614));
#11889=CARTESIAN_POINT('',(23.9761337858953,-8.98,8.1543913358614));
#11890=CARTESIAN_POINT('',(23.9761337858953,-8.98,8.1543913358614));
#11891=CARTESIAN_POINT('',(23.9761337858953,-8.98,8.1543913358614));
#11892=CARTESIAN_POINT('',(23.9761337858953,-8.98,8.1543913358614));
#11893=CARTESIAN_POINT('',(24.1632762819312,-8.98,8.2455518865792));
#11894=CARTESIAN_POINT('',(24.1632762819312,-8.98,8.2455518865792));
#11895=CARTESIAN_POINT('',(24.1632762819312,-8.98,8.2455518865792));
#11896=CARTESIAN_POINT('',(24.1632762819312,-8.98,8.2455518865792));
#11897=CARTESIAN_POINT('',(24.1632762819312,-8.98,8.47492359483702));
#11898=CARTESIAN_POINT('',(24.1632762819312,-8.98,8.47492359483702));
#11899=CARTESIAN_POINT('',(24.1632762819312,-8.98,8.47492359483702));
#11900=CARTESIAN_POINT('',(24.1632762819312,-8.98,8.47492359483702));
#11901=CARTESIAN_POINT('',(23.9672924081298,-8.98,8.57638739407381));
#11902=CARTESIAN_POINT('',(23.9672924081298,-8.98,8.57638739407381));
#11903=CARTESIAN_POINT('',(23.9672924081298,-8.98,8.57638739407381));
#11904=CARTESIAN_POINT('',(23.9672924081298,-8.98,8.57638739407381));
#11905=CARTESIAN_POINT('',(23.7889912898594,-8.98,8.57638739407381));
#11906=CARTESIAN_POINT('',(23.7889912898594,-8.98,8.57638739407381));
#11907=CARTESIAN_POINT('',(23.9672924081298,-8.98,8.57638739407381));
#11908=CARTESIAN_POINT('',(23.9672924081298,-8.98,8.57638739407381));
#11909=CARTESIAN_POINT('',(23.7889912898594,-8.98,8.63077872993527));
#11910=CARTESIAN_POINT('',(23.7889912898594,-8.98,8.63077872993527));
#11911=CARTESIAN_POINT('',(23.7889912898594,-8.98,8.63077872993527));
#11912=CARTESIAN_POINT('',(23.7889912898594,-8.98,8.63077872993527));
#11913=CARTESIAN_POINT('',(23.9672924081298,-8.98,8.63077872993527));
#11914=CARTESIAN_POINT('',(23.9672924081298,-8.98,8.63077872993527));
#11915=CARTESIAN_POINT('',(23.9672924081298,-8.98,8.63077872993527));
#11916=CARTESIAN_POINT('',(23.9672924081298,-8.98,8.63077872993527));
#11917=CARTESIAN_POINT('',(24.1632762819312,-8.98,8.7351722638218));
#11918=CARTESIAN_POINT('',(24.1632762819312,-8.98,8.7351722638218));
#11919=CARTESIAN_POINT('',(24.1632762819312,-8.98,8.7351722638218));
#11920=CARTESIAN_POINT('',(24.1632762819312,-8.98,8.7351722638218));
#11921=CARTESIAN_POINT('',(24.1632762819312,-8.98,8.96160330915328));
#11922=CARTESIAN_POINT('',(24.1632762819312,-8.98,8.96160330915328));
#11923=CARTESIAN_POINT('',(24.1632762819312,-8.98,8.96160330915328));
#11924=CARTESIAN_POINT('',(24.1632762819312,-8.98,8.96160330915328));
#11925=CARTESIAN_POINT('',(23.9761337858953,-8.98,9.04560866413849));
#11926=CARTESIAN_POINT('',(23.9761337858953,-8.98,9.04560866413849));
#11927=CARTESIAN_POINT('',(23.9761337858953,-8.98,9.04560866413849));
#11928=CARTESIAN_POINT('',(23.9761337858953,-8.98,9.04560866413849));
#11929=CARTESIAN_POINT('',(23.6638787013896,-8.98,9.04560866413849));
#11930=CARTESIAN_POINT('',(23.6638787013896,-8.98,9.04560866413849));
#11931=CARTESIAN_POINT('',(23.6638787013896,-8.98,9.04560866413849));
#11932=CARTESIAN_POINT('',(23.6638787013896,-8.98,9.04560866413849));
#11933=CARTESIAN_POINT('',(23.4460172689326,-8.98,8.94198132507413));
#11934=CARTESIAN_POINT('',(23.4460172689326,-8.98,8.94198132507413));
#11935=CARTESIAN_POINT('',(23.4460172689326,-8.98,8.94198132507413));
#11936=CARTESIAN_POINT('',(23.4460172689326,-8.98,8.94198132507413));
#11937=CARTESIAN_POINT('',(23.4226539647946,-8.98,8.99109927939376));
#11938=CARTESIAN_POINT('',(23.4226539647946,-8.98,8.99109927939376));
#11939=CARTESIAN_POINT('',(23.4460172689326,-8.98,8.94198132507413));
#11940=CARTESIAN_POINT('',(23.4460172689326,-8.98,8.94198132507413));
#11941=CARTESIAN_POINT('',(23.4226539647946,-8.98,8.99109927939376));
#11942=CARTESIAN_POINT('',(23.4226539647946,-8.98,8.99109927939376));
#11943=CARTESIAN_POINT('',(24.2176676177925,-8.98,9.09999999999994));
#11944=CARTESIAN_POINT('',(24.45,-5.8,6.));
#11945=CARTESIAN_POINT('',(21.25,-5.8,6.));
#11946=CARTESIAN_POINT('',(20.45,-5.8,6.));
#11947=CARTESIAN_POINT('',(20.070741672275,-3.35517413284178,6.32));
#11948=CARTESIAN_POINT('',(20.070741672275,-3.35517413284178,6.32));
#11949=CARTESIAN_POINT('',(20.5893595871211,-3.86069349740435,6.32));
#11950=CARTESIAN_POINT('',(20.5893595871211,-3.86069349740435,6.32));
#11951=CARTESIAN_POINT('',(20.5893595871211,-3.86069349740435,6.32));
#11952=CARTESIAN_POINT('',(20.5893595871211,-3.86069349740435,6.32));
#11953=CARTESIAN_POINT('',(19.9991090411934,-3.35517413284178,6.32));
#11954=CARTESIAN_POINT('',(19.9991090411934,-3.35517413284178,6.32));
#11955=CARTESIAN_POINT('',(19.9991090411934,-3.35517413284178,6.32));
#11956=CARTESIAN_POINT('',(19.9991090411934,-3.35517413284178,6.32));
#11957=CARTESIAN_POINT('',(20.5160193779963,-3.85902904705925,6.32));
#11958=CARTESIAN_POINT('',(20.5160193779963,-3.85902904705925,6.32));
#11959=CARTESIAN_POINT('',(20.5160193779963,-3.85902904705925,6.32));
#11960=CARTESIAN_POINT('',(20.5160193779963,-3.85902904705925,6.32));
#11961=CARTESIAN_POINT('',(19.9576052915231,-4.35598183916418,6.32));
#11962=CARTESIAN_POINT('',(19.9576052915231,-4.35598183916418,6.32));
#11963=CARTESIAN_POINT('',(19.9576052915231,-4.35598183916418,6.32));
#11964=CARTESIAN_POINT('',(19.9576052915231,-4.35598183916418,6.32));
#11965=CARTESIAN_POINT('',(20.0328158040927,-4.35598183916418,6.32));
#11966=CARTESIAN_POINT('',(20.0328158040927,-4.35598183916418,6.32));
#11967=CARTESIAN_POINT('',(19.9576052915231,-4.35598183916418,6.32));
#11968=CARTESIAN_POINT('',(19.9576052915231,-4.35598183916418,6.32));
#11969=CARTESIAN_POINT('',(20.0328158040927,-4.35598183916418,6.32));
#11970=CARTESIAN_POINT('',(20.0328158040927,-4.35598183916418,6.32));
#11971=CARTESIAN_POINT('',(20.5893595871211,-3.86069349740435,6.32));
#11972=CARTESIAN_POINT('',(21.2,-4.35,6.32));
#11973=CARTESIAN_POINT('',(21.2,-4.35,6.32));
#11974=CARTESIAN_POINT('',(21.2,-3.35,6.32));
#11975=CARTESIAN_POINT('',(21.2,-3.35,6.32));
#11976=CARTESIAN_POINT('',(21.2,-3.35,6.32));
#11977=CARTESIAN_POINT('',(21.2,-3.35,6.32));
#11978=CARTESIAN_POINT('',(21.7935094822586,-4.35,6.32));
#11979=CARTESIAN_POINT('',(21.7935094822586,-4.35,6.32));
#11980=CARTESIAN_POINT('',(21.2,-4.35,6.32));
#11981=CARTESIAN_POINT('',(21.2,-4.35,6.32));
#11982=CARTESIAN_POINT('',(22.0134438437916,-4.24427857477216,6.32));
#11983=CARTESIAN_POINT('',(22.0134438437916,-4.24427857477216,6.32));
#11984=CARTESIAN_POINT('',(21.7935094822586,-4.35,6.32));
#11985=CARTESIAN_POINT('',(21.7935094822586,-4.35,6.32));
#11986=CARTESIAN_POINT('',(22.0134438437916,-3.94437513348599,6.32));
#11987=CARTESIAN_POINT('',(22.0134438437916,-3.94437513348599,6.32));
#11988=CARTESIAN_POINT('',(22.0134438437916,-4.24427857477216,6.32));
#11989=CARTESIAN_POINT('',(22.0134438437916,-4.24427857477216,6.32));
#11990=CARTESIAN_POINT('',(21.7904155791199,-3.84191105631764,6.32));
#11991=CARTESIAN_POINT('',(21.7904155791199,-3.84191105631764,6.32));
#11992=CARTESIAN_POINT('',(22.0134438437916,-3.94437513348599,6.32));
#11993=CARTESIAN_POINT('',(22.0134438437916,-3.94437513348599,6.32));
#11994=CARTESIAN_POINT('',(21.254950622038,-3.84191105631764,6.32));
#11995=CARTESIAN_POINT('',(21.254950622038,-3.84191105631764,6.32));
#11996=CARTESIAN_POINT('',(21.7904155791199,-3.84191105631764,6.32));
#11997=CARTESIAN_POINT('',(21.7904155791199,-3.84191105631764,6.32));
#11998=CARTESIAN_POINT('',(21.254950622038,-3.35,6.32));
#11999=CARTESIAN_POINT('',(21.254950622038,-3.35,6.32));
#12000=CARTESIAN_POINT('',(21.254950622038,-3.35,6.32));
#12001=CARTESIAN_POINT('',(21.254950622038,-3.35,6.32));
#12002=CARTESIAN_POINT('',(21.254950622038,-3.89686167835559,6.32));
#12003=CARTESIAN_POINT('',(21.254950622038,-3.89686167835559,6.32));
#12004=CARTESIAN_POINT('',(21.254950622038,-3.89686167835559,6.4));
#12005=CARTESIAN_POINT('',(21.254950622038,-3.89686167835559,6.4));
#12006=CARTESIAN_POINT('',(21.254950622038,-4.295049377962,6.4));
#12007=CARTESIAN_POINT('',(21.254950622038,-4.295049377962,6.32));
#12008=CARTESIAN_POINT('',(21.254950622038,-4.295049377962,6.32));
#12009=CARTESIAN_POINT('',(21.254950622038,-3.89686167835559,6.32));
#12010=CARTESIAN_POINT('',(21.254950622038,-3.89686167835559,6.32));
#12011=CARTESIAN_POINT('',(21.778396681495,-3.89686167835559,6.32));
#12012=CARTESIAN_POINT('',(21.778396681495,-3.89686167835559,6.32));
#12013=CARTESIAN_POINT('',(21.778396681495,-3.89686167835559,6.4));
#12014=CARTESIAN_POINT('',(21.778396681495,-3.89686167835559,6.4));
#12015=CARTESIAN_POINT('',(21.778396681495,-3.89686167835559,6.32));
#12016=CARTESIAN_POINT('',(21.778396681495,-3.89686167835559,6.32));
#12017=CARTESIAN_POINT('',(21.9584932217536,-3.9796019795725,6.32));
#12018=CARTESIAN_POINT('',(21.9584932217536,-3.9796019795725,6.32));
#12019=CARTESIAN_POINT('',(21.9584932217536,-3.9796019795725,6.4));
#12020=CARTESIAN_POINT('',(21.9584932217536,-3.9796019795725,6.4));
#12021=CARTESIAN_POINT('',(21.9584932217536,-3.9796019795725,6.32));
#12022=CARTESIAN_POINT('',(21.9584932217536,-3.9796019795725,6.32));
#12023=CARTESIAN_POINT('',(21.9584932217537,-4.2097234423321,6.32));
#12024=CARTESIAN_POINT('',(21.9584932217537,-4.2097234423321,6.32));
#12025=CARTESIAN_POINT('',(21.9584932217537,-4.2097234423321,6.4));
#12026=CARTESIAN_POINT('',(21.9584932217537,-4.2097234423321,6.4));
#12027=CARTESIAN_POINT('',(21.9584932217537,-4.2097234423321,6.32));
#12028=CARTESIAN_POINT('',(21.9584932217537,-4.2097234423321,6.32));
#12029=CARTESIAN_POINT('',(21.7809879986209,-4.295049377962,6.32));
#12030=CARTESIAN_POINT('',(21.7809879986209,-4.295049377962,6.32));
#12031=CARTESIAN_POINT('',(21.7809879986209,-4.295049377962,6.4));
#12032=CARTESIAN_POINT('',(21.7809879986209,-4.295049377962,6.4));
#12033=CARTESIAN_POINT('',(21.7809879986209,-4.295049377962,6.32));
#12034=CARTESIAN_POINT('',(21.7809879986209,-4.295049377962,6.32));
#12035=CARTESIAN_POINT('',(21.254950622038,-4.295049377962,6.32));
#12036=CARTESIAN_POINT('',(21.254950622038,-4.295049377962,6.4));
#12037=CARTESIAN_POINT('',(21.254950622038,-4.295049377962,6.32));
#12038=CARTESIAN_POINT('',(21.2,-3.35,6.32));
#12039=CARTESIAN_POINT('',(21.2,-3.35,6.32));
#12040=CARTESIAN_POINT('',(21.2,-4.35,6.32));
#12041=CARTESIAN_POINT('',(20.7,-5.8,6.4));
#12042=CARTESIAN_POINT('',(22.6107380222783,-4.34423488539219,6.32));
#12043=CARTESIAN_POINT('',(22.6107380222783,-4.34423488539219,6.32));
#12044=CARTESIAN_POINT('',(23.0009709566961,-3.35,6.32));
#12045=CARTESIAN_POINT('',(23.0009709566961,-3.35,6.32));
#12046=CARTESIAN_POINT('',(23.0009709566961,-3.35,6.32));
#12047=CARTESIAN_POINT('',(23.0009709566961,-3.35,6.32));
#12048=CARTESIAN_POINT('',(22.2,-3.35,6.32));
#12049=CARTESIAN_POINT('',(22.2,-3.35,6.32));
#12050=CARTESIAN_POINT('',(22.6107380222783,-4.34423488539219,6.32));
#12051=CARTESIAN_POINT('',(22.6107380222783,-4.34423488539219,6.32));
#12052=CARTESIAN_POINT('',(22.258927706066,-3.35,6.32));
#12053=CARTESIAN_POINT('',(22.258927706066,-3.35,6.32));
#12054=CARTESIAN_POINT('',(22.2,-3.35,6.32));
#12055=CARTESIAN_POINT('',(22.2,-3.35,6.32));
#12056=CARTESIAN_POINT('',(22.4388231837859,-3.78545605707817,6.32));
#12057=CARTESIAN_POINT('',(22.4388231837859,-3.78545605707817,6.32));
#12058=CARTESIAN_POINT('',(22.4388231837859,-3.78545605707817,6.32));
#12059=CARTESIAN_POINT('',(22.4388231837859,-3.78545605707817,6.32));
#12060=CARTESIAN_POINT('',(22.7715482808183,-3.78545605707817,6.32));
#12061=CARTESIAN_POINT('',(22.7715482808183,-3.78545605707817,6.32));
#12062=CARTESIAN_POINT('',(22.4388231837859,-3.78545605707817,6.32));
#12063=CARTESIAN_POINT('',(22.4388231837859,-3.78545605707817,6.32));
#12064=CARTESIAN_POINT('',(22.9424629182549,-3.34999999999995,6.32));
#12065=CARTESIAN_POINT('',(22.9424629182549,-3.34999999999995,6.32));
#12066=CARTESIAN_POINT('',(22.9424629182549,-3.34999999999995,6.32));
#12067=CARTESIAN_POINT('',(22.9424629182549,-3.34999999999995,6.32));
#12068=CARTESIAN_POINT('',(22.7501717313476,-3.83991919777865,6.32));
#12069=CARTESIAN_POINT('',(22.7501717313476,-3.83991919777865,6.32));
#12070=CARTESIAN_POINT('',(22.7501717313476,-3.83991919777865,6.4));
#12071=CARTESIAN_POINT('',(22.7501717313476,-3.83991919777865,6.32));
#12072=CARTESIAN_POINT('',(22.6094446615998,-4.19846341514737,6.32));
#12073=CARTESIAN_POINT('',(22.6094446615998,-4.19846341514737,6.32));
#12074=CARTESIAN_POINT('',(22.6094446615998,-4.19846341514737,6.4));
#12075=CARTESIAN_POINT('',(22.7501717313476,-3.83991919777865,6.4));
#12076=CARTESIAN_POINT('',(22.7501717313476,-3.83991919777865,6.32));
#12077=CARTESIAN_POINT('',(22.4613229803903,-3.83991919777865,6.32));
#12078=CARTESIAN_POINT('',(22.4613229803903,-3.83991919777865,6.32));
#12079=CARTESIAN_POINT('',(22.4613229803903,-3.83991919777865,6.4));
#12080=CARTESIAN_POINT('',(22.4613229803903,-3.83991919777865,6.32));
#12081=CARTESIAN_POINT('',(22.4613229803903,-3.83991919777865,6.4));
#12082=CARTESIAN_POINT('',(22.4613229803903,-3.83991919777865,6.32));
#12083=CARTESIAN_POINT('',(22.6094446615998,-4.19846341514737,6.32));
#12084=CARTESIAN_POINT('',(22.6094446615998,-4.19846341514737,6.4));
#12085=CARTESIAN_POINT('',(22.6094446615998,-4.19846341514737,6.32));
#12086=CARTESIAN_POINT('',(22.9424629182549,-3.35,6.32));
#12087=CARTESIAN_POINT('',(22.9424629182549,-3.35,6.32));
#12088=CARTESIAN_POINT('',(23.0009709566961,-3.35,6.32));
#12089=CARTESIAN_POINT('',(20.7,-5.8,6.4));
#12090=CARTESIAN_POINT('',(23.9940718834906,-4.35598183916418,6.32));
#12091=CARTESIAN_POINT('',(23.9940718834906,-4.35598183916418,6.32));
#12092=CARTESIAN_POINT('',(24.0692823960602,-4.35598183916418,6.32));
#12093=CARTESIAN_POINT('',(24.0692823960602,-4.35598183916418,6.32));
#12094=CARTESIAN_POINT('',(24.0692823960602,-4.35598183916418,6.32));
#12095=CARTESIAN_POINT('',(24.0692823960602,-4.35598183916418,6.32));
#12096=CARTESIAN_POINT('',(23.4375281004621,-3.86069349740435,6.32));
#12097=CARTESIAN_POINT('',(23.4375281004621,-3.86069349740435,6.32));
#12098=CARTESIAN_POINT('',(23.9940718834906,-4.35598183916418,6.32));
#12099=CARTESIAN_POINT('',(23.9940718834906,-4.35598183916418,6.32));
#12100=CARTESIAN_POINT('',(23.9561460153082,-3.35517413284178,6.32));
#12101=CARTESIAN_POINT('',(23.9561460153082,-3.35517413284178,6.32));
#12102=CARTESIAN_POINT('',(23.4375281004621,-3.86069349740435,6.32));
#12103=CARTESIAN_POINT('',(23.4375281004621,-3.86069349740435,6.32));
#12104=CARTESIAN_POINT('',(24.0277786463898,-3.35517413284178,6.32));
#12105=CARTESIAN_POINT('',(24.0277786463898,-3.35517413284178,6.32));
#12106=CARTESIAN_POINT('',(24.0277786463898,-3.35517413284178,6.32));
#12107=CARTESIAN_POINT('',(24.0277786463898,-3.35517413284178,6.32));
#12108=CARTESIAN_POINT('',(23.510868309587,-3.85902904705925,6.32));
#12109=CARTESIAN_POINT('',(23.510868309587,-3.85902904705925,6.32));
#12110=CARTESIAN_POINT('',(23.510868309587,-3.85902904705925,6.32));
#12111=CARTESIAN_POINT('',(23.510868309587,-3.85902904705925,6.32));
#12112=CARTESIAN_POINT('',(24.0692823960602,-4.35598183916418,6.32));
#12113=CARTESIAN_POINT('',(24.0692823960602,-4.35598183916418,6.32));
#12114=CARTESIAN_POINT('',(22.9294063052203,-4.35598183916418,6.32));
#12115=CARTESIAN_POINT('',(26.7,-7.05,8.90000000000001));
#12116=CARTESIAN_POINT('',(26.7,-4.55,8.90000000000001));
#12117=CARTESIAN_POINT('',(26.7,-5.8,8.90000000000001));
#12118=CARTESIAN_POINT('',(26.7,-7.05,11.4));
#12119=CARTESIAN_POINT('',(26.7,-7.05,8.90000000000001));
#12120=CARTESIAN_POINT('',(26.7,-4.55,11.4));
#12121=CARTESIAN_POINT('',(26.7,-5.8,11.4));
#12122=CARTESIAN_POINT('',(26.7,-4.55,8.90000000000001));
#12123=CARTESIAN_POINT('',(22.45,-6.2,7.7));
#12124=CARTESIAN_POINT('',(22.45,-6.45,7.7));
#12125=CARTESIAN_POINT('',(22.45,-6.45,9.1));
#12126=CARTESIAN_POINT('',(22.45,-4.9,9.1));
#12127=CARTESIAN_POINT('',(20.4,-5.5,6.15));
#12128=CARTESIAN_POINT('',(20.4,-5.5,5.9));
#12129=CARTESIAN_POINT('',(20.4,-6.1,6.15));
#12130=CARTESIAN_POINT('',(20.4,-6.1,5.9));
#12131=CARTESIAN_POINT('',(20.4,-5.8,5.9));
#12132=CARTESIAN_POINT('',(20.4,-5.8,6.95));
#12133=CARTESIAN_POINT('',(20.15,-6.1,6.15));
#12134=CARTESIAN_POINT('',(20.15,-6.1,5.9));
#12135=CARTESIAN_POINT('',(20.15,-5.5,6.15));
#12136=CARTESIAN_POINT('',(20.15,-5.5,5.9));
#12137=CARTESIAN_POINT('',(20.15,-5.8,5.9));
#12138=CARTESIAN_POINT('',(20.15,-5.8,6.95));
#12139=CARTESIAN_POINT('',(19.9,-5.5,5.9));
#12140=CARTESIAN_POINT('',(20.1133055363625,-5.5,5.44778241060625));
#12141=CARTESIAN_POINT('',(19.6433472318188,-5.5,5.22610879469689));
#12142=CARTESIAN_POINT('',(19.6433472318188,-5.5,5.22610879469689));
#12143=CARTESIAN_POINT('',(19.75,-5.5,5.));
#12144=CARTESIAN_POINT('',(19.5685853216245,-5.5,4.82798629569159));
#12145=CARTESIAN_POINT('',(19.8378293567511,-5.5,4.54402740861686));
#12146=CARTESIAN_POINT('',(19.8378293567511,-5.5,4.54402740861686));
#12147=CARTESIAN_POINT('',(19.475,-5.5,4.2));
#12148=CARTESIAN_POINT('',(19.975,-5.5,4.2));
#12149=CARTESIAN_POINT('',(19.975,-5.5,2.8));
#12150=CARTESIAN_POINT('',(19.975,-5.5,3.30000000000001));
#12151=CARTESIAN_POINT('',(19.85,-5.5,3.3));
#12152=CARTESIAN_POINT('',(19.725,-5.5,3.30000000000001));
#12153=CARTESIAN_POINT('',(19.725,-5.5,2.8));
#12154=CARTESIAN_POINT('',(19.725,-5.5,4.2));
#12155=CARTESIAN_POINT('',(19.475,-5.5,4.2));
#12156=CARTESIAN_POINT('',(19.6564146783755,-5.5,4.37201370430841));
#12157=CARTESIAN_POINT('',(19.6564146783755,-5.5,4.37201370430841));
#12158=CARTESIAN_POINT('',(19.3871706432489,-5.5,4.65597259138315));
#12159=CARTESIAN_POINT('',(19.75,-5.5,5.));
#12160=CARTESIAN_POINT('',(19.5366944636375,-5.5,5.45221758939376));
#12161=CARTESIAN_POINT('',(19.5366944636375,-5.5,5.45221758939375));
#12162=CARTESIAN_POINT('',(20.0066527681812,-5.5,5.67389120530311));
#12163=CARTESIAN_POINT('',(19.9,-5.5,5.9));
#12164=CARTESIAN_POINT('',(20.15,-5.5,6.15));
#12165=CARTESIAN_POINT('',(19.9,-6.1,5.9));
#12166=CARTESIAN_POINT('',(20.0066527681813,-6.1,5.67389120530313));
#12167=CARTESIAN_POINT('',(19.5366944636375,-6.1,5.45221758939375));
#12168=CARTESIAN_POINT('',(19.5366944636375,-6.1,5.45221758939376));
#12169=CARTESIAN_POINT('',(19.75,-6.1,5.));
#12170=CARTESIAN_POINT('',(19.3871706432489,-6.1,4.65597259138315));
#12171=CARTESIAN_POINT('',(19.6564146783755,-6.1,4.37201370430841));
#12172=CARTESIAN_POINT('',(19.6564146783755,-6.1,4.37201370430841));
#12173=CARTESIAN_POINT('',(19.475,-6.1,4.2));
#12174=CARTESIAN_POINT('',(19.725,-6.1,4.2));
#12175=CARTESIAN_POINT('',(19.725,-6.1,2.8));
#12176=CARTESIAN_POINT('',(19.725,-6.1,3.30000000000001));
#12177=CARTESIAN_POINT('',(19.85,-6.1,3.3));
#12178=CARTESIAN_POINT('',(19.975,-6.1,3.30000000000001));
#12179=CARTESIAN_POINT('',(19.975,-6.1,2.8));
#12180=CARTESIAN_POINT('',(19.975,-6.1,4.2));
#12181=CARTESIAN_POINT('',(19.475,-6.1,4.2));
#12182=CARTESIAN_POINT('',(19.8378293567511,-6.1,4.54402740861682));
#12183=CARTESIAN_POINT('',(19.8378293567511,-6.1,4.54402740861686));
#12184=CARTESIAN_POINT('',(19.5685853216245,-6.1,4.82798629569159));
#12185=CARTESIAN_POINT('',(19.75,-6.1,5.));
#12186=CARTESIAN_POINT('',(19.6433472318187,-6.1,5.22610879469688));
#12187=CARTESIAN_POINT('',(19.6433472318188,-6.1,5.22610879469689));
#12188=CARTESIAN_POINT('',(20.1133055363625,-6.1,5.44778241060625));
#12189=CARTESIAN_POINT('',(19.9,-6.1,5.9));
#12190=CARTESIAN_POINT('',(20.15,-6.1,6.15));
#12191=CARTESIAN_POINT('',(20.1133055363625,-5.5,5.44778241060625));
#12192=CARTESIAN_POINT('',(19.9,-5.5,5.9));
#12193=CARTESIAN_POINT('',(20.0066527681813,-5.5,5.67389120530313));
#12194=CARTESIAN_POINT('',(19.9,-5.5,5.9));
#12195=CARTESIAN_POINT('',(19.5366944636375,-5.8,5.45221758939375));
#12196=CARTESIAN_POINT('',(19.5366944636375,-5.8,5.45221758939375));
#12197=CARTESIAN_POINT('',(19.6433472318188,-5.8,5.22610879469689));
#12198=CARTESIAN_POINT('',(19.6433472318188,-5.8,5.22610879469689));
#12199=CARTESIAN_POINT('',(19.3871706432489,-5.5,4.65597259138318));
#12200=CARTESIAN_POINT('',(19.75,-5.5,5.));
#12201=CARTESIAN_POINT('',(19.5685853216245,-5.5,4.82798629569159));
#12202=CARTESIAN_POINT('',(19.75,-5.5,5.));
#12203=CARTESIAN_POINT('',(19.6564146783755,-5.8,4.37201370430841));
#12204=CARTESIAN_POINT('',(19.6564146783755,-5.8,4.37201370430841));
#12205=CARTESIAN_POINT('',(19.8378293567511,-5.8,4.54402740861686));
#12206=CARTESIAN_POINT('',(19.8378293567511,-5.8,4.54402740861686));
#12207=CARTESIAN_POINT('',(19.975,-5.5,4.2));
#12208=CARTESIAN_POINT('',(19.475,-5.5,4.2));
#12209=CARTESIAN_POINT('',(19.725,-5.5,4.2));
#12210=CARTESIAN_POINT('',(19.475,-5.5,4.2));
#12211=CARTESIAN_POINT('',(19.725,-5.8,3.3));
#12212=CARTESIAN_POINT('',(19.725,-5.8,2.8));
#12213=CARTESIAN_POINT('',(19.975,-5.8,3.3));
#12214=CARTESIAN_POINT('',(19.975,-5.8,2.8));
#12215=CARTESIAN_POINT('',(19.925,-5.8,2.8));
#12216=CARTESIAN_POINT('',(19.925,-5.65,2.8));
#12217=CARTESIAN_POINT('',(19.925,-5.95,2.8));
#12218=CARTESIAN_POINT('',(19.85,-5.95,2.8));
#12219=CARTESIAN_POINT('',(19.775,-5.95,2.8));
#12220=CARTESIAN_POINT('',(19.775,-5.8,2.8));
#12221=CARTESIAN_POINT('',(19.775,-5.65,2.8));
#12222=CARTESIAN_POINT('',(19.85,-5.65,2.8));
#12223=CARTESIAN_POINT('',(19.85,-5.8,2.8));
#12224=CARTESIAN_POINT('',(19.9668181818182,-6.07545454545454,3.21818181818182));
#12225=CARTESIAN_POINT('',(19.9668181818182,-5.52454545454545,3.21818181818182));
#12226=CARTESIAN_POINT('',(19.975,-5.8,3.3));
#12227=CARTESIAN_POINT('',(19.7331818181818,-6.07545454545454,3.21818181818182));
#12228=CARTESIAN_POINT('',(19.7331818181818,-5.52454545454545,3.21818181818182));
#12229=CARTESIAN_POINT('',(19.725,-5.8,3.3));
#12230=CARTESIAN_POINT('',(19.85,-6.1,3.3));
#12231=CARTESIAN_POINT('',(19.85,-5.5,3.3));
#12232=CARTESIAN_POINT('',(22.63,-6.45,7.7));
#12233=CARTESIAN_POINT('',(22.53,-6.45,7.7));
#12234=CARTESIAN_POINT('',(22.955,-6.45,7.275));
#12235=CARTESIAN_POINT('',(22.63,-6.45,6.95));
#12236=CARTESIAN_POINT('',(22.53,-6.575,7.7));
#12237=CARTESIAN_POINT('',(22.53,-6.575,7.7));
#12238=CARTESIAN_POINT('',(22.63,-6.575,7.7));
#12239=CARTESIAN_POINT('',(22.955,-5.15,7.275));
#12240=CARTESIAN_POINT('',(22.53,-5.15,7.7));
#12241=CARTESIAN_POINT('',(22.63,-5.15,7.7));
#12242=CARTESIAN_POINT('',(22.63,-5.15,6.95));
#12243=CARTESIAN_POINT('',(22.53,-5.025,7.7));
#12244=CARTESIAN_POINT('',(22.53,-5.025,7.7));
#12245=CARTESIAN_POINT('',(22.63,-5.025,7.7));
#12246=CARTESIAN_POINT('',(21.3,-6.1,6.15));
#12247=CARTESIAN_POINT('',(21.3,-6.1,5.9));
#12248=CARTESIAN_POINT('',(21.3,-5.5,6.15));
#12249=CARTESIAN_POINT('',(21.3,-5.5,5.9));
#12250=CARTESIAN_POINT('',(21.3,-5.8,5.9));
#12251=CARTESIAN_POINT('',(21.3,-5.8,6.95));
#12252=CARTESIAN_POINT('',(21.55,-5.5,6.15));
#12253=CARTESIAN_POINT('',(21.55,-5.5,5.9));
#12254=CARTESIAN_POINT('',(21.55,-6.1,6.15));
#12255=CARTESIAN_POINT('',(21.55,-6.1,5.9));
#12256=CARTESIAN_POINT('',(21.55,-5.8,5.9));
#12257=CARTESIAN_POINT('',(21.55,-5.8,6.95));
#12258=CARTESIAN_POINT('',(21.8,-5.5,5.9));
#12259=CARTESIAN_POINT('',(21.6933472318188,-5.5,5.67389120530311));
#12260=CARTESIAN_POINT('',(22.1633055363625,-5.5,5.45221758939375));
#12261=CARTESIAN_POINT('',(22.1633055363625,-5.5,5.45221758939376));
#12262=CARTESIAN_POINT('',(21.95,-5.5,5.));
#12263=CARTESIAN_POINT('',(22.3128293567511,-5.5,4.65597259138315));
#12264=CARTESIAN_POINT('',(22.0435853216245,-5.5,4.37201370430841));
#12265=CARTESIAN_POINT('',(22.0435853216245,-5.5,4.37201370430841));
#12266=CARTESIAN_POINT('',(22.225,-5.5,4.2));
#12267=CARTESIAN_POINT('',(21.975,-5.5,4.2));
#12268=CARTESIAN_POINT('',(21.975,-5.5,2.8));
#12269=CARTESIAN_POINT('',(21.975,-5.5,3.30000000000001));
#12270=CARTESIAN_POINT('',(21.85,-5.5,3.3));
#12271=CARTESIAN_POINT('',(21.725,-5.5,3.30000000000001));
#12272=CARTESIAN_POINT('',(21.725,-5.5,2.8));
#12273=CARTESIAN_POINT('',(21.725,-5.5,4.2));
#12274=CARTESIAN_POINT('',(22.225,-5.5,4.2));
#12275=CARTESIAN_POINT('',(21.8621706432489,-5.5,4.54402740861686));
#12276=CARTESIAN_POINT('',(21.8621706432489,-5.5,4.54402740861686));
#12277=CARTESIAN_POINT('',(22.1314146783755,-5.5,4.82798629569159));
#12278=CARTESIAN_POINT('',(21.95,-5.5,5.));
#12279=CARTESIAN_POINT('',(22.0566527681812,-5.5,5.22610879469689));
#12280=CARTESIAN_POINT('',(22.0566527681812,-5.5,5.22610879469689));
#12281=CARTESIAN_POINT('',(21.5866944636375,-5.5,5.44778241060625));
#12282=CARTESIAN_POINT('',(21.8,-5.5,5.9));
#12283=CARTESIAN_POINT('',(21.55,-5.5,6.15));
#12284=CARTESIAN_POINT('',(21.8,-6.1,5.9));
#12285=CARTESIAN_POINT('',(21.5866944636375,-6.1,5.44778241060625));
#12286=CARTESIAN_POINT('',(22.0566527681812,-6.1,5.22610879469689));
#12287=CARTESIAN_POINT('',(22.0566527681813,-6.1,5.22610879469688));
#12288=CARTESIAN_POINT('',(21.95,-6.1,5.));
#12289=CARTESIAN_POINT('',(22.1314146783755,-6.1,4.82798629569159));
#12290=CARTESIAN_POINT('',(21.8621706432489,-6.1,4.54402740861686));
#12291=CARTESIAN_POINT('',(21.8621706432489,-6.1,4.54402740861682));
#12292=CARTESIAN_POINT('',(22.225,-6.1,4.2));
#12293=CARTESIAN_POINT('',(21.725,-6.1,4.2));
#12294=CARTESIAN_POINT('',(21.725,-6.1,2.8));
#12295=CARTESIAN_POINT('',(21.725,-6.1,3.30000000000001));
#12296=CARTESIAN_POINT('',(21.85,-6.1,3.3));
#12297=CARTESIAN_POINT('',(21.975,-6.1,3.30000000000001));
#12298=CARTESIAN_POINT('',(21.975,-6.1,2.8));
#12299=CARTESIAN_POINT('',(21.975,-6.1,4.2));
#12300=CARTESIAN_POINT('',(22.225,-6.1,4.2));
#12301=CARTESIAN_POINT('',(22.0435853216245,-6.1,4.37201370430841));
#12302=CARTESIAN_POINT('',(22.0435853216245,-6.1,4.37201370430841));
#12303=CARTESIAN_POINT('',(22.3128293567511,-6.1,4.65597259138315));
#12304=CARTESIAN_POINT('',(21.95,-6.1,5.));
#12305=CARTESIAN_POINT('',(22.1633055363625,-6.1,5.45221758939376));
#12306=CARTESIAN_POINT('',(22.1633055363625,-6.1,5.45221758939375));
#12307=CARTESIAN_POINT('',(21.6933472318187,-6.1,5.67389120530313));
#12308=CARTESIAN_POINT('',(21.8,-6.1,5.9));
#12309=CARTESIAN_POINT('',(21.55,-6.1,6.15));
#12310=CARTESIAN_POINT('',(21.5866944636375,-5.5,5.44778241060625));
#12311=CARTESIAN_POINT('',(21.8,-5.5,5.9));
#12312=CARTESIAN_POINT('',(21.6933472318187,-5.5,5.67389120530313));
#12313=CARTESIAN_POINT('',(21.8,-5.5,5.9));
#12314=CARTESIAN_POINT('',(22.1633055363625,-5.8,5.45221758939375));
#12315=CARTESIAN_POINT('',(22.1633055363625,-5.8,5.45221758939375));
#12316=CARTESIAN_POINT('',(22.0566527681812,-5.8,5.22610879469689));
#12317=CARTESIAN_POINT('',(22.0566527681812,-5.8,5.22610879469689));
#12318=CARTESIAN_POINT('',(22.3128293567511,-5.5,4.65597259138318));
#12319=CARTESIAN_POINT('',(21.95,-5.5,5.));
#12320=CARTESIAN_POINT('',(22.1314146783755,-5.5,4.82798629569159));
#12321=CARTESIAN_POINT('',(21.95,-5.5,5.));
#12322=CARTESIAN_POINT('',(22.0435853216245,-5.8,4.37201370430841));
#12323=CARTESIAN_POINT('',(22.0435853216245,-5.8,4.37201370430841));
#12324=CARTESIAN_POINT('',(21.8621706432489,-5.8,4.54402740861686));
#12325=CARTESIAN_POINT('',(21.8621706432489,-5.8,4.54402740861686));
#12326=CARTESIAN_POINT('',(21.725,-5.5,4.2));
#12327=CARTESIAN_POINT('',(22.225,-5.5,4.2));
#12328=CARTESIAN_POINT('',(21.975,-5.5,4.2));
#12329=CARTESIAN_POINT('',(22.225,-5.5,4.2));
#12330=CARTESIAN_POINT('',(21.975,-5.8,3.3));
#12331=CARTESIAN_POINT('',(21.975,-5.8,2.8));
#12332=CARTESIAN_POINT('',(21.725,-5.8,3.3));
#12333=CARTESIAN_POINT('',(21.725,-5.8,2.8));
#12334=CARTESIAN_POINT('',(21.775,-5.8,2.8));
#12335=CARTESIAN_POINT('',(21.775,-5.65,2.8));
#12336=CARTESIAN_POINT('',(21.775,-5.95,2.8));
#12337=CARTESIAN_POINT('',(21.85,-5.65,2.8));
#12338=CARTESIAN_POINT('',(21.925,-5.65,2.8));
#12339=CARTESIAN_POINT('',(21.925,-5.8,2.8));
#12340=CARTESIAN_POINT('',(21.925,-5.95,2.8));
#12341=CARTESIAN_POINT('',(21.85,-5.95,2.8));
#12342=CARTESIAN_POINT('',(21.85,-5.8,2.8));
#12343=CARTESIAN_POINT('',(21.7331818181818,-5.52454545454545,3.21818181818182));
#12344=CARTESIAN_POINT('',(21.7331818181818,-6.07545454545454,3.21818181818182));
#12345=CARTESIAN_POINT('',(21.725,-5.8,3.3));
#12346=CARTESIAN_POINT('',(21.9668181818182,-5.52454545454545,3.21818181818182));
#12347=CARTESIAN_POINT('',(21.9668181818182,-6.07545454545454,3.21818181818182));
#12348=CARTESIAN_POINT('',(21.975,-5.8,3.3));
#12349=CARTESIAN_POINT('',(21.85,-6.1,3.3));
#12350=CARTESIAN_POINT('',(21.85,-5.5,3.3));
#12351=CARTESIAN_POINT('',(24.4,-5.5,6.15));
#12352=CARTESIAN_POINT('',(24.4,-5.5,5.9));
#12353=CARTESIAN_POINT('',(24.4,-6.1,6.15));
#12354=CARTESIAN_POINT('',(24.4,-6.1,5.9));
#12355=CARTESIAN_POINT('',(24.4,-5.8,5.9));
#12356=CARTESIAN_POINT('',(24.4,-5.8,6.95));
#12357=CARTESIAN_POINT('',(24.15,-6.1,6.15));
#12358=CARTESIAN_POINT('',(24.15,-6.1,5.9));
#12359=CARTESIAN_POINT('',(24.15,-5.5,6.15));
#12360=CARTESIAN_POINT('',(24.15,-5.5,5.9));
#12361=CARTESIAN_POINT('',(24.15,-5.8,5.9));
#12362=CARTESIAN_POINT('',(24.15,-5.8,6.95));
#12363=CARTESIAN_POINT('',(23.9,-5.5,5.9));
#12364=CARTESIAN_POINT('',(24.1133055363625,-5.5,5.44778241060625));
#12365=CARTESIAN_POINT('',(23.6433472318188,-5.5,5.22610879469689));
#12366=CARTESIAN_POINT('',(23.6433472318188,-5.5,5.22610879469689));
#12367=CARTESIAN_POINT('',(23.75,-5.5,5.));
#12368=CARTESIAN_POINT('',(23.5685853216245,-5.5,4.82798629569159));
#12369=CARTESIAN_POINT('',(23.8378293567511,-5.5,4.54402740861686));
#12370=CARTESIAN_POINT('',(23.8378293567511,-5.5,4.54402740861686));
#12371=CARTESIAN_POINT('',(23.475,-5.5,4.2));
#12372=CARTESIAN_POINT('',(23.975,-5.5,4.2));
#12373=CARTESIAN_POINT('',(23.975,-5.5,2.8));
#12374=CARTESIAN_POINT('',(23.975,-5.5,3.30000000000001));
#12375=CARTESIAN_POINT('',(23.85,-5.5,3.3));
#12376=CARTESIAN_POINT('',(23.725,-5.5,3.30000000000001));
#12377=CARTESIAN_POINT('',(23.725,-5.5,2.8));
#12378=CARTESIAN_POINT('',(23.725,-5.5,4.2));
#12379=CARTESIAN_POINT('',(23.475,-5.5,4.2));
#12380=CARTESIAN_POINT('',(23.6564146783755,-5.5,4.37201370430841));
#12381=CARTESIAN_POINT('',(23.6564146783755,-5.5,4.37201370430841));
#12382=CARTESIAN_POINT('',(23.3871706432489,-5.5,4.65597259138315));
#12383=CARTESIAN_POINT('',(23.75,-5.5,5.));
#12384=CARTESIAN_POINT('',(23.5366944636375,-5.5,5.45221758939376));
#12385=CARTESIAN_POINT('',(23.5366944636375,-5.5,5.45221758939375));
#12386=CARTESIAN_POINT('',(24.0066527681812,-5.5,5.67389120530311));
#12387=CARTESIAN_POINT('',(23.9,-5.5,5.9));
#12388=CARTESIAN_POINT('',(24.15,-5.5,6.15));
#12389=CARTESIAN_POINT('',(23.9,-6.1,5.9));
#12390=CARTESIAN_POINT('',(24.0066527681813,-6.1,5.67389120530313));
#12391=CARTESIAN_POINT('',(23.5366944636375,-6.1,5.45221758939375));
#12392=CARTESIAN_POINT('',(23.5366944636375,-6.1,5.45221758939376));
#12393=CARTESIAN_POINT('',(23.75,-6.1,5.));
#12394=CARTESIAN_POINT('',(23.3871706432489,-6.1,4.65597259138315));
#12395=CARTESIAN_POINT('',(23.6564146783755,-6.1,4.37201370430841));
#12396=CARTESIAN_POINT('',(23.6564146783755,-6.1,4.37201370430841));
#12397=CARTESIAN_POINT('',(23.475,-6.1,4.2));
#12398=CARTESIAN_POINT('',(23.725,-6.1,4.2));
#12399=CARTESIAN_POINT('',(23.725,-6.1,2.8));
#12400=CARTESIAN_POINT('',(23.725,-6.1,3.30000000000001));
#12401=CARTESIAN_POINT('',(23.85,-6.1,3.3));
#12402=CARTESIAN_POINT('',(23.975,-6.1,3.30000000000001));
#12403=CARTESIAN_POINT('',(23.975,-6.1,2.8));
#12404=CARTESIAN_POINT('',(23.975,-6.1,4.2));
#12405=CARTESIAN_POINT('',(23.475,-6.1,4.2));
#12406=CARTESIAN_POINT('',(23.8378293567511,-6.1,4.54402740861682));
#12407=CARTESIAN_POINT('',(23.8378293567511,-6.1,4.54402740861686));
#12408=CARTESIAN_POINT('',(23.5685853216245,-6.1,4.82798629569159));
#12409=CARTESIAN_POINT('',(23.75,-6.1,5.));
#12410=CARTESIAN_POINT('',(23.6433472318187,-6.1,5.22610879469688));
#12411=CARTESIAN_POINT('',(23.6433472318188,-6.1,5.22610879469689));
#12412=CARTESIAN_POINT('',(24.1133055363625,-6.1,5.44778241060625));
#12413=CARTESIAN_POINT('',(23.9,-6.1,5.9));
#12414=CARTESIAN_POINT('',(24.15,-6.1,6.15));
#12415=CARTESIAN_POINT('',(24.1133055363625,-5.5,5.44778241060625));
#12416=CARTESIAN_POINT('',(23.9,-5.5,5.9));
#12417=CARTESIAN_POINT('',(24.0066527681813,-5.5,5.67389120530313));
#12418=CARTESIAN_POINT('',(23.9,-5.5,5.9));
#12419=CARTESIAN_POINT('',(23.5366944636375,-5.8,5.45221758939375));
#12420=CARTESIAN_POINT('',(23.5366944636375,-5.8,5.45221758939375));
#12421=CARTESIAN_POINT('',(23.6433472318188,-5.8,5.22610879469689));
#12422=CARTESIAN_POINT('',(23.6433472318188,-5.8,5.22610879469689));
#12423=CARTESIAN_POINT('',(23.3871706432489,-5.5,4.65597259138318));
#12424=CARTESIAN_POINT('',(23.75,-5.5,5.));
#12425=CARTESIAN_POINT('',(23.5685853216245,-5.5,4.82798629569159));
#12426=CARTESIAN_POINT('',(23.75,-5.5,5.));
#12427=CARTESIAN_POINT('',(23.6564146783755,-5.8,4.37201370430841));
#12428=CARTESIAN_POINT('',(23.6564146783755,-5.8,4.37201370430841));
#12429=CARTESIAN_POINT('',(23.8378293567511,-5.8,4.54402740861686));
#12430=CARTESIAN_POINT('',(23.8378293567511,-5.8,4.54402740861686));
#12431=CARTESIAN_POINT('',(23.975,-5.5,4.2));
#12432=CARTESIAN_POINT('',(23.475,-5.5,4.2));
#12433=CARTESIAN_POINT('',(23.725,-5.5,4.2));
#12434=CARTESIAN_POINT('',(23.475,-5.5,4.2));
#12435=CARTESIAN_POINT('',(23.725,-5.8,3.3));
#12436=CARTESIAN_POINT('',(23.725,-5.8,2.8));
#12437=CARTESIAN_POINT('',(23.975,-5.8,3.3));
#12438=CARTESIAN_POINT('',(23.975,-5.8,2.8));
#12439=CARTESIAN_POINT('',(23.925,-5.8,2.8));
#12440=CARTESIAN_POINT('',(23.925,-5.65,2.8));
#12441=CARTESIAN_POINT('',(23.925,-5.95,2.8));
#12442=CARTESIAN_POINT('',(23.85,-5.95,2.8));
#12443=CARTESIAN_POINT('',(23.775,-5.95,2.8));
#12444=CARTESIAN_POINT('',(23.775,-5.8,2.8));
#12445=CARTESIAN_POINT('',(23.775,-5.65,2.8));
#12446=CARTESIAN_POINT('',(23.85,-5.65,2.8));
#12447=CARTESIAN_POINT('',(23.85,-5.8,2.8));
#12448=CARTESIAN_POINT('',(23.9668181818182,-6.07545454545454,3.21818181818182));
#12449=CARTESIAN_POINT('',(23.9668181818182,-5.52454545454545,3.21818181818182));
#12450=CARTESIAN_POINT('',(23.975,-5.8,3.3));
#12451=CARTESIAN_POINT('',(23.7331818181818,-6.07545454545454,3.21818181818182));
#12452=CARTESIAN_POINT('',(23.7331818181818,-5.52454545454545,3.21818181818182));
#12453=CARTESIAN_POINT('',(23.725,-5.8,3.3));
#12454=CARTESIAN_POINT('',(23.85,-6.1,3.3));
#12455=CARTESIAN_POINT('',(23.85,-5.5,3.3));
#12456=CARTESIAN_POINT('',(15.85,-4.4,6.55));
#12457=CARTESIAN_POINT('',(15.85,-4.4,7.9));
#12458=CARTESIAN_POINT('',(18.1,-5.2,7.6));
#12459=CARTESIAN_POINT('',(17.6,-5.25,7.65));
#12460=CARTESIAN_POINT('',(17.85,-5.2,7.65));
#12461=CARTESIAN_POINT('',(17.6,-5.05,7.6));
#12462=CARTESIAN_POINT('',(17.85,-5.,7.6));
#12463=CARTESIAN_POINT('',(18.1,-5.,7.65));
#12464=CARTESIAN_POINT('',(17.85,-5.05,7.65));
#12465=CARTESIAN_POINT('',(17.6,-4.4,8.));
#12466=CARTESIAN_POINT('',(17.6,-4.4,8.));
#12467=CARTESIAN_POINT('',(17.6,-5.,7.8));
#12468=CARTESIAN_POINT('',(17.6,-5.,7.95));
#12469=CARTESIAN_POINT('',(17.6,-4.95,7.95));
#12470=CARTESIAN_POINT('',(17.6,-4.95,8.));
#12471=CARTESIAN_POINT('',(17.6,-5.8,8.));
#12472=CARTESIAN_POINT('',(17.6,-5.8,8.));
#12473=CARTESIAN_POINT('',(17.6,-5.,7.95));
#12474=CARTESIAN_POINT('',(17.85,-5.,7.8));
#12475=CARTESIAN_POINT('',(18.1,-4.95,8.));
#12476=CARTESIAN_POINT('',(17.85,-4.95,7.95));
#12477=CARTESIAN_POINT('',(17.85,-4.4,8.));
#12478=CARTESIAN_POINT('',(17.85,-4.4,8.));
#12479=CARTESIAN_POINT('',(17.6,-6.6,7.8));
#12480=CARTESIAN_POINT('',(17.6,-6.6,7.95));
#12481=CARTESIAN_POINT('',(17.6,-7.2,8.));
#12482=CARTESIAN_POINT('',(17.6,-7.2,8.));
#12483=CARTESIAN_POINT('',(17.6,-5.8,8.));
#12484=CARTESIAN_POINT('',(17.6,-6.65,8.));
#12485=CARTESIAN_POINT('',(17.6,-6.65,7.95));
#12486=CARTESIAN_POINT('',(17.6,-5.8,8.));
#12487=CARTESIAN_POINT('',(17.85,-7.2,8.));
#12488=CARTESIAN_POINT('',(17.85,-7.2,8.));
#12489=CARTESIAN_POINT('',(17.6,-6.65,8.));
#12490=CARTESIAN_POINT('',(18.1,-6.6,7.95));
#12491=CARTESIAN_POINT('',(17.85,-6.65,7.95));
#12492=CARTESIAN_POINT('',(17.6,-6.6,7.65));
#12493=CARTESIAN_POINT('',(17.85,-6.6,7.8));
#12494=CARTESIAN_POINT('',(18.1,-6.55,7.6));
#12495=CARTESIAN_POINT('',(17.85,-6.55,7.65));
#12496=CARTESIAN_POINT('',(17.6,-6.4,7.6));
#12497=CARTESIAN_POINT('',(17.85,-6.35,7.6));
#12498=CARTESIAN_POINT('',(18.1,-6.35,7.65));
#12499=CARTESIAN_POINT('',(17.85,-6.4,7.65));
#12500=CARTESIAN_POINT('',(17.85,-6.35,7.9));
#12501=CARTESIAN_POINT('',(17.85,-6.35,7.8));
#12502=CARTESIAN_POINT('',(17.85,-5.25,7.9));
#12503=CARTESIAN_POINT('',(17.85,-5.25,7.9));
#12504=CARTESIAN_POINT('',(17.85,-5.25,7.8));
#12505=CARTESIAN_POINT('',(17.85,-5.8,8.));
#12506=CARTESIAN_POINT('',(17.85,-5.8,8.));
#12507=CARTESIAN_POINT('',(17.6274390243902,-5.57743902439025,3.12682926829268));
#12508=CARTESIAN_POINT('',(17.6,-5.55,3.2));
#12509=CARTESIAN_POINT('',(17.75,-5.7,2.8));
#12510=CARTESIAN_POINT('',(17.75,-5.8,2.8));
#12511=CARTESIAN_POINT('',(17.75,-5.9,2.8));
#12512=CARTESIAN_POINT('',(17.6274390243902,-6.02256097560976,3.12682926829268));
#12513=CARTESIAN_POINT('',(17.6,-6.05,3.2));
#12514=CARTESIAN_POINT('',(17.6,-5.8,3.2));
#12515=CARTESIAN_POINT('',(17.6,-5.8,3.2));
#12516=CARTESIAN_POINT('',(18.0725609756098,-6.02256097560976,3.12682926829268));
#12517=CARTESIAN_POINT('',(17.95,-5.9,2.8));
#12518=CARTESIAN_POINT('',(18.1,-6.05,3.2));
#12519=CARTESIAN_POINT('',(17.85,-6.05,3.2));
#12520=CARTESIAN_POINT('',(17.85,-5.9,2.8));
#12521=CARTESIAN_POINT('',(17.85,-6.05,3.2));
#12522=CARTESIAN_POINT('',(18.0725609756098,-5.57743902439025,3.12682926829268));
#12523=CARTESIAN_POINT('',(18.1,-5.55,3.2));
#12524=CARTESIAN_POINT('',(17.95,-5.7,2.8));
#12525=CARTESIAN_POINT('',(17.85,-5.7,2.8));
#12526=CARTESIAN_POINT('',(17.85,-5.55,3.2));
#12527=CARTESIAN_POINT('',(17.85,-5.55,3.2));
#12528=CARTESIAN_POINT('',(17.95,-5.8,2.8));
#12529=CARTESIAN_POINT('',(18.1,-5.8,3.2));
#12530=CARTESIAN_POINT('',(18.1,-5.8,3.2));
#12531=CARTESIAN_POINT('',(18.1,-6.05,7.4));
#12532=CARTESIAN_POINT('',(17.6,-6.05,7.4));
#12533=CARTESIAN_POINT('',(17.85,-6.05,7.4));
#12534=CARTESIAN_POINT('',(17.6,-5.55,7.4));
#12535=CARTESIAN_POINT('',(18.1,-5.55,7.4));
#12536=CARTESIAN_POINT('',(17.85,-5.55,7.4));
#12537=CARTESIAN_POINT('',(17.85,-5.8,2.8));
#12538=CARTESIAN_POINT('',(18.1,-5.8,8.));
#12539=CARTESIAN_POINT('',(17.6,-5.8,8.));
#12540=CARTESIAN_POINT('',(25.85,-7.2,7.9));
#12541=CARTESIAN_POINT('',(25.85,-4.4,7.9));
#12542=CARTESIAN_POINT('',(26.1,-6.6,7.95));
#12543=CARTESIAN_POINT('',(26.1,-6.6,7.95));
#12544=CARTESIAN_POINT('',(26.1,-6.6,7.8));
#12545=CARTESIAN_POINT('',(25.85,-6.6,7.8));
#12546=CARTESIAN_POINT('',(26.1,-7.2,8.));
#12547=CARTESIAN_POINT('',(26.1,-7.2,8.));
#12548=CARTESIAN_POINT('',(25.85,-7.2,8.));
#12549=CARTESIAN_POINT('',(25.85,-7.2,8.));
#12550=CARTESIAN_POINT('',(26.1,-6.65,7.95));
#12551=CARTESIAN_POINT('',(26.1,-6.65,8.));
#12552=CARTESIAN_POINT('',(26.1,-5.8,8.));
#12553=CARTESIAN_POINT('',(26.1,-5.8,8.));
#12554=CARTESIAN_POINT('',(25.6,-6.65,8.));
#12555=CARTESIAN_POINT('',(25.85,-6.65,7.95));
#12556=CARTESIAN_POINT('',(25.85,-5.8,8.));
#12557=CARTESIAN_POINT('',(26.1,-4.4,8.));
#12558=CARTESIAN_POINT('',(26.1,-4.4,8.));
#12559=CARTESIAN_POINT('',(25.85,-4.4,8.));
#12560=CARTESIAN_POINT('',(25.85,-4.4,8.));
#12561=CARTESIAN_POINT('',(26.1,-5.,7.8));
#12562=CARTESIAN_POINT('',(26.1,-5.,7.95));
#12563=CARTESIAN_POINT('',(25.6,-5.,7.95));
#12564=CARTESIAN_POINT('',(25.85,-5.,7.8));
#12565=CARTESIAN_POINT('',(26.1,-5.8,8.));
#12566=CARTESIAN_POINT('',(26.1,-4.95,8.));
#12567=CARTESIAN_POINT('',(26.1,-4.95,7.95));
#12568=CARTESIAN_POINT('',(26.1,-5.8,8.));
#12569=CARTESIAN_POINT('',(26.1,-4.95,8.));
#12570=CARTESIAN_POINT('',(25.85,-4.95,7.95));
#12571=CARTESIAN_POINT('',(25.85,-5.8,8.));
#12572=CARTESIAN_POINT('',(26.1,-5.55,7.4));
#12573=CARTESIAN_POINT('',(26.1,-5.55,3.2));
#12574=CARTESIAN_POINT('',(26.1,-6.05,7.4));
#12575=CARTESIAN_POINT('',(26.1,-6.05,3.2));
#12576=CARTESIAN_POINT('',(26.1,-5.8,3.2));
#12577=CARTESIAN_POINT('',(26.1,-5.8,8.));
#12578=CARTESIAN_POINT('',(25.6,-6.05,7.4));
#12579=CARTESIAN_POINT('',(25.6,-6.05,3.2));
#12580=CARTESIAN_POINT('',(25.6,-5.55,7.4));
#12581=CARTESIAN_POINT('',(25.6,-5.55,3.2));
#12582=CARTESIAN_POINT('',(25.6,-5.8,3.2));
#12583=CARTESIAN_POINT('',(25.6,-5.8,8.));
#12584=CARTESIAN_POINT('',(25.85,-5.9,2.8));
#12585=CARTESIAN_POINT('',(25.95,-5.9,2.8));
#12586=CARTESIAN_POINT('',(25.75,-5.9,2.8));
#12587=CARTESIAN_POINT('',(25.75,-5.8,2.8));
#12588=CARTESIAN_POINT('',(25.75,-5.7,2.8));
#12589=CARTESIAN_POINT('',(25.85,-5.7,2.8));
#12590=CARTESIAN_POINT('',(25.95,-5.7,2.8));
#12591=CARTESIAN_POINT('',(25.95,-5.8,2.8));
#12592=CARTESIAN_POINT('',(25.85,-5.8,2.8));
#12593=CARTESIAN_POINT('',(25.85,-5.55,3.2));
#12594=CARTESIAN_POINT('',(25.85,-5.55,7.4));
#12595=CARTESIAN_POINT('',(25.85,-6.05,3.2));
#12596=CARTESIAN_POINT('',(25.85,-6.05,7.4));
#12597=CARTESIAN_POINT('',(26.0725609756098,-6.02256097560976,3.12682926829268));
#12598=CARTESIAN_POINT('',(26.0725609756098,-5.57743902439025,3.12682926829268));
#12599=CARTESIAN_POINT('',(26.1,-5.8,3.2));
#12600=CARTESIAN_POINT('',(25.6274390243902,-5.57743902439025,3.12682926829268));
#12601=CARTESIAN_POINT('',(25.85,-5.55,3.2));
#12602=CARTESIAN_POINT('',(25.6274390243902,-6.02256097560976,3.12682926829268));
#12603=CARTESIAN_POINT('',(25.85,-6.05,3.2));
#12604=CARTESIAN_POINT('',(25.6,-5.8,3.2));
#12605=CARTESIAN_POINT('',(17.6,-6.05,7.4));
#12606=CARTESIAN_POINT('',(17.6,-6.05,7.));
#12607=CARTESIAN_POINT('',(17.6,-6.05,6.95));
#12608=CARTESIAN_POINT('',(17.85,-6.05,6.95));
#12609=CARTESIAN_POINT('',(18.1,-6.05,6.95));
#12610=CARTESIAN_POINT('',(18.1,-6.05,7.4));
#12611=CARTESIAN_POINT('',(18.1,-6.05,7.));
#12612=CARTESIAN_POINT('',(17.6,-6.05,7.));
#12613=CARTESIAN_POINT('',(17.85,-6.05,7.4));
#12614=CARTESIAN_POINT('',(18.1,-6.15,7.));
#12615=CARTESIAN_POINT('',(18.1,-6.15,7.1));
#12616=CARTESIAN_POINT('',(18.1,-6.15,7.1));
#12617=CARTESIAN_POINT('',(17.6,-6.15,7.1));
#12618=CARTESIAN_POINT('',(17.6,-6.15,7.));
#12619=CARTESIAN_POINT('',(17.85,-6.15,7.));
#12620=CARTESIAN_POINT('',(18.1,-5.8,7.1));
#12621=CARTESIAN_POINT('',(18.1,-6.2,7.1));
#12622=CARTESIAN_POINT('',(17.85,-6.2,7.1));
#12623=CARTESIAN_POINT('',(17.6,-6.2,7.1));
#12624=CARTESIAN_POINT('',(17.6,-5.8,7.1));
#12625=CARTESIAN_POINT('',(17.85,-5.8,7.1));
#12626=CARTESIAN_POINT('',(18.1,-6.45,7.35));
#12627=CARTESIAN_POINT('',(17.6,-6.45,7.35));
#12628=CARTESIAN_POINT('',(17.85,-6.2,7.1));
#12629=CARTESIAN_POINT('',(18.1,-5.8,8.));
#12630=CARTESIAN_POINT('',(17.6,-5.8,8.));
#12631=CARTESIAN_POINT('',(18.1,-4.4,8.));
#12632=CARTESIAN_POINT('',(18.1,-4.4,7.13751894661562));
#12633=CARTESIAN_POINT('',(18.1,-4.4,7.1));
#12634=CARTESIAN_POINT('',(17.85,-4.4,7.13751894661562));
#12635=CARTESIAN_POINT('',(17.6,-4.4,7.13751894661562));
#12636=CARTESIAN_POINT('',(17.6,-4.4,8.));
#12637=CARTESIAN_POINT('',(17.6,-4.4,7.1));
#12638=CARTESIAN_POINT('',(17.85,-4.4,7.1));
#12639=CARTESIAN_POINT('',(17.85,-4.4,8.));
#12640=CARTESIAN_POINT('',(18.1,-5.8,7.1));
#12641=CARTESIAN_POINT('',(18.1,-4.47807764064044,7.1));
#12642=CARTESIAN_POINT('',(18.1,-4.47807764064044,7.2));
#12643=CARTESIAN_POINT('',(18.1,-5.8,8.));
#12644=CARTESIAN_POINT('',(17.6,-4.47807764064044,7.2));
#12645=CARTESIAN_POINT('',(17.6,-4.47807764064044,7.1));
#12646=CARTESIAN_POINT('',(17.6,-5.8,7.1));
#12647=CARTESIAN_POINT('',(17.6,-5.8,8.));
#12648=CARTESIAN_POINT('',(17.85,-4.47807764064044,7.1));
#12649=CARTESIAN_POINT('',(17.85,-5.8,7.1));
#12650=CARTESIAN_POINT('',(17.85,-4.47807764064044,7.2));
#12651=CARTESIAN_POINT('',(17.6,-7.2,8.));
#12652=CARTESIAN_POINT('',(17.6,-7.2,7.13751894661562));
#12653=CARTESIAN_POINT('',(17.6,-7.2,7.1));
#12654=CARTESIAN_POINT('',(17.85,-7.2,7.13751894661562));
#12655=CARTESIAN_POINT('',(18.1,-7.2,7.13751894661562));
#12656=CARTESIAN_POINT('',(18.1,-7.2,8.));
#12657=CARTESIAN_POINT('',(18.1,-7.2,7.1));
#12658=CARTESIAN_POINT('',(17.85,-7.2,7.1));
#12659=CARTESIAN_POINT('',(17.85,-7.2,8.));
#12660=CARTESIAN_POINT('',(18.1,-7.12192235935956,7.2));
#12661=CARTESIAN_POINT('',(18.1,-7.12192235935956,7.1));
#12662=CARTESIAN_POINT('',(18.1,-5.8,7.1));
#12663=CARTESIAN_POINT('',(18.1,-5.8,8.));
#12664=CARTESIAN_POINT('',(17.6,-5.8,7.1));
#12665=CARTESIAN_POINT('',(17.6,-7.12192235935956,7.1));
#12666=CARTESIAN_POINT('',(17.6,-7.12192235935956,7.2));
#12667=CARTESIAN_POINT('',(17.6,-5.8,8.));
#12668=CARTESIAN_POINT('',(17.85,-7.12192235935956,7.1));
#12669=CARTESIAN_POINT('',(17.85,-5.8,7.1));
#12670=CARTESIAN_POINT('',(17.85,-7.12192235935956,7.2));
#12671=CARTESIAN_POINT('',(18.1,-5.55,7.4));
#12672=CARTESIAN_POINT('',(18.1,-5.55,7.));
#12673=CARTESIAN_POINT('',(18.1,-5.55,6.95));
#12674=CARTESIAN_POINT('',(17.85,-5.55,6.95));
#12675=CARTESIAN_POINT('',(17.6,-5.55,6.95));
#12676=CARTESIAN_POINT('',(17.6,-5.55,7.4));
#12677=CARTESIAN_POINT('',(17.6,-5.55,7.));
#12678=CARTESIAN_POINT('',(18.1,-5.55,7.));
#12679=CARTESIAN_POINT('',(17.85,-5.55,7.4));
#12680=CARTESIAN_POINT('',(17.6,-5.8,7.1));
#12681=CARTESIAN_POINT('',(17.6,-5.4,7.1));
#12682=CARTESIAN_POINT('',(17.6,-5.45,7.1));
#12683=CARTESIAN_POINT('',(17.85,-5.4,7.1));
#12684=CARTESIAN_POINT('',(18.1,-5.4,7.1));
#12685=CARTESIAN_POINT('',(18.1,-5.8,7.1));
#12686=CARTESIAN_POINT('',(18.1,-5.45,7.1));
#12687=CARTESIAN_POINT('',(17.6,-5.45,7.1));
#12688=CARTESIAN_POINT('',(17.85,-5.8,7.1));
#12689=CARTESIAN_POINT('',(17.6,-5.45,7.));
#12690=CARTESIAN_POINT('',(18.1,-5.45,7.));
#12691=CARTESIAN_POINT('',(17.85,-5.45,7.));
#12692=CARTESIAN_POINT('',(17.6,-5.15,7.35));
#12693=CARTESIAN_POINT('',(18.1,-5.15,7.35));
#12694=CARTESIAN_POINT('',(17.85,-5.4,7.1));
#12695=CARTESIAN_POINT('',(18.1,-5.8,8.));
#12696=CARTESIAN_POINT('',(17.6,-5.8,8.));
#12697=(
GEOMETRIC_REPRESENTATION_CONTEXT(3)
GLOBAL_UNCERTAINTY_ASSIGNED_CONTEXT((#12698))
GLOBAL_UNIT_ASSIGNED_CONTEXT((#12704,#12700,#12699))
REPRESENTATION_CONTEXT('37203-62B3-003 PL step',
'TOP_LEVEL_ASSEMBLY_PART')
);
#12698=UNCERTAINTY_MEASURE_WITH_UNIT(LENGTH_MEASURE(2.E-005),#12704,
'DISTANCE_ACCURACY_VALUE','Maximum Tolerance applied to model');
#12699=(
NAMED_UNIT(*)
SI_UNIT($,.STERADIAN.)
SOLID_ANGLE_UNIT()
);
#12700=(
CONVERSION_BASED_UNIT('DEGREE',#12702)
NAMED_UNIT(#12701)
PLANE_ANGLE_UNIT()
);
#12701=DIMENSIONAL_EXPONENTS(0.,0.,0.,0.,0.,0.,0.);
#12702=PLANE_ANGLE_MEASURE_WITH_UNIT(PLANE_ANGLE_MEASURE(0.0174532925),#12703);
#12703=(
NAMED_UNIT(*)
PLANE_ANGLE_UNIT()
SI_UNIT($,.RADIAN.)
);
#12704=(
LENGTH_UNIT()
NAMED_UNIT(*)
SI_UNIT(.MILLI.,.METRE.)
);
ENDSEC;
END-ISO-10303-21;
